phase,alpha,beta,cv_mse,cv_r2,evaluation,reuse_alpha,clipped_count,seed_index
coarse_grid,1.0,0.1,13090.030493081154,-0.19684434761844183,evaluated,,12637,
coarse_grid,1.0,0.11455149701087121,12987.962768474701,-0.1882798483627156,evaluated,,12576,
coarse_grid,1.0,0.13122045467431637,12926.575858549117,-0.19382614761411887,evaluated,,12001,
coarse_grid,1.0,0.1503149952139011,12468.582607535809,-0.1739069343899574,evaluated,,8990,
coarse_grid,1.0,0.17218807724934312,6428.432457854748,0.3932645728799099,evaluated,,4274,
coarse_grid,1.0,0.1972440201633579,5004.595291113432,0.5304819026033849,evaluated,,2461,
coarse_grid,1.0,0.22594597786155107,4644.445231123638,0.562590154694991,evaluated,,764,
coarse_grid,1.0,0.2588245000762584,4572.872250953332,0.5703045881037785,evaluated,,301,
coarse_grid,1.0,0.29648733946825756,4581.647236108802,0.5695436520833717,evaluated,,163,
coarse_grid,1.0,0.3396306858085926,4566.344888201749,0.5708573884275471,evaluated,,0,
coarse_grid,1.0,0.3890520349020314,4579.768127027056,0.5696993430954445,evaluated,,0,
coarse_grid,1.0,0.445664930131534,4583.958206415071,0.5693221344800641,evaluated,,0,
coarse_grid,1.0,0.5105158491181254,4577.021189787421,0.5699467488246939,evaluated,,0,
coarse_grid,1.0,0.5848035476425733,4575.116338888024,0.5701072729811059,evaluated,,0,
coarse_grid,1.0,0.6,4577.245579522564,0.5699292610259447,evaluated,,0,
coarse_grid,1.0,0.669901218397251,4572.918212238786,0.5703052017437605,evaluated,,0,
coarse_grid,1.0,0.7673818741681168,4568.383250402097,0.5706894510114469,evaluated,,0,
coarse_grid,1.0,0.8790474246496578,4574.498842221616,0.5701630334491959,evaluated,,0,
coarse_grid,1.0,1.0069619843716933,4577.317623906374,0.5699200349553168,evaluated,,0,
coarse_grid,1.0,1.1,4580.936628080302,0.5696097149306537,evaluated,,0,
coarse_grid,1.0,1.1534900274281497,4576.564151894321,0.5699913288619863,evaluated,,0,
coarse_grid,1.0,1.3213400942900544,4567.389184066557,0.5707762528129745,evaluated,,0,
coarse_grid,1.0,1.5136148586141145,4581.013432143584,0.5696080096178608,evaluated,,0,
coarse_grid,1.0,1.6,4577.071867816016,0.5699305401830013,evaluated,,0,
coarse_grid,1.0,1.733868479521449,4576.673091886607,0.5699714615082974,evaluated,,0,
coarse_grid,1.0,1.9861722994914508,4577.44632980914,0.5699133827387846,evaluated,,0,
coarse_grid,1.0,2.1,4576.586725323683,0.5699994373239499,evaluated,,0,
coarse_grid,1.0,2.2751901022827012,4577.542748622963,0.5699072194737715,evaluated,,0,
coarse_grid,1.0,2.6,4589.42609285825,0.5688408372629263,evaluated,,0,
coarse_grid,1.0,2.6062643220080064,4576.360811888584,0.5700157928185348,evaluated,,0,
coarse_grid,1.0,2.9855147969204046,4576.8980115857985,0.569957098936243,evaluated,,0,
coarse_grid,1.0,3.1,4581.646903894092,0.569547549028695,evaluated,,0,
coarse_grid,1.0,3.419951893353395,4584.758082272656,0.5692914029467351,evaluated,,0,
coarse_grid,1.0,3.6,4568.763927941906,0.5706859633818366,evaluated,,0,
coarse_grid,1.0,3.9176060908879475,4577.961028219671,0.5698524921430029,evaluated,,0,
coarse_grid,1.0,4.1,4577.672424398739,0.5698851906785205,evaluated,,0,
coarse_grid,1.0,4.487676424101213,4568.370022664341,0.5707672244058258,evaluated,,0,
coarse_grid,1.0,4.6,4593.485426173872,0.5682910161295194,evaluated,,0,
coarse_grid,1.0,5.1,4596.6490669500445,0.5679509570721601,evaluated,,0,
coarse_grid,1.0,5.140700524811874,4572.450516606108,0.5703428897819836,evaluated,,0,
coarse_grid,1.0,5.6,4573.671300044352,0.5702761723776025,evaluated,,0,
coarse_grid,1.0,5.8887494080177145,4601.1173149810165,0.5675300986009386,evaluated,,0,
coarse_grid,1.0,6.1,4576.707464252604,0.5699530573494697,evaluated,,0,
coarse_grid,1.0,6.6,4575.2163378939495,0.570071942578345,evaluated,,0,
coarse_grid,1.0,6.745650602103109,4600.6788486409805,0.5675177035174679,evaluated,,0,
coarse_grid,1.0,7.1,4603.928269920944,0.5671909481973678,evaluated,,0,
coarse_grid,1.0,7.6,4574.748486362678,0.5701172234724339,evaluated,,0,
coarse_grid,1.0,7.727243747831959,4604.690644676204,0.5671216815917073,evaluated,,0,
coarse_grid,1.0,8.1,4604.690644676204,0.5671216815917073,evaluated,,0,
coarse_grid,1.0,8.6,4606.203898520662,0.5669697150737116,evaluated,,0,
coarse_grid,1.0,8.851673390820459,4591.896638984754,0.5684024832522474,evaluated,,0,
coarse_grid,1.0,9.1,4594.404189547808,0.56814860885031,evaluated,,0,
coarse_grid,1.0,9.6,4600.922579498783,0.5675258967399553,evaluated,,0,
coarse_grid,1.0,10.1,4599.069925463199,0.5676787814331805,evaluated,,0,
coarse_grid,1.0,10.13972437969778,4584.790199844871,0.5691455987390126,evaluated,,0,
coarse_grid,1.0,10.6,4584.449351006083,0.5691735421809102,evaluated,,0,
coarse_grid,1.0,11.1,4571.083296668919,0.5704831172583037,evaluated,,0,
coarse_grid,1.0,11.6,4594.244217949093,0.5681483140474841,evaluated,,0,
coarse_grid,1.0,11.615206069720077,4572.422296055343,0.5703380219380316,evaluated,,0,
coarse_grid,1.0,12.1,4585.48582071135,0.5690443545933693,evaluated,,0,
coarse_grid,1.0,12.6,4568.319951219067,0.5707384460638526,evaluated,,0,
coarse_grid,1.0,13.1,4574.310469676013,0.5701407192726785,evaluated,,0,
coarse_grid,1.0,13.305392433761932,4599.404478329339,0.5676587504815969,evaluated,,0,
coarse_grid,1.0,13.6,4574.930273684808,0.5701122144842878,evaluated,,0,
coarse_grid,1.0,14.1,4576.615408288283,0.5699594643995101,evaluated,,0,
coarse_grid,1.0,14.6,4578.062718802941,0.5697882135055545,evaluated,,0,
coarse_grid,1.0,15.1,4578.8001904400735,0.5697055205469229,evaluated,,0,
coarse_grid,1.0,15.241526216045477,4579.468054763686,0.5696468465641402,evaluated,,0,
coarse_grid,1.0,15.6,4575.344537843187,0.5700596498289199,evaluated,,0,
coarse_grid,1.0,16.1,4579.468054763686,0.5696468465641403,evaluated,,0,
coarse_grid,1.0,16.6,4576.760238383685,0.5698804410338929,evaluated,,0,
coarse_grid,1.0,17.1,4583.3390018053815,0.569227676276133,evaluated,,0,
coarse_grid,1.0,17.459396447784496,4617.047151091313,0.5659028381038784,evaluated,,0,
coarse_grid,1.0,17.6,4578.218888331086,0.5697711325814618,evaluated,,0,
coarse_grid,1.0,18.1,4603.638262790091,0.5671684166446114,evaluated,,0,
coarse_grid,1.0,18.6,4576.180366888808,0.5699361649927415,evaluated,,0,
coarse_grid,1.0,19.1,4601.160385029961,0.5673769142573142,evaluated,,0,
coarse_grid,1.0,19.6,4602.145169185157,0.5673110246705817,evaluated,,0,
coarse_grid,1.0,20.000000000000004,4599.3996525604625,0.5675478518364854,evaluated,,0,
coarse_grid,1.2,0.1,13088.61832484424,-0.19669632425696493,evaluated,,12649,
coarse_grid,1.2,0.11455149701087121,13088.155171025823,-0.19665661004348334,evaluated,,12647,
coarse_grid,1.2,0.13122045467431637,13096.063923883143,-0.19744835142899997,evaluated,,12613,
coarse_grid,1.2,0.1503149952139011,12427.907854791007,-0.1399277275010966,evaluated,,12314,
coarse_grid,1.2,0.17218807724934312,13296.454014157605,-0.24598851591547577,evaluated,,10206,
coarse_grid,1.2,0.1972440201633579,8988.487410520467,0.15094497618311498,evaluated,,5663,
coarse_grid,1.2,0.22594597786155107,5034.195238930954,0.527164329657144,evaluated,,3088,
coarse_grid,1.2,0.2588245000762584,4801.97329043531,0.5475229055628021,evaluated,,1244,
coarse_grid,1.2,0.29648733946825756,4577.340510881066,0.5699150584001323,evaluated,,314,
coarse_grid,1.2,0.3396306858085926,4564.064114940913,0.5710608043160065,evaluated,,263,
coarse_grid,1.2,0.3890520349020314,4579.728561617701,0.569702735724526,evaluated,,3,
coarse_grid,1.2,0.445664930131534,4583.958206415071,0.5693221344800641,positive_alpha_scaling_without_clipping,1.0,0,
coarse_grid,1.2,0.5105158491181254,4577.021189787421,0.5699467488246939,positive_alpha_scaling_without_clipping,1.0,0,
coarse_grid,1.2,0.5848035476425733,4575.116338888024,0.5701072729811059,positive_alpha_scaling_without_clipping,1.0,0,
coarse_grid,1.2,0.6,4577.245579522564,0.5699292610259447,positive_alpha_scaling_without_clipping,1.0,0,
coarse_grid,1.2,0.669901218397251,4572.918212238786,0.5703052017437605,positive_alpha_scaling_without_clipping,1.0,0,
coarse_grid,1.2,0.7673818741681168,4568.383250402097,0.5706894510114469,positive_alpha_scaling_without_clipping,1.0,0,
coarse_grid,1.2,0.8790474246496578,4574.498842221616,0.5701630334491959,positive_alpha_scaling_without_clipping,1.0,0,
coarse_grid,1.2,1.0069619843716933,4577.317623906374,0.5699200349553168,positive_alpha_scaling_without_clipping,1.0,0,
coarse_grid,1.2,1.1,4580.936628080302,0.5696097149306537,positive_alpha_scaling_without_clipping,1.0,0,
coarse_grid,1.2,1.1534900274281497,4576.564151894321,0.5699913288619863,positive_alpha_scaling_without_clipping,1.0,0,
coarse_grid,1.2,1.3213400942900544,4567.389184066557,0.5707762528129745,positive_alpha_scaling_without_clipping,1.0,0,
coarse_grid,1.2,1.5136148586141145,4581.013432143584,0.5696080096178608,positive_alpha_scaling_without_clipping,1.0,0,
coarse_grid,1.2,1.6,4577.071867816016,0.5699305401830013,positive_alpha_scaling_without_clipping,1.0,0,
coarse_grid,1.2,1.733868479521449,4576.673091886607,0.5699714615082974,positive_alpha_scaling_without_clipping,1.0,0,
coarse_grid,1.2,1.9861722994914508,4577.44632980914,0.5699133827387846,positive_alpha_scaling_without_clipping,1.0,0,
coarse_grid,1.2,2.1,4576.586725323683,0.5699994373239499,positive_alpha_scaling_without_clipping,1.0,0,
coarse_grid,1.2,2.2751901022827012,4577.542748622963,0.5699072194737715,positive_alpha_scaling_without_clipping,1.0,0,
coarse_grid,1.2,2.6,4589.42609285825,0.5688408372629263,positive_alpha_scaling_without_clipping,1.0,0,
coarse_grid,1.2,2.6062643220080064,4576.360811888584,0.5700157928185348,positive_alpha_scaling_without_clipping,1.0,0,
coarse_grid,1.2,2.9855147969204046,4576.8980115857985,0.569957098936243,positive_alpha_scaling_without_clipping,1.0,0,
coarse_grid,1.2,3.1,4581.646903894092,0.569547549028695,positive_alpha_scaling_without_clipping,1.0,0,
coarse_grid,1.2,3.419951893353395,4584.758082272656,0.5692914029467351,positive_alpha_scaling_without_clipping,1.0,0,
coarse_grid,1.2,3.6,4568.763927941906,0.5706859633818366,positive_alpha_scaling_without_clipping,1.0,0,
coarse_grid,1.2,3.9176060908879475,4577.961028219671,0.5698524921430029,positive_alpha_scaling_without_clipping,1.0,0,
coarse_grid,1.2,4.1,4577.672424398739,0.5698851906785205,positive_alpha_scaling_without_clipping,1.0,0,
coarse_grid,1.2,4.487676424101213,4568.370022664341,0.5707672244058258,positive_alpha_scaling_without_clipping,1.0,0,
coarse_grid,1.2,4.6,4593.485426173872,0.5682910161295194,positive_alpha_scaling_without_clipping,1.0,0,
coarse_grid,1.2,5.1,4596.6490669500445,0.5679509570721601,positive_alpha_scaling_without_clipping,1.0,0,
coarse_grid,1.2,5.140700524811874,4572.450516606108,0.5703428897819836,positive_alpha_scaling_without_clipping,1.0,0,
coarse_grid,1.2,5.6,4573.671300044352,0.5702761723776025,positive_alpha_scaling_without_clipping,1.0,0,
coarse_grid,1.2,5.8887494080177145,4601.1173149810165,0.5675300986009386,positive_alpha_scaling_without_clipping,1.0,0,
coarse_grid,1.2,6.1,4576.707464252604,0.5699530573494697,positive_alpha_scaling_without_clipping,1.0,0,
coarse_grid,1.2,6.6,4575.2163378939495,0.570071942578345,positive_alpha_scaling_without_clipping,1.0,0,
coarse_grid,1.2,6.745650602103109,4600.6788486409805,0.5675177035174679,positive_alpha_scaling_without_clipping,1.0,0,
coarse_grid,1.2,7.1,4603.928269920944,0.5671909481973678,positive_alpha_scaling_without_clipping,1.0,0,
coarse_grid,1.2,7.6,4574.748486362678,0.5701172234724339,positive_alpha_scaling_without_clipping,1.0,0,
coarse_grid,1.2,7.727243747831959,4604.690644676204,0.5671216815917073,positive_alpha_scaling_without_clipping,1.0,0,
coarse_grid,1.2,8.1,4604.690644676204,0.5671216815917073,positive_alpha_scaling_without_clipping,1.0,0,
coarse_grid,1.2,8.6,4606.203898520662,0.5669697150737116,positive_alpha_scaling_without_clipping,1.0,0,
coarse_grid,1.2,8.851673390820459,4591.896638984754,0.5684024832522474,positive_alpha_scaling_without_clipping,1.0,0,
coarse_grid,1.2,9.1,4594.404189547808,0.56814860885031,positive_alpha_scaling_without_clipping,1.0,0,
coarse_grid,1.2,9.6,4600.922579498783,0.5675258967399553,positive_alpha_scaling_without_clipping,1.0,0,
coarse_grid,1.2,10.1,4599.069925463199,0.5676787814331805,positive_alpha_scaling_without_clipping,1.0,0,
coarse_grid,1.2,10.13972437969778,4584.790199844871,0.5691455987390126,positive_alpha_scaling_without_clipping,1.0,0,
coarse_grid,1.2,10.6,4584.449351006083,0.5691735421809102,positive_alpha_scaling_without_clipping,1.0,0,
coarse_grid,1.2,11.1,4571.083296668919,0.5704831172583037,positive_alpha_scaling_without_clipping,1.0,0,
coarse_grid,1.2,11.6,4594.244217949093,0.5681483140474841,positive_alpha_scaling_without_clipping,1.0,0,
coarse_grid,1.2,11.615206069720077,4572.422296055343,0.5703380219380316,positive_alpha_scaling_without_clipping,1.0,0,
coarse_grid,1.2,12.1,4585.48582071135,0.5690443545933693,positive_alpha_scaling_without_clipping,1.0,0,
coarse_grid,1.2,12.6,4568.319951219067,0.5707384460638526,positive_alpha_scaling_without_clipping,1.0,0,
coarse_grid,1.2,13.1,4574.310469676013,0.5701407192726785,positive_alpha_scaling_without_clipping,1.0,0,
coarse_grid,1.2,13.305392433761932,4599.404478329339,0.5676587504815969,positive_alpha_scaling_without_clipping,1.0,0,
coarse_grid,1.2,13.6,4574.930273684808,0.5701122144842878,positive_alpha_scaling_without_clipping,1.0,0,
coarse_grid,1.2,14.1,4576.615408288283,0.5699594643995101,positive_alpha_scaling_without_clipping,1.0,0,
coarse_grid,1.2,14.6,4578.062718802941,0.5697882135055545,positive_alpha_scaling_without_clipping,1.0,0,
coarse_grid,1.2,15.1,4578.8001904400735,0.5697055205469229,positive_alpha_scaling_without_clipping,1.0,0,
coarse_grid,1.2,15.241526216045477,4579.468054763686,0.5696468465641402,positive_alpha_scaling_without_clipping,1.0,0,
coarse_grid,1.2,15.6,4575.344537843187,0.5700596498289199,positive_alpha_scaling_without_clipping,1.0,0,
coarse_grid,1.2,16.1,4579.468054763686,0.5696468465641403,positive_alpha_scaling_without_clipping,1.0,0,
coarse_grid,1.2,16.6,4576.760238383685,0.5698804410338929,positive_alpha_scaling_without_clipping,1.0,0,
coarse_grid,1.2,17.1,4583.3390018053815,0.569227676276133,positive_alpha_scaling_without_clipping,1.0,0,
coarse_grid,1.2,17.459396447784496,4617.047151091313,0.5659028381038784,positive_alpha_scaling_without_clipping,1.0,0,
coarse_grid,1.2,17.6,4578.218888331086,0.5697711325814618,positive_alpha_scaling_without_clipping,1.0,0,
coarse_grid,1.2,18.1,4603.638262790091,0.5671684166446114,positive_alpha_scaling_without_clipping,1.0,0,
coarse_grid,1.2,18.6,4576.180366888808,0.5699361649927415,positive_alpha_scaling_without_clipping,1.0,0,
coarse_grid,1.2,19.1,4601.160385029961,0.5673769142573142,positive_alpha_scaling_without_clipping,1.0,0,
coarse_grid,1.2,19.6,4602.145169185157,0.5673110246705817,positive_alpha_scaling_without_clipping,1.0,0,
coarse_grid,1.2,20.000000000000004,4599.3996525604625,0.5675478518364854,positive_alpha_scaling_without_clipping,1.0,0,
coarse_grid,1.4,0.1,13089.128737976533,-0.19674009083146693,evaluated,,12651,
coarse_grid,1.4,0.11455149701087121,13088.672503445117,-0.19670096992852326,evaluated,,12650,
coarse_grid,1.4,0.13122045467431637,13088.186370731852,-0.19665928533565735,evaluated,,12648,
coarse_grid,1.4,0.1503149952139011,13095.712646973832,-0.19741318526919016,evaluated,,12615,
coarse_grid,1.4,0.17218807724934312,12710.602918482575,-0.16445112772538206,evaluated,,12478,
coarse_grid,1.4,0.1972440201633579,13608.41354210868,-0.2730877311322185,evaluated,,10736,
coarse_grid,1.4,0.22594597786155107,9992.918714830366,0.05587278380602401,evaluated,,6336,
coarse_grid,1.4,0.2588245000762584,5038.502670995432,0.526348668456488,evaluated,,3246,
coarse_grid,1.4,0.29648733946825756,4858.952150442695,0.5422482459177296,evaluated,,1448,
coarse_grid,1.4,0.3396306858085926,4561.533165312501,0.571348176525164,evaluated,,353,
coarse_grid,1.4,0.3890520349020314,4579.512354155655,0.5696793124414172,evaluated,,287,
coarse_grid,1.4,0.445664930131534,4583.992066851946,0.5693192310372657,evaluated,,43,
coarse_grid,1.4,0.5105158491181254,4577.021189787421,0.5699467488246939,positive_alpha_scaling_without_clipping,1.0,0,
coarse_grid,1.4,0.5848035476425733,4575.116338888024,0.5701072729811059,positive_alpha_scaling_without_clipping,1.0,0,
coarse_grid,1.4,0.6,4577.245579522564,0.5699292610259447,positive_alpha_scaling_without_clipping,1.0,0,
coarse_grid,1.4,0.669901218397251,4572.918212238786,0.5703052017437605,positive_alpha_scaling_without_clipping,1.0,0,
coarse_grid,1.4,0.7673818741681168,4568.383250402097,0.5706894510114469,positive_alpha_scaling_without_clipping,1.0,0,
coarse_grid,1.4,0.8790474246496578,4574.498842221616,0.5701630334491959,positive_alpha_scaling_without_clipping,1.0,0,
coarse_grid,1.4,1.0069619843716933,4577.317623906374,0.5699200349553168,positive_alpha_scaling_without_clipping,1.0,0,
coarse_grid,1.4,1.1,4580.936628080302,0.5696097149306537,positive_alpha_scaling_without_clipping,1.0,0,
coarse_grid,1.4,1.1534900274281497,4576.564151894321,0.5699913288619863,positive_alpha_scaling_without_clipping,1.0,0,
coarse_grid,1.4,1.3213400942900544,4567.389184066557,0.5707762528129745,positive_alpha_scaling_without_clipping,1.0,0,
coarse_grid,1.4,1.5136148586141145,4581.013432143584,0.5696080096178608,positive_alpha_scaling_without_clipping,1.0,0,
coarse_grid,1.4,1.6,4577.071867816016,0.5699305401830013,positive_alpha_scaling_without_clipping,1.0,0,
coarse_grid,1.4,1.733868479521449,4576.673091886607,0.5699714615082974,positive_alpha_scaling_without_clipping,1.0,0,
coarse_grid,1.4,1.9861722994914508,4577.44632980914,0.5699133827387846,positive_alpha_scaling_without_clipping,1.0,0,
coarse_grid,1.4,2.1,4576.586725323683,0.5699994373239499,positive_alpha_scaling_without_clipping,1.0,0,
coarse_grid,1.4,2.2751901022827012,4577.542748622963,0.5699072194737715,positive_alpha_scaling_without_clipping,1.0,0,
coarse_grid,1.4,2.6,4589.42609285825,0.5688408372629263,positive_alpha_scaling_without_clipping,1.0,0,
coarse_grid,1.4,2.6062643220080064,4576.360811888584,0.5700157928185348,positive_alpha_scaling_without_clipping,1.0,0,
coarse_grid,1.4,2.9855147969204046,4576.8980115857985,0.569957098936243,positive_alpha_scaling_without_clipping,1.0,0,
coarse_grid,1.4,3.1,4581.646903894092,0.569547549028695,positive_alpha_scaling_without_clipping,1.0,0,
coarse_grid,1.4,3.419951893353395,4584.758082272656,0.5692914029467351,positive_alpha_scaling_without_clipping,1.0,0,
coarse_grid,1.4,3.6,4568.763927941906,0.5706859633818366,positive_alpha_scaling_without_clipping,1.0,0,
coarse_grid,1.4,3.9176060908879475,4577.961028219671,0.5698524921430029,positive_alpha_scaling_without_clipping,1.0,0,
coarse_grid,1.4,4.1,4577.672424398739,0.5698851906785205,positive_alpha_scaling_without_clipping,1.0,0,
coarse_grid,1.4,4.487676424101213,4568.370022664341,0.5707672244058258,positive_alpha_scaling_without_clipping,1.0,0,
coarse_grid,1.4,4.6,4593.485426173872,0.5682910161295194,positive_alpha_scaling_without_clipping,1.0,0,
coarse_grid,1.4,5.1,4596.6490669500445,0.5679509570721601,positive_alpha_scaling_without_clipping,1.0,0,
coarse_grid,1.4,5.140700524811874,4572.450516606108,0.5703428897819836,positive_alpha_scaling_without_clipping,1.0,0,
coarse_grid,1.4,5.6,4573.671300044352,0.5702761723776025,positive_alpha_scaling_without_clipping,1.0,0,
coarse_grid,1.4,5.8887494080177145,4601.1173149810165,0.5675300986009386,positive_alpha_scaling_without_clipping,1.0,0,
coarse_grid,1.4,6.1,4576.707464252604,0.5699530573494697,positive_alpha_scaling_without_clipping,1.0,0,
coarse_grid,1.4,6.6,4575.2163378939495,0.570071942578345,positive_alpha_scaling_without_clipping,1.0,0,
coarse_grid,1.4,6.745650602103109,4600.6788486409805,0.5675177035174679,positive_alpha_scaling_without_clipping,1.0,0,
coarse_grid,1.4,7.1,4603.928269920944,0.5671909481973678,positive_alpha_scaling_without_clipping,1.0,0,
coarse_grid,1.4,7.6,4574.748486362678,0.5701172234724339,positive_alpha_scaling_without_clipping,1.0,0,
coarse_grid,1.4,7.727243747831959,4604.690644676204,0.5671216815917073,positive_alpha_scaling_without_clipping,1.0,0,
coarse_grid,1.4,8.1,4604.690644676204,0.5671216815917073,positive_alpha_scaling_without_clipping,1.0,0,
coarse_grid,1.4,8.6,4606.203898520662,0.5669697150737116,positive_alpha_scaling_without_clipping,1.0,0,
coarse_grid,1.4,8.851673390820459,4591.896638984754,0.5684024832522474,positive_alpha_scaling_without_clipping,1.0,0,
coarse_grid,1.4,9.1,4594.404189547808,0.56814860885031,positive_alpha_scaling_without_clipping,1.0,0,
coarse_grid,1.4,9.6,4600.922579498783,0.5675258967399553,positive_alpha_scaling_without_clipping,1.0,0,
coarse_grid,1.4,10.1,4599.069925463199,0.5676787814331805,positive_alpha_scaling_without_clipping,1.0,0,
coarse_grid,1.4,10.13972437969778,4584.790199844871,0.5691455987390126,positive_alpha_scaling_without_clipping,1.0,0,
coarse_grid,1.4,10.6,4584.449351006083,0.5691735421809102,positive_alpha_scaling_without_clipping,1.0,0,
coarse_grid,1.4,11.1,4571.083296668919,0.5704831172583037,positive_alpha_scaling_without_clipping,1.0,0,
coarse_grid,1.4,11.6,4594.244217949093,0.5681483140474841,positive_alpha_scaling_without_clipping,1.0,0,
coarse_grid,1.4,11.615206069720077,4572.422296055343,0.5703380219380316,positive_alpha_scaling_without_clipping,1.0,0,
coarse_grid,1.4,12.1,4585.48582071135,0.5690443545933693,positive_alpha_scaling_without_clipping,1.0,0,
coarse_grid,1.4,12.6,4568.319951219067,0.5707384460638526,positive_alpha_scaling_without_clipping,1.0,0,
coarse_grid,1.4,13.1,4574.310469676013,0.5701407192726785,positive_alpha_scaling_without_clipping,1.0,0,
coarse_grid,1.4,13.305392433761932,4599.404478329339,0.5676587504815969,positive_alpha_scaling_without_clipping,1.0,0,
coarse_grid,1.4,13.6,4574.930273684808,0.5701122144842878,positive_alpha_scaling_without_clipping,1.0,0,
coarse_grid,1.4,14.1,4576.615408288283,0.5699594643995101,positive_alpha_scaling_without_clipping,1.0,0,
coarse_grid,1.4,14.6,4578.062718802941,0.5697882135055545,positive_alpha_scaling_without_clipping,1.0,0,
coarse_grid,1.4,15.1,4578.8001904400735,0.5697055205469229,positive_alpha_scaling_without_clipping,1.0,0,
coarse_grid,1.4,15.241526216045477,4579.468054763686,0.5696468465641402,positive_alpha_scaling_without_clipping,1.0,0,
coarse_grid,1.4,15.6,4575.344537843187,0.5700596498289199,positive_alpha_scaling_without_clipping,1.0,0,
coarse_grid,1.4,16.1,4579.468054763686,0.5696468465641403,positive_alpha_scaling_without_clipping,1.0,0,
coarse_grid,1.4,16.6,4576.760238383685,0.5698804410338929,positive_alpha_scaling_without_clipping,1.0,0,
coarse_grid,1.4,17.1,4583.3390018053815,0.569227676276133,positive_alpha_scaling_without_clipping,1.0,0,
coarse_grid,1.4,17.459396447784496,4617.047151091313,0.5659028381038784,positive_alpha_scaling_without_clipping,1.0,0,
coarse_grid,1.4,17.6,4578.218888331086,0.5697711325814618,positive_alpha_scaling_without_clipping,1.0,0,
coarse_grid,1.4,18.1,4603.638262790091,0.5671684166446114,positive_alpha_scaling_without_clipping,1.0,0,
coarse_grid,1.4,18.6,4576.180366888808,0.5699361649927415,positive_alpha_scaling_without_clipping,1.0,0,
coarse_grid,1.4,19.1,4601.160385029961,0.5673769142573142,positive_alpha_scaling_without_clipping,1.0,0,
coarse_grid,1.4,19.6,4602.145169185157,0.5673110246705817,positive_alpha_scaling_without_clipping,1.0,0,
coarse_grid,1.4,20.000000000000004,4599.3996525604625,0.5675478518364854,positive_alpha_scaling_without_clipping,1.0,0,
coarse_grid,1.5999999999999999,0.1,13089.609186145717,-0.19678081231126388,evaluated,,12652,
coarse_grid,1.5999999999999999,0.11455149701087121,13089.119012900559,-0.1967392569319546,evaluated,,12651,
coarse_grid,1.5999999999999999,0.13122045467431637,13088.665696606991,-0.19670038626017872,evaluated,,12650,
coarse_grid,1.5999999999999999,0.1503149952139011,13088.177154071285,-0.19665849503141986,evaluated,,12648,
coarse_grid,1.5999999999999999,0.17218807724934312,13095.712646973832,-0.19741318526919016,evaluated,,12615,
coarse_grid,1.5999999999999999,0.1972440201633579,12578.498682373809,-0.15310838943671934,evaluated,,12408,
coarse_grid,1.5999999999999999,0.22594597786155107,13605.10767186348,-0.2728042615127543,evaluated,,10736,
coarse_grid,1.5999999999999999,0.2588245000762584,9976.684524405271,0.05729547431895554,evaluated,,6336,
coarse_grid,1.5999999999999999,0.29648733946825756,5043.931875351453,0.5258653617507192,evaluated,,3246,
coarse_grid,1.5999999999999999,0.3396306858085926,4805.351396242401,0.54730168129323,evaluated,,1368,
coarse_grid,1.5999999999999999,0.3890520349020314,4574.32892215512,0.5701704166327192,evaluated,,353,
coarse_grid,1.5999999999999999,0.445664930131534,4581.7763729022445,0.5695038436943297,evaluated,,281,
coarse_grid,1.5999999999999999,0.5105158491181254,4576.890364051856,0.5699606089687035,evaluated,,43,
coarse_grid,1.5999999999999999,0.5848035476425733,4575.116338888024,0.5701072729811059,positive_alpha_scaling_without_clipping,1.0,0,
coarse_grid,1.5999999999999999,0.6,4577.245579522564,0.5699292610259447,positive_alpha_scaling_without_clipping,1.0,0,
coarse_grid,1.5999999999999999,0.669901218397251,4572.918212238786,0.5703052017437605,positive_alpha_scaling_without_clipping,1.0,0,
coarse_grid,1.5999999999999999,0.7673818741681168,4568.383250402097,0.5706894510114469,positive_alpha_scaling_without_clipping,1.0,0,
coarse_grid,1.5999999999999999,0.8790474246496578,4574.498842221616,0.5701630334491959,positive_alpha_scaling_without_clipping,1.0,0,
coarse_grid,1.5999999999999999,1.0069619843716933,4577.317623906374,0.5699200349553168,positive_alpha_scaling_without_clipping,1.0,0,
coarse_grid,1.5999999999999999,1.1,4580.936628080302,0.5696097149306537,positive_alpha_scaling_without_clipping,1.0,0,
coarse_grid,1.5999999999999999,1.1534900274281497,4576.564151894321,0.5699913288619863,positive_alpha_scaling_without_clipping,1.0,0,
coarse_grid,1.5999999999999999,1.3213400942900544,4567.389184066557,0.5707762528129745,positive_alpha_scaling_without_clipping,1.0,0,
coarse_grid,1.5999999999999999,1.5136148586141145,4581.013432143584,0.5696080096178608,positive_alpha_scaling_without_clipping,1.0,0,
coarse_grid,1.5999999999999999,1.6,4577.071867816016,0.5699305401830013,positive_alpha_scaling_without_clipping,1.0,0,
coarse_grid,1.5999999999999999,1.733868479521449,4576.673091886607,0.5699714615082974,positive_alpha_scaling_without_clipping,1.0,0,
coarse_grid,1.5999999999999999,1.9861722994914508,4577.44632980914,0.5699133827387846,positive_alpha_scaling_without_clipping,1.0,0,
coarse_grid,1.5999999999999999,2.1,4576.586725323683,0.5699994373239499,positive_alpha_scaling_without_clipping,1.0,0,
coarse_grid,1.5999999999999999,2.2751901022827012,4577.542748622963,0.5699072194737715,positive_alpha_scaling_without_clipping,1.0,0,
coarse_grid,1.5999999999999999,2.6,4589.42609285825,0.5688408372629263,positive_alpha_scaling_without_clipping,1.0,0,
coarse_grid,1.5999999999999999,2.6062643220080064,4576.360811888584,0.5700157928185348,positive_alpha_scaling_without_clipping,1.0,0,
coarse_grid,1.5999999999999999,2.9855147969204046,4576.8980115857985,0.569957098936243,positive_alpha_scaling_without_clipping,1.0,0,
coarse_grid,1.5999999999999999,3.1,4581.646903894092,0.569547549028695,positive_alpha_scaling_without_clipping,1.0,0,
coarse_grid,1.5999999999999999,3.419951893353395,4584.758082272656,0.5692914029467351,positive_alpha_scaling_without_clipping,1.0,0,
coarse_grid,1.5999999999999999,3.6,4568.763927941906,0.5706859633818366,positive_alpha_scaling_without_clipping,1.0,0,
coarse_grid,1.5999999999999999,3.9176060908879475,4577.961028219671,0.5698524921430029,positive_alpha_scaling_without_clipping,1.0,0,
coarse_grid,1.5999999999999999,4.1,4577.672424398739,0.5698851906785205,positive_alpha_scaling_without_clipping,1.0,0,
coarse_grid,1.5999999999999999,4.487676424101213,4568.370022664341,0.5707672244058258,positive_alpha_scaling_without_clipping,1.0,0,
coarse_grid,1.5999999999999999,4.6,4593.485426173872,0.5682910161295194,positive_alpha_scaling_without_clipping,1.0,0,
coarse_grid,1.5999999999999999,5.1,4596.6490669500445,0.5679509570721601,positive_alpha_scaling_without_clipping,1.0,0,
coarse_grid,1.5999999999999999,5.140700524811874,4572.450516606108,0.5703428897819836,positive_alpha_scaling_without_clipping,1.0,0,
coarse_grid,1.5999999999999999,5.6,4573.671300044352,0.5702761723776025,positive_alpha_scaling_without_clipping,1.0,0,
coarse_grid,1.5999999999999999,5.8887494080177145,4601.1173149810165,0.5675300986009386,positive_alpha_scaling_without_clipping,1.0,0,
coarse_grid,1.5999999999999999,6.1,4576.707464252604,0.5699530573494697,positive_alpha_scaling_without_clipping,1.0,0,
coarse_grid,1.5999999999999999,6.6,4575.2163378939495,0.570071942578345,positive_alpha_scaling_without_clipping,1.0,0,
coarse_grid,1.5999999999999999,6.745650602103109,4600.6788486409805,0.5675177035174679,positive_alpha_scaling_without_clipping,1.0,0,
coarse_grid,1.5999999999999999,7.1,4603.928269920944,0.5671909481973678,positive_alpha_scaling_without_clipping,1.0,0,
coarse_grid,1.5999999999999999,7.6,4574.748486362678,0.5701172234724339,positive_alpha_scaling_without_clipping,1.0,0,
coarse_grid,1.5999999999999999,7.727243747831959,4604.690644676204,0.5671216815917073,positive_alpha_scaling_without_clipping,1.0,0,
coarse_grid,1.5999999999999999,8.1,4604.690644676204,0.5671216815917073,positive_alpha_scaling_without_clipping,1.0,0,
coarse_grid,1.5999999999999999,8.6,4606.203898520662,0.5669697150737116,positive_alpha_scaling_without_clipping,1.0,0,
coarse_grid,1.5999999999999999,8.851673390820459,4591.896638984754,0.5684024832522474,positive_alpha_scaling_without_clipping,1.0,0,
coarse_grid,1.5999999999999999,9.1,4594.404189547808,0.56814860885031,positive_alpha_scaling_without_clipping,1.0,0,
coarse_grid,1.5999999999999999,9.6,4600.922579498783,0.5675258967399553,positive_alpha_scaling_without_clipping,1.0,0,
coarse_grid,1.5999999999999999,10.1,4599.069925463199,0.5676787814331805,positive_alpha_scaling_without_clipping,1.0,0,
coarse_grid,1.5999999999999999,10.13972437969778,4584.790199844871,0.5691455987390126,positive_alpha_scaling_without_clipping,1.0,0,
coarse_grid,1.5999999999999999,10.6,4584.449351006083,0.5691735421809102,positive_alpha_scaling_without_clipping,1.0,0,
coarse_grid,1.5999999999999999,11.1,4571.083296668919,0.5704831172583037,positive_alpha_scaling_without_clipping,1.0,0,
coarse_grid,1.5999999999999999,11.6,4594.244217949093,0.5681483140474841,positive_alpha_scaling_without_clipping,1.0,0,
coarse_grid,1.5999999999999999,11.615206069720077,4572.422296055343,0.5703380219380316,positive_alpha_scaling_without_clipping,1.0,0,
coarse_grid,1.5999999999999999,12.1,4585.48582071135,0.5690443545933693,positive_alpha_scaling_without_clipping,1.0,0,
coarse_grid,1.5999999999999999,12.6,4568.319951219067,0.5707384460638526,positive_alpha_scaling_without_clipping,1.0,0,
coarse_grid,1.5999999999999999,13.1,4574.310469676013,0.5701407192726785,positive_alpha_scaling_without_clipping,1.0,0,
coarse_grid,1.5999999999999999,13.305392433761932,4599.404478329339,0.5676587504815969,positive_alpha_scaling_without_clipping,1.0,0,
coarse_grid,1.5999999999999999,13.6,4574.930273684808,0.5701122144842878,positive_alpha_scaling_without_clipping,1.0,0,
coarse_grid,1.5999999999999999,14.1,4576.615408288283,0.5699594643995101,positive_alpha_scaling_without_clipping,1.0,0,
coarse_grid,1.5999999999999999,14.6,4578.062718802941,0.5697882135055545,positive_alpha_scaling_without_clipping,1.0,0,
coarse_grid,1.5999999999999999,15.1,4578.8001904400735,0.5697055205469229,positive_alpha_scaling_without_clipping,1.0,0,
coarse_grid,1.5999999999999999,15.241526216045477,4579.468054763686,0.5696468465641402,positive_alpha_scaling_without_clipping,1.0,0,
coarse_grid,1.5999999999999999,15.6,4575.344537843187,0.5700596498289199,positive_alpha_scaling_without_clipping,1.0,0,
coarse_grid,1.5999999999999999,16.1,4579.468054763686,0.5696468465641403,positive_alpha_scaling_without_clipping,1.0,0,
coarse_grid,1.5999999999999999,16.6,4576.760238383685,0.5698804410338929,positive_alpha_scaling_without_clipping,1.0,0,
coarse_grid,1.5999999999999999,17.1,4583.3390018053815,0.569227676276133,positive_alpha_scaling_without_clipping,1.0,0,
coarse_grid,1.5999999999999999,17.459396447784496,4617.047151091313,0.5659028381038784,positive_alpha_scaling_without_clipping,1.0,0,
coarse_grid,1.5999999999999999,17.6,4578.218888331086,0.5697711325814618,positive_alpha_scaling_without_clipping,1.0,0,
coarse_grid,1.5999999999999999,18.1,4603.638262790091,0.5671684166446114,positive_alpha_scaling_without_clipping,1.0,0,
coarse_grid,1.5999999999999999,18.6,4576.180366888808,0.5699361649927415,positive_alpha_scaling_without_clipping,1.0,0,
coarse_grid,1.5999999999999999,19.1,4601.160385029961,0.5673769142573142,positive_alpha_scaling_without_clipping,1.0,0,
coarse_grid,1.5999999999999999,19.6,4602.145169185157,0.5673110246705817,positive_alpha_scaling_without_clipping,1.0,0,
coarse_grid,1.5999999999999999,20.000000000000004,4599.3996525604625,0.5675478518364854,positive_alpha_scaling_without_clipping,1.0,0,
coarse_grid,1.7999999999999998,0.1,13089.834489131765,-0.19679846486805042,evaluated,,12654,
coarse_grid,1.7999999999999998,0.11455149701087121,13089.542247503618,-0.19677507249995985,evaluated,,12652,
coarse_grid,1.7999999999999998,0.13122045467431637,13089.044021721676,-0.1967328266369447,evaluated,,12651,
coarse_grid,1.7999999999999998,0.1503149952139011,13088.610453825833,-0.19669564933797912,evaluated,,12649,
coarse_grid,1.7999999999999998,0.17218807724934312,13088.155171025823,-0.19665661004348334,evaluated,,12647,
coarse_grid,1.7999999999999998,0.1972440201633579,13096.318398092339,-0.1974738267177848,evaluated,,12612,
coarse_grid,1.7999999999999998,0.22594597786155107,12427.907854791007,-0.1399277275010966,evaluated,,12314,
coarse_grid,1.7999999999999998,0.2588245000762584,13305.999568964795,-0.24680702196322502,evaluated,,10206,
coarse_grid,1.7999999999999998,0.29648733946825756,8243.45115708778,0.22313808309433503,evaluated,,5310,
coarse_grid,1.7999999999999998,0.3396306858085926,5023.403521828963,0.5280435172865183,evaluated,,3088,
coarse_grid,1.7999999999999998,0.3890520349020314,4772.756021743166,0.5501421358153873,evaluated,,1175,
coarse_grid,1.7999999999999998,0.445664930131534,4566.687241288498,0.5709991273371355,evaluated,,314,
coarse_grid,1.7999999999999998,0.5105158491181254,4568.319306563411,0.5706810491333199,evaluated,,258,
coarse_grid,1.7999999999999998,0.5848035476425733,4576.339496408617,0.5699857516668112,evaluated,,2,
coarse_grid,1.7999999999999998,0.6,4577.245579522564,0.5699292610259447,positive_alpha_scaling_without_clipping,1.0,0,
coarse_grid,1.7999999999999998,0.669901218397251,4572.918212238786,0.5703052017437605,positive_alpha_scaling_without_clipping,1.0,0,
coarse_grid,1.7999999999999998,0.7673818741681168,4568.383250402097,0.5706894510114469,positive_alpha_scaling_without_clipping,1.0,0,
coarse_grid,1.7999999999999998,0.8790474246496578,4574.498842221616,0.5701630334491959,positive_alpha_scaling_without_clipping,1.0,0,
coarse_grid,1.7999999999999998,1.0069619843716933,4577.317623906374,0.5699200349553168,positive_alpha_scaling_without_clipping,1.0,0,
coarse_grid,1.7999999999999998,1.1,4580.936628080302,0.5696097149306537,positive_alpha_scaling_without_clipping,1.0,0,
coarse_grid,1.7999999999999998,1.1534900274281497,4576.564151894321,0.5699913288619863,positive_alpha_scaling_without_clipping,1.0,0,
coarse_grid,1.7999999999999998,1.3213400942900544,4567.389184066557,0.5707762528129745,positive_alpha_scaling_without_clipping,1.0,0,
coarse_grid,1.7999999999999998,1.5136148586141145,4581.013432143584,0.5696080096178608,positive_alpha_scaling_without_clipping,1.0,0,
coarse_grid,1.7999999999999998,1.6,4577.071867816016,0.5699305401830013,positive_alpha_scaling_without_clipping,1.0,0,
coarse_grid,1.7999999999999998,1.733868479521449,4576.673091886607,0.5699714615082974,positive_alpha_scaling_without_clipping,1.0,0,
coarse_grid,1.7999999999999998,1.9861722994914508,4577.44632980914,0.5699133827387846,positive_alpha_scaling_without_clipping,1.0,0,
coarse_grid,1.7999999999999998,2.1,4576.586725323683,0.5699994373239499,positive_alpha_scaling_without_clipping,1.0,0,
coarse_grid,1.7999999999999998,2.2751901022827012,4577.542748622963,0.5699072194737715,positive_alpha_scaling_without_clipping,1.0,0,
coarse_grid,1.7999999999999998,2.6,4589.42609285825,0.5688408372629263,positive_alpha_scaling_without_clipping,1.0,0,
coarse_grid,1.7999999999999998,2.6062643220080064,4576.360811888584,0.5700157928185348,positive_alpha_scaling_without_clipping,1.0,0,
coarse_grid,1.7999999999999998,2.9855147969204046,4576.8980115857985,0.569957098936243,positive_alpha_scaling_without_clipping,1.0,0,
coarse_grid,1.7999999999999998,3.1,4581.646903894092,0.569547549028695,positive_alpha_scaling_without_clipping,1.0,0,
coarse_grid,1.7999999999999998,3.419951893353395,4584.758082272656,0.5692914029467351,positive_alpha_scaling_without_clipping,1.0,0,
coarse_grid,1.7999999999999998,3.6,4568.763927941906,0.5706859633818366,positive_alpha_scaling_without_clipping,1.0,0,
coarse_grid,1.7999999999999998,3.9176060908879475,4577.961028219671,0.5698524921430029,positive_alpha_scaling_without_clipping,1.0,0,
coarse_grid,1.7999999999999998,4.1,4577.672424398739,0.5698851906785205,positive_alpha_scaling_without_clipping,1.0,0,
coarse_grid,1.7999999999999998,4.487676424101213,4568.370022664341,0.5707672244058258,positive_alpha_scaling_without_clipping,1.0,0,
coarse_grid,1.7999999999999998,4.6,4593.485426173872,0.5682910161295194,positive_alpha_scaling_without_clipping,1.0,0,
coarse_grid,1.7999999999999998,5.1,4596.6490669500445,0.5679509570721601,positive_alpha_scaling_without_clipping,1.0,0,
coarse_grid,1.7999999999999998,5.140700524811874,4572.450516606108,0.5703428897819836,positive_alpha_scaling_without_clipping,1.0,0,
coarse_grid,1.7999999999999998,5.6,4573.671300044352,0.5702761723776025,positive_alpha_scaling_without_clipping,1.0,0,
coarse_grid,1.7999999999999998,5.8887494080177145,4601.1173149810165,0.5675300986009386,positive_alpha_scaling_without_clipping,1.0,0,
coarse_grid,1.7999999999999998,6.1,4576.707464252604,0.5699530573494697,positive_alpha_scaling_without_clipping,1.0,0,
coarse_grid,1.7999999999999998,6.6,4575.2163378939495,0.570071942578345,positive_alpha_scaling_without_clipping,1.0,0,
coarse_grid,1.7999999999999998,6.745650602103109,4600.6788486409805,0.5675177035174679,positive_alpha_scaling_without_clipping,1.0,0,
coarse_grid,1.7999999999999998,7.1,4603.928269920944,0.5671909481973678,positive_alpha_scaling_without_clipping,1.0,0,
coarse_grid,1.7999999999999998,7.6,4574.748486362678,0.5701172234724339,positive_alpha_scaling_without_clipping,1.0,0,
coarse_grid,1.7999999999999998,7.727243747831959,4604.690644676204,0.5671216815917073,positive_alpha_scaling_without_clipping,1.0,0,
coarse_grid,1.7999999999999998,8.1,4604.690644676204,0.5671216815917073,positive_alpha_scaling_without_clipping,1.0,0,
coarse_grid,1.7999999999999998,8.6,4606.203898520662,0.5669697150737116,positive_alpha_scaling_without_clipping,1.0,0,
coarse_grid,1.7999999999999998,8.851673390820459,4591.896638984754,0.5684024832522474,positive_alpha_scaling_without_clipping,1.0,0,
coarse_grid,1.7999999999999998,9.1,4594.404189547808,0.56814860885031,positive_alpha_scaling_without_clipping,1.0,0,
coarse_grid,1.7999999999999998,9.6,4600.922579498783,0.5675258967399553,positive_alpha_scaling_without_clipping,1.0,0,
coarse_grid,1.7999999999999998,10.1,4599.069925463199,0.5676787814331805,positive_alpha_scaling_without_clipping,1.0,0,
coarse_grid,1.7999999999999998,10.13972437969778,4584.790199844871,0.5691455987390126,positive_alpha_scaling_without_clipping,1.0,0,
coarse_grid,1.7999999999999998,10.6,4584.449351006083,0.5691735421809102,positive_alpha_scaling_without_clipping,1.0,0,
coarse_grid,1.7999999999999998,11.1,4571.083296668919,0.5704831172583037,positive_alpha_scaling_without_clipping,1.0,0,
coarse_grid,1.7999999999999998,11.6,4594.244217949093,0.5681483140474841,positive_alpha_scaling_without_clipping,1.0,0,
coarse_grid,1.7999999999999998,11.615206069720077,4572.422296055343,0.5703380219380316,positive_alpha_scaling_without_clipping,1.0,0,
coarse_grid,1.7999999999999998,12.1,4585.48582071135,0.5690443545933693,positive_alpha_scaling_without_clipping,1.0,0,
coarse_grid,1.7999999999999998,12.6,4568.319951219067,0.5707384460638526,positive_alpha_scaling_without_clipping,1.0,0,
coarse_grid,1.7999999999999998,13.1,4574.310469676013,0.5701407192726785,positive_alpha_scaling_without_clipping,1.0,0,
coarse_grid,1.7999999999999998,13.305392433761932,4599.404478329339,0.5676587504815969,positive_alpha_scaling_without_clipping,1.0,0,
coarse_grid,1.7999999999999998,13.6,4574.930273684808,0.5701122144842878,positive_alpha_scaling_without_clipping,1.0,0,
coarse_grid,1.7999999999999998,14.1,4576.615408288283,0.5699594643995101,positive_alpha_scaling_without_clipping,1.0,0,
coarse_grid,1.7999999999999998,14.6,4578.062718802941,0.5697882135055545,positive_alpha_scaling_without_clipping,1.0,0,
coarse_grid,1.7999999999999998,15.1,4578.8001904400735,0.5697055205469229,positive_alpha_scaling_without_clipping,1.0,0,
coarse_grid,1.7999999999999998,15.241526216045477,4579.468054763686,0.5696468465641402,positive_alpha_scaling_without_clipping,1.0,0,
coarse_grid,1.7999999999999998,15.6,4575.344537843187,0.5700596498289199,positive_alpha_scaling_without_clipping,1.0,0,
coarse_grid,1.7999999999999998,16.1,4579.468054763686,0.5696468465641403,positive_alpha_scaling_without_clipping,1.0,0,
coarse_grid,1.7999999999999998,16.6,4576.760238383685,0.5698804410338929,positive_alpha_scaling_without_clipping,1.0,0,
coarse_grid,1.7999999999999998,17.1,4583.3390018053815,0.569227676276133,positive_alpha_scaling_without_clipping,1.0,0,
coarse_grid,1.7999999999999998,17.459396447784496,4617.047151091313,0.5659028381038784,positive_alpha_scaling_without_clipping,1.0,0,
coarse_grid,1.7999999999999998,17.6,4578.218888331086,0.5697711325814618,positive_alpha_scaling_without_clipping,1.0,0,
coarse_grid,1.7999999999999998,18.1,4603.638262790091,0.5671684166446114,positive_alpha_scaling_without_clipping,1.0,0,
coarse_grid,1.7999999999999998,18.6,4576.180366888808,0.5699361649927415,positive_alpha_scaling_without_clipping,1.0,0,
coarse_grid,1.7999999999999998,19.1,4601.160385029961,0.5673769142573142,positive_alpha_scaling_without_clipping,1.0,0,
coarse_grid,1.7999999999999998,19.6,4602.145169185157,0.5673110246705817,positive_alpha_scaling_without_clipping,1.0,0,
coarse_grid,1.7999999999999998,20.000000000000004,4599.3996525604625,0.5675478518364854,positive_alpha_scaling_without_clipping,1.0,0,
coarse_grid,1.9999999999999998,0.1,13090.121673117392,-0.1968230901343445,evaluated,,12654,
coarse_grid,1.9999999999999998,0.11455149701087121,13089.753610515383,-0.1967915297408651,evaluated,,12654,
coarse_grid,1.9999999999999998,0.13122045467431637,13089.431040175168,-0.19676553676602615,evaluated,,12652,
coarse_grid,1.9999999999999998,0.1503149952139011,13088.93791511506,-0.1967237282764015,evaluated,,12650,
coarse_grid,1.9999999999999998,0.17218807724934312,13088.498912686584,-0.19668608498065354,evaluated,,12649,
coarse_grid,1.9999999999999998,0.1972440201633579,13089.004720392946,-0.1967416580156638,evaluated,,12640,
coarse_grid,1.9999999999999998,0.22594597786155107,13098.384671383923,-0.19768068032773423,evaluated,,12604,
coarse_grid,1.9999999999999998,0.2588245000762584,12506.507475046094,-0.150641722109767,evaluated,,12139,
coarse_grid,1.9999999999999998,0.29648733946825756,12553.718369733662,-0.1817166981124957,evaluated,,9221,
coarse_grid,1.9999999999999998,0.3396306858085926,7039.1455220589005,0.3380134186116194,evaluated,,4631,
coarse_grid,1.9999999999999998,0.3890520349020314,5000.787988786615,0.5309338740235592,evaluated,,2620,
coarse_grid,1.9999999999999998,0.445664930131534,4658.409499521355,0.5611134245178047,evaluated,,841,
coarse_grid,1.9999999999999998,0.5105158491181254,4572.171524151721,0.5703625948108687,evaluated,,301,
coarse_grid,1.9999999999999998,0.5848035476425733,4575.073537840213,0.570110943057617,evaluated,,193,
coarse_grid,1.9999999999999998,0.6,4577.208665162359,0.5699324263345817,evaluated,,136,
coarse_grid,1.9999999999999998,0.669901218397251,4572.918212238786,0.5703052017437605,positive_alpha_scaling_without_clipping,1.0,0,
coarse_grid,1.9999999999999998,0.7673818741681168,4568.383250402097,0.5706894510114469,positive_alpha_scaling_without_clipping,1.0,0,
coarse_grid,1.9999999999999998,0.8790474246496578,4574.498842221616,0.5701630334491959,positive_alpha_scaling_without_clipping,1.0,0,
coarse_grid,1.9999999999999998,1.0069619843716933,4577.317623906374,0.5699200349553168,positive_alpha_scaling_without_clipping,1.0,0,
coarse_grid,1.9999999999999998,1.1,4580.936628080302,0.5696097149306537,positive_alpha_scaling_without_clipping,1.0,0,
coarse_grid,1.9999999999999998,1.1534900274281497,4576.564151894321,0.5699913288619863,positive_alpha_scaling_without_clipping,1.0,0,
coarse_grid,1.9999999999999998,1.3213400942900544,4567.389184066557,0.5707762528129745,positive_alpha_scaling_without_clipping,1.0,0,
coarse_grid,1.9999999999999998,1.5136148586141145,4581.013432143584,0.5696080096178608,positive_alpha_scaling_without_clipping,1.0,0,
coarse_grid,1.9999999999999998,1.6,4577.071867816016,0.5699305401830013,positive_alpha_scaling_without_clipping,1.0,0,
coarse_grid,1.9999999999999998,1.733868479521449,4576.673091886607,0.5699714615082974,positive_alpha_scaling_without_clipping,1.0,0,
coarse_grid,1.9999999999999998,1.9861722994914508,4577.44632980914,0.5699133827387846,positive_alpha_scaling_without_clipping,1.0,0,
coarse_grid,1.9999999999999998,2.1,4576.586725323683,0.5699994373239499,positive_alpha_scaling_without_clipping,1.0,0,
coarse_grid,1.9999999999999998,2.2751901022827012,4577.542748622963,0.5699072194737715,positive_alpha_scaling_without_clipping,1.0,0,
coarse_grid,1.9999999999999998,2.6,4589.42609285825,0.5688408372629263,positive_alpha_scaling_without_clipping,1.0,0,
coarse_grid,1.9999999999999998,2.6062643220080064,4576.360811888584,0.5700157928185348,positive_alpha_scaling_without_clipping,1.0,0,
coarse_grid,1.9999999999999998,2.9855147969204046,4576.8980115857985,0.569957098936243,positive_alpha_scaling_without_clipping,1.0,0,
coarse_grid,1.9999999999999998,3.1,4581.646903894092,0.569547549028695,positive_alpha_scaling_without_clipping,1.0,0,
coarse_grid,1.9999999999999998,3.419951893353395,4584.758082272656,0.5692914029467351,positive_alpha_scaling_without_clipping,1.0,0,
coarse_grid,1.9999999999999998,3.6,4568.763927941906,0.5706859633818366,positive_alpha_scaling_without_clipping,1.0,0,
coarse_grid,1.9999999999999998,3.9176060908879475,4577.961028219671,0.5698524921430029,positive_alpha_scaling_without_clipping,1.0,0,
coarse_grid,1.9999999999999998,4.1,4577.672424398739,0.5698851906785205,positive_alpha_scaling_without_clipping,1.0,0,
coarse_grid,1.9999999999999998,4.487676424101213,4568.370022664341,0.5707672244058258,positive_alpha_scaling_without_clipping,1.0,0,
coarse_grid,1.9999999999999998,4.6,4593.485426173872,0.5682910161295194,positive_alpha_scaling_without_clipping,1.0,0,
coarse_grid,1.9999999999999998,5.1,4596.6490669500445,0.5679509570721601,positive_alpha_scaling_without_clipping,1.0,0,
coarse_grid,1.9999999999999998,5.140700524811874,4572.450516606108,0.5703428897819836,positive_alpha_scaling_without_clipping,1.0,0,
coarse_grid,1.9999999999999998,5.6,4573.671300044352,0.5702761723776025,positive_alpha_scaling_without_clipping,1.0,0,
coarse_grid,1.9999999999999998,5.8887494080177145,4601.1173149810165,0.5675300986009386,positive_alpha_scaling_without_clipping,1.0,0,
coarse_grid,1.9999999999999998,6.1,4576.707464252604,0.5699530573494697,positive_alpha_scaling_without_clipping,1.0,0,
coarse_grid,1.9999999999999998,6.6,4575.2163378939495,0.570071942578345,positive_alpha_scaling_without_clipping,1.0,0,
coarse_grid,1.9999999999999998,6.745650602103109,4600.6788486409805,0.5675177035174679,positive_alpha_scaling_without_clipping,1.0,0,
coarse_grid,1.9999999999999998,7.1,4603.928269920944,0.5671909481973678,positive_alpha_scaling_without_clipping,1.0,0,
coarse_grid,1.9999999999999998,7.6,4574.748486362678,0.5701172234724339,positive_alpha_scaling_without_clipping,1.0,0,
coarse_grid,1.9999999999999998,7.727243747831959,4604.690644676204,0.5671216815917073,positive_alpha_scaling_without_clipping,1.0,0,
coarse_grid,1.9999999999999998,8.1,4604.690644676204,0.5671216815917073,positive_alpha_scaling_without_clipping,1.0,0,
coarse_grid,1.9999999999999998,8.6,4606.203898520662,0.5669697150737116,positive_alpha_scaling_without_clipping,1.0,0,
coarse_grid,1.9999999999999998,8.851673390820459,4591.896638984754,0.5684024832522474,positive_alpha_scaling_without_clipping,1.0,0,
coarse_grid,1.9999999999999998,9.1,4594.404189547808,0.56814860885031,positive_alpha_scaling_without_clipping,1.0,0,
coarse_grid,1.9999999999999998,9.6,4600.922579498783,0.5675258967399553,positive_alpha_scaling_without_clipping,1.0,0,
coarse_grid,1.9999999999999998,10.1,4599.069925463199,0.5676787814331805,positive_alpha_scaling_without_clipping,1.0,0,
coarse_grid,1.9999999999999998,10.13972437969778,4584.790199844871,0.5691455987390126,positive_alpha_scaling_without_clipping,1.0,0,
coarse_grid,1.9999999999999998,10.6,4584.449351006083,0.5691735421809102,positive_alpha_scaling_without_clipping,1.0,0,
coarse_grid,1.9999999999999998,11.1,4571.083296668919,0.5704831172583037,positive_alpha_scaling_without_clipping,1.0,0,
coarse_grid,1.9999999999999998,11.6,4594.244217949093,0.5681483140474841,positive_alpha_scaling_without_clipping,1.0,0,
coarse_grid,1.9999999999999998,11.615206069720077,4572.422296055343,0.5703380219380316,positive_alpha_scaling_without_clipping,1.0,0,
coarse_grid,1.9999999999999998,12.1,4585.48582071135,0.5690443545933693,positive_alpha_scaling_without_clipping,1.0,0,
coarse_grid,1.9999999999999998,12.6,4568.319951219067,0.5707384460638526,positive_alpha_scaling_without_clipping,1.0,0,
coarse_grid,1.9999999999999998,13.1,4574.310469676013,0.5701407192726785,positive_alpha_scaling_without_clipping,1.0,0,
coarse_grid,1.9999999999999998,13.305392433761932,4599.404478329339,0.5676587504815969,positive_alpha_scaling_without_clipping,1.0,0,
coarse_grid,1.9999999999999998,13.6,4574.930273684808,0.5701122144842878,positive_alpha_scaling_without_clipping,1.0,0,
coarse_grid,1.9999999999999998,14.1,4576.615408288283,0.5699594643995101,positive_alpha_scaling_without_clipping,1.0,0,
coarse_grid,1.9999999999999998,14.6,4578.062718802941,0.5697882135055545,positive_alpha_scaling_without_clipping,1.0,0,
coarse_grid,1.9999999999999998,15.1,4578.8001904400735,0.5697055205469229,positive_alpha_scaling_without_clipping,1.0,0,
coarse_grid,1.9999999999999998,15.241526216045477,4579.468054763686,0.5696468465641402,positive_alpha_scaling_without_clipping,1.0,0,
coarse_grid,1.9999999999999998,15.6,4575.344537843187,0.5700596498289199,positive_alpha_scaling_without_clipping,1.0,0,
coarse_grid,1.9999999999999998,16.1,4579.468054763686,0.5696468465641403,positive_alpha_scaling_without_clipping,1.0,0,
coarse_grid,1.9999999999999998,16.6,4576.760238383685,0.5698804410338929,positive_alpha_scaling_without_clipping,1.0,0,
coarse_grid,1.9999999999999998,17.1,4583.3390018053815,0.569227676276133,positive_alpha_scaling_without_clipping,1.0,0,
coarse_grid,1.9999999999999998,17.459396447784496,4617.047151091313,0.5659028381038784,positive_alpha_scaling_without_clipping,1.0,0,
coarse_grid,1.9999999999999998,17.6,4578.218888331086,0.5697711325814618,positive_alpha_scaling_without_clipping,1.0,0,
coarse_grid,1.9999999999999998,18.1,4603.638262790091,0.5671684166446114,positive_alpha_scaling_without_clipping,1.0,0,
coarse_grid,1.9999999999999998,18.6,4576.180366888808,0.5699361649927415,positive_alpha_scaling_without_clipping,1.0,0,
coarse_grid,1.9999999999999998,19.1,4601.160385029961,0.5673769142573142,positive_alpha_scaling_without_clipping,1.0,0,
coarse_grid,1.9999999999999998,19.6,4602.145169185157,0.5673110246705817,positive_alpha_scaling_without_clipping,1.0,0,
coarse_grid,1.9999999999999998,20.000000000000004,4599.3996525604625,0.5675478518364854,positive_alpha_scaling_without_clipping,1.0,0,
coarse_grid,2.1999999999999997,0.1,13090.389573390123,-0.19684606187332176,evaluated,,12655,
coarse_grid,2.1999999999999997,0.11455149701087121,13090.009787228872,-0.19681349621568167,evaluated,,12654,
coarse_grid,2.1999999999999997,0.13122045467431637,13089.647720640074,-0.1967824499644576,evaluated,,12654,
coarse_grid,2.1999999999999997,0.1503149952139011,13089.318469280592,-0.1967563597883748,evaluated,,12651,
coarse_grid,2.1999999999999997,0.17218807724934312,13088.807251609336,-0.1967125242267872,evaluated,,12650,
coarse_grid,2.1999999999999997,0.1972440201633579,13088.358835418774,-0.19667407372586831,evaluated,,12649,
coarse_grid,2.1999999999999997,0.22594597786155107,13092.449975264997,-0.1970865607980704,evaluated,,12628,
coarse_grid,2.1999999999999997,0.2588245000762584,12913.32607673038,-0.18194931805348624,evaluated,,12548,
coarse_grid,2.1999999999999997,0.29648733946825756,14309.59937984894,-0.339174924342974,evaluated,,11445,
coarse_grid,2.1999999999999997,0.3396306858085926,11621.230643115618,-0.09792807419630756,evaluated,,7888,
coarse_grid,2.1999999999999997,0.3890520349020314,5418.998061635706,0.4879748115096575,evaluated,,3766,
coarse_grid,2.1999999999999997,0.445664930131534,4968.9790438247455,0.5333643463757441,evaluated,,2141,
coarse_grid,2.1999999999999997,0.5105158491181254,4623.671231908138,0.564848308919593,evaluated,,583,
coarse_grid,2.1999999999999997,0.5848035476425733,4572.160950474314,0.57034405091574,evaluated,,301,
coarse_grid,2.1999999999999997,0.6,4571.940855405412,0.5703919398226791,evaluated,,297,
coarse_grid,2.1999999999999997,0.669901218397251,4573.518657243151,0.5702537151746357,evaluated,,115,
coarse_grid,2.1999999999999997,0.7673818741681168,4568.383250402097,0.5706894510114469,positive_alpha_scaling_without_clipping,1.0,0,
coarse_grid,2.1999999999999997,0.8790474246496578,4574.498842221616,0.5701630334491959,positive_alpha_scaling_without_clipping,1.0,0,
coarse_grid,2.1999999999999997,1.0069619843716933,4577.317623906374,0.5699200349553168,positive_alpha_scaling_without_clipping,1.0,0,
coarse_grid,2.1999999999999997,1.1,4580.936628080302,0.5696097149306537,positive_alpha_scaling_without_clipping,1.0,0,
coarse_grid,2.1999999999999997,1.1534900274281497,4576.564151894321,0.5699913288619863,positive_alpha_scaling_without_clipping,1.0,0,
coarse_grid,2.1999999999999997,1.3213400942900544,4567.389184066557,0.5707762528129745,positive_alpha_scaling_without_clipping,1.0,0,
coarse_grid,2.1999999999999997,1.5136148586141145,4581.013432143584,0.5696080096178608,positive_alpha_scaling_without_clipping,1.0,0,
coarse_grid,2.1999999999999997,1.6,4577.071867816016,0.5699305401830013,positive_alpha_scaling_without_clipping,1.0,0,
coarse_grid,2.1999999999999997,1.733868479521449,4576.673091886607,0.5699714615082974,positive_alpha_scaling_without_clipping,1.0,0,
coarse_grid,2.1999999999999997,1.9861722994914508,4577.44632980914,0.5699133827387846,positive_alpha_scaling_without_clipping,1.0,0,
coarse_grid,2.1999999999999997,2.1,4576.586725323683,0.5699994373239499,positive_alpha_scaling_without_clipping,1.0,0,
coarse_grid,2.1999999999999997,2.2751901022827012,4577.542748622963,0.5699072194737715,positive_alpha_scaling_without_clipping,1.0,0,
coarse_grid,2.1999999999999997,2.6,4589.42609285825,0.5688408372629263,positive_alpha_scaling_without_clipping,1.0,0,
coarse_grid,2.1999999999999997,2.6062643220080064,4576.360811888584,0.5700157928185348,positive_alpha_scaling_without_clipping,1.0,0,
coarse_grid,2.1999999999999997,2.9855147969204046,4576.8980115857985,0.569957098936243,positive_alpha_scaling_without_clipping,1.0,0,
coarse_grid,2.1999999999999997,3.1,4581.646903894092,0.569547549028695,positive_alpha_scaling_without_clipping,1.0,0,
coarse_grid,2.1999999999999997,3.419951893353395,4584.758082272656,0.5692914029467351,positive_alpha_scaling_without_clipping,1.0,0,
coarse_grid,2.1999999999999997,3.6,4568.763927941906,0.5706859633818366,positive_alpha_scaling_without_clipping,1.0,0,
coarse_grid,2.1999999999999997,3.9176060908879475,4577.961028219671,0.5698524921430029,positive_alpha_scaling_without_clipping,1.0,0,
coarse_grid,2.1999999999999997,4.1,4577.672424398739,0.5698851906785205,positive_alpha_scaling_without_clipping,1.0,0,
coarse_grid,2.1999999999999997,4.487676424101213,4568.370022664341,0.5707672244058258,positive_alpha_scaling_without_clipping,1.0,0,
coarse_grid,2.1999999999999997,4.6,4593.485426173872,0.5682910161295194,positive_alpha_scaling_without_clipping,1.0,0,
coarse_grid,2.1999999999999997,5.1,4596.6490669500445,0.5679509570721601,positive_alpha_scaling_without_clipping,1.0,0,
coarse_grid,2.1999999999999997,5.140700524811874,4572.450516606108,0.5703428897819836,positive_alpha_scaling_without_clipping,1.0,0,
coarse_grid,2.1999999999999997,5.6,4573.671300044352,0.5702761723776025,positive_alpha_scaling_without_clipping,1.0,0,
coarse_grid,2.1999999999999997,5.8887494080177145,4601.1173149810165,0.5675300986009386,positive_alpha_scaling_without_clipping,1.0,0,
coarse_grid,2.1999999999999997,6.1,4576.707464252604,0.5699530573494697,positive_alpha_scaling_without_clipping,1.0,0,
coarse_grid,2.1999999999999997,6.6,4575.2163378939495,0.570071942578345,positive_alpha_scaling_without_clipping,1.0,0,
coarse_grid,2.1999999999999997,6.745650602103109,4600.6788486409805,0.5675177035174679,positive_alpha_scaling_without_clipping,1.0,0,
coarse_grid,2.1999999999999997,7.1,4603.928269920944,0.5671909481973678,positive_alpha_scaling_without_clipping,1.0,0,
coarse_grid,2.1999999999999997,7.6,4574.748486362678,0.5701172234724339,positive_alpha_scaling_without_clipping,1.0,0,
coarse_grid,2.1999999999999997,7.727243747831959,4604.690644676204,0.5671216815917073,positive_alpha_scaling_without_clipping,1.0,0,
coarse_grid,2.1999999999999997,8.1,4604.690644676204,0.5671216815917073,positive_alpha_scaling_without_clipping,1.0,0,
coarse_grid,2.1999999999999997,8.6,4606.203898520662,0.5669697150737116,positive_alpha_scaling_without_clipping,1.0,0,
coarse_grid,2.1999999999999997,8.851673390820459,4591.896638984754,0.5684024832522474,positive_alpha_scaling_without_clipping,1.0,0,
coarse_grid,2.1999999999999997,9.1,4594.404189547808,0.56814860885031,positive_alpha_scaling_without_clipping,1.0,0,
coarse_grid,2.1999999999999997,9.6,4600.922579498783,0.5675258967399553,positive_alpha_scaling_without_clipping,1.0,0,
coarse_grid,2.1999999999999997,10.1,4599.069925463199,0.5676787814331805,positive_alpha_scaling_without_clipping,1.0,0,
coarse_grid,2.1999999999999997,10.13972437969778,4584.790199844871,0.5691455987390126,positive_alpha_scaling_without_clipping,1.0,0,
coarse_grid,2.1999999999999997,10.6,4584.449351006083,0.5691735421809102,positive_alpha_scaling_without_clipping,1.0,0,
coarse_grid,2.1999999999999997,11.1,4571.083296668919,0.5704831172583037,positive_alpha_scaling_without_clipping,1.0,0,
coarse_grid,2.1999999999999997,11.6,4594.244217949093,0.5681483140474841,positive_alpha_scaling_without_clipping,1.0,0,
coarse_grid,2.1999999999999997,11.615206069720077,4572.422296055343,0.5703380219380316,positive_alpha_scaling_without_clipping,1.0,0,
coarse_grid,2.1999999999999997,12.1,4585.48582071135,0.5690443545933693,positive_alpha_scaling_without_clipping,1.0,0,
coarse_grid,2.1999999999999997,12.6,4568.319951219067,0.5707384460638526,positive_alpha_scaling_without_clipping,1.0,0,
coarse_grid,2.1999999999999997,13.1,4574.310469676013,0.5701407192726785,positive_alpha_scaling_without_clipping,1.0,0,
coarse_grid,2.1999999999999997,13.305392433761932,4599.404478329339,0.5676587504815969,positive_alpha_scaling_without_clipping,1.0,0,
coarse_grid,2.1999999999999997,13.6,4574.930273684808,0.5701122144842878,positive_alpha_scaling_without_clipping,1.0,0,
coarse_grid,2.1999999999999997,14.1,4576.615408288283,0.5699594643995101,positive_alpha_scaling_without_clipping,1.0,0,
coarse_grid,2.1999999999999997,14.6,4578.062718802941,0.5697882135055545,positive_alpha_scaling_without_clipping,1.0,0,
coarse_grid,2.1999999999999997,15.1,4578.8001904400735,0.5697055205469229,positive_alpha_scaling_without_clipping,1.0,0,
coarse_grid,2.1999999999999997,15.241526216045477,4579.468054763686,0.5696468465641402,positive_alpha_scaling_without_clipping,1.0,0,
coarse_grid,2.1999999999999997,15.6,4575.344537843187,0.5700596498289199,positive_alpha_scaling_without_clipping,1.0,0,
coarse_grid,2.1999999999999997,16.1,4579.468054763686,0.5696468465641403,positive_alpha_scaling_without_clipping,1.0,0,
coarse_grid,2.1999999999999997,16.6,4576.760238383685,0.5698804410338929,positive_alpha_scaling_without_clipping,1.0,0,
coarse_grid,2.1999999999999997,17.1,4583.3390018053815,0.569227676276133,positive_alpha_scaling_without_clipping,1.0,0,
coarse_grid,2.1999999999999997,17.459396447784496,4617.047151091313,0.5659028381038784,positive_alpha_scaling_without_clipping,1.0,0,
coarse_grid,2.1999999999999997,17.6,4578.218888331086,0.5697711325814618,positive_alpha_scaling_without_clipping,1.0,0,
coarse_grid,2.1999999999999997,18.1,4603.638262790091,0.5671684166446114,positive_alpha_scaling_without_clipping,1.0,0,
coarse_grid,2.1999999999999997,18.6,4576.180366888808,0.5699361649927415,positive_alpha_scaling_without_clipping,1.0,0,
coarse_grid,2.1999999999999997,19.1,4601.160385029961,0.5673769142573142,positive_alpha_scaling_without_clipping,1.0,0,
coarse_grid,2.1999999999999997,19.6,4602.145169185157,0.5673110246705817,positive_alpha_scaling_without_clipping,1.0,0,
coarse_grid,2.1999999999999997,20.000000000000004,4599.3996525604625,0.5675478518364854,positive_alpha_scaling_without_clipping,1.0,0,
coarse_grid,2.3999999999999995,0.1,13090.575605015609,-0.1968620135925888,evaluated,,12655,
coarse_grid,2.3999999999999995,0.11455149701087121,13090.251894256668,-0.1968342562522073,evaluated,,12654,
coarse_grid,2.3999999999999995,0.13122045467431637,13089.877268853623,-0.19680213311591765,evaluated,,12654,
coarse_grid,2.3999999999999995,0.1503149952139011,13089.601376408407,-0.19678014264697008,evaluated,,12652,
coarse_grid,2.3999999999999995,0.17218807724934312,13089.110247130335,-0.19673850529036985,evaluated,,12651,
coarse_grid,2.3999999999999995,0.1972440201633579,13088.659569777947,-0.19669986090081226,evaluated,,12650,
coarse_grid,2.3999999999999995,0.22594597786155107,13088.16886309759,-0.19665778410238022,evaluated,,12648,
coarse_grid,2.3999999999999995,0.2588245000762584,13095.712646973832,-0.19741318526919016,evaluated,,12615,
coarse_grid,2.3999999999999995,0.29648733946825756,12578.498682373809,-0.15310838943671934,evaluated,,12408,
coarse_grid,2.3999999999999995,0.3396306858085926,13605.051295119833,-0.27279942735627416,evaluated,,10736,
coarse_grid,2.3999999999999995,0.3890520349020314,9638.784352724659,0.08839736606349091,evaluated,,6030,
coarse_grid,2.3999999999999995,0.445664930131534,5029.340089230742,0.5271386597819085,evaluated,,3246,
coarse_grid,2.3999999999999995,0.5105158491181254,4806.257909578799,0.5472305281888541,evaluated,,1368,
coarse_grid,2.3999999999999995,0.5848035476425733,4578.635611208616,0.5697296245854437,evaluated,,337,
coarse_grid,2.3999999999999995,0.6,4572.193041632833,0.5703727237573059,evaluated,,303,
coarse_grid,2.3999999999999995,0.669901218397251,4570.802516895375,0.5704887702931535,evaluated,,281,
coarse_grid,2.3999999999999995,0.7673818741681168,4568.971447685344,0.570636776403338,evaluated,,36,
coarse_grid,2.3999999999999995,0.8790474246496578,4574.498842221616,0.5701630334491959,positive_alpha_scaling_without_clipping,1.0,0,
coarse_grid,2.3999999999999995,1.0069619843716933,4577.317623906374,0.5699200349553168,positive_alpha_scaling_without_clipping,1.0,0,
coarse_grid,2.3999999999999995,1.1,4580.936628080302,0.5696097149306537,positive_alpha_scaling_without_clipping,1.0,0,
coarse_grid,2.3999999999999995,1.1534900274281497,4576.564151894321,0.5699913288619863,positive_alpha_scaling_without_clipping,1.0,0,
coarse_grid,2.3999999999999995,1.3213400942900544,4567.389184066557,0.5707762528129745,positive_alpha_scaling_without_clipping,1.0,0,
coarse_grid,2.3999999999999995,1.5136148586141145,4581.013432143584,0.5696080096178608,positive_alpha_scaling_without_clipping,1.0,0,
coarse_grid,2.3999999999999995,1.6,4577.071867816016,0.5699305401830013,positive_alpha_scaling_without_clipping,1.0,0,
coarse_grid,2.3999999999999995,1.733868479521449,4576.673091886607,0.5699714615082974,positive_alpha_scaling_without_clipping,1.0,0,
coarse_grid,2.3999999999999995,1.9861722994914508,4577.44632980914,0.5699133827387846,positive_alpha_scaling_without_clipping,1.0,0,
coarse_grid,2.3999999999999995,2.1,4576.586725323683,0.5699994373239499,positive_alpha_scaling_without_clipping,1.0,0,
coarse_grid,2.3999999999999995,2.2751901022827012,4577.542748622963,0.5699072194737715,positive_alpha_scaling_without_clipping,1.0,0,
coarse_grid,2.3999999999999995,2.6,4589.42609285825,0.5688408372629263,positive_alpha_scaling_without_clipping,1.0,0,
coarse_grid,2.3999999999999995,2.6062643220080064,4576.360811888584,0.5700157928185348,positive_alpha_scaling_without_clipping,1.0,0,
coarse_grid,2.3999999999999995,2.9855147969204046,4576.8980115857985,0.569957098936243,positive_alpha_scaling_without_clipping,1.0,0,
coarse_grid,2.3999999999999995,3.1,4581.646903894092,0.569547549028695,positive_alpha_scaling_without_clipping,1.0,0,
coarse_grid,2.3999999999999995,3.419951893353395,4584.758082272656,0.5692914029467351,positive_alpha_scaling_without_clipping,1.0,0,
coarse_grid,2.3999999999999995,3.6,4568.763927941906,0.5706859633818366,positive_alpha_scaling_without_clipping,1.0,0,
coarse_grid,2.3999999999999995,3.9176060908879475,4577.961028219671,0.5698524921430029,positive_alpha_scaling_without_clipping,1.0,0,
coarse_grid,2.3999999999999995,4.1,4577.672424398739,0.5698851906785205,positive_alpha_scaling_without_clipping,1.0,0,
coarse_grid,2.3999999999999995,4.487676424101213,4568.370022664341,0.5707672244058258,positive_alpha_scaling_without_clipping,1.0,0,
coarse_grid,2.3999999999999995,4.6,4593.485426173872,0.5682910161295194,positive_alpha_scaling_without_clipping,1.0,0,
coarse_grid,2.3999999999999995,5.1,4596.6490669500445,0.5679509570721601,positive_alpha_scaling_without_clipping,1.0,0,
coarse_grid,2.3999999999999995,5.140700524811874,4572.450516606108,0.5703428897819836,positive_alpha_scaling_without_clipping,1.0,0,
coarse_grid,2.3999999999999995,5.6,4573.671300044352,0.5702761723776025,positive_alpha_scaling_without_clipping,1.0,0,
coarse_grid,2.3999999999999995,5.8887494080177145,4601.1173149810165,0.5675300986009386,positive_alpha_scaling_without_clipping,1.0,0,
coarse_grid,2.3999999999999995,6.1,4576.707464252604,0.5699530573494697,positive_alpha_scaling_without_clipping,1.0,0,
coarse_grid,2.3999999999999995,6.6,4575.2163378939495,0.570071942578345,positive_alpha_scaling_without_clipping,1.0,0,
coarse_grid,2.3999999999999995,6.745650602103109,4600.6788486409805,0.5675177035174679,positive_alpha_scaling_without_clipping,1.0,0,
coarse_grid,2.3999999999999995,7.1,4603.928269920944,0.5671909481973678,positive_alpha_scaling_without_clipping,1.0,0,
coarse_grid,2.3999999999999995,7.6,4574.748486362678,0.5701172234724339,positive_alpha_scaling_without_clipping,1.0,0,
coarse_grid,2.3999999999999995,7.727243747831959,4604.690644676204,0.5671216815917073,positive_alpha_scaling_without_clipping,1.0,0,
coarse_grid,2.3999999999999995,8.1,4604.690644676204,0.5671216815917073,positive_alpha_scaling_without_clipping,1.0,0,
coarse_grid,2.3999999999999995,8.6,4606.203898520662,0.5669697150737116,positive_alpha_scaling_without_clipping,1.0,0,
coarse_grid,2.3999999999999995,8.851673390820459,4591.896638984754,0.5684024832522474,positive_alpha_scaling_without_clipping,1.0,0,
coarse_grid,2.3999999999999995,9.1,4594.404189547808,0.56814860885031,positive_alpha_scaling_without_clipping,1.0,0,
coarse_grid,2.3999999999999995,9.6,4600.922579498783,0.5675258967399553,positive_alpha_scaling_without_clipping,1.0,0,
coarse_grid,2.3999999999999995,10.1,4599.069925463199,0.5676787814331805,positive_alpha_scaling_without_clipping,1.0,0,
coarse_grid,2.3999999999999995,10.13972437969778,4584.790199844871,0.5691455987390126,positive_alpha_scaling_without_clipping,1.0,0,
coarse_grid,2.3999999999999995,10.6,4584.449351006083,0.5691735421809102,positive_alpha_scaling_without_clipping,1.0,0,
coarse_grid,2.3999999999999995,11.1,4571.083296668919,0.5704831172583037,positive_alpha_scaling_without_clipping,1.0,0,
coarse_grid,2.3999999999999995,11.6,4594.244217949093,0.5681483140474841,positive_alpha_scaling_without_clipping,1.0,0,
coarse_grid,2.3999999999999995,11.615206069720077,4572.422296055343,0.5703380219380316,positive_alpha_scaling_without_clipping,1.0,0,
coarse_grid,2.3999999999999995,12.1,4585.48582071135,0.5690443545933693,positive_alpha_scaling_without_clipping,1.0,0,
coarse_grid,2.3999999999999995,12.6,4568.319951219067,0.5707384460638526,positive_alpha_scaling_without_clipping,1.0,0,
coarse_grid,2.3999999999999995,13.1,4574.310469676013,0.5701407192726785,positive_alpha_scaling_without_clipping,1.0,0,
coarse_grid,2.3999999999999995,13.305392433761932,4599.404478329339,0.5676587504815969,positive_alpha_scaling_without_clipping,1.0,0,
coarse_grid,2.3999999999999995,13.6,4574.930273684808,0.5701122144842878,positive_alpha_scaling_without_clipping,1.0,0,
coarse_grid,2.3999999999999995,14.1,4576.615408288283,0.5699594643995101,positive_alpha_scaling_without_clipping,1.0,0,
coarse_grid,2.3999999999999995,14.6,4578.062718802941,0.5697882135055545,positive_alpha_scaling_without_clipping,1.0,0,
coarse_grid,2.3999999999999995,15.1,4578.8001904400735,0.5697055205469229,positive_alpha_scaling_without_clipping,1.0,0,
coarse_grid,2.3999999999999995,15.241526216045477,4579.468054763686,0.5696468465641402,positive_alpha_scaling_without_clipping,1.0,0,
coarse_grid,2.3999999999999995,15.6,4575.344537843187,0.5700596498289199,positive_alpha_scaling_without_clipping,1.0,0,
coarse_grid,2.3999999999999995,16.1,4579.468054763686,0.5696468465641403,positive_alpha_scaling_without_clipping,1.0,0,
coarse_grid,2.3999999999999995,16.6,4576.760238383685,0.5698804410338929,positive_alpha_scaling_without_clipping,1.0,0,
coarse_grid,2.3999999999999995,17.1,4583.3390018053815,0.569227676276133,positive_alpha_scaling_without_clipping,1.0,0,
coarse_grid,2.3999999999999995,17.459396447784496,4617.047151091313,0.5659028381038784,positive_alpha_scaling_without_clipping,1.0,0,
coarse_grid,2.3999999999999995,17.6,4578.218888331086,0.5697711325814618,positive_alpha_scaling_without_clipping,1.0,0,
coarse_grid,2.3999999999999995,18.1,4603.638262790091,0.5671684166446114,positive_alpha_scaling_without_clipping,1.0,0,
coarse_grid,2.3999999999999995,18.6,4576.180366888808,0.5699361649927415,positive_alpha_scaling_without_clipping,1.0,0,
coarse_grid,2.3999999999999995,19.1,4601.160385029961,0.5673769142573142,positive_alpha_scaling_without_clipping,1.0,0,
coarse_grid,2.3999999999999995,19.6,4602.145169185157,0.5673110246705817,positive_alpha_scaling_without_clipping,1.0,0,
coarse_grid,2.3999999999999995,20.000000000000004,4599.3996525604625,0.5675478518364854,positive_alpha_scaling_without_clipping,1.0,0,
coarse_grid,2.5999999999999996,0.1,13090.765323298478,-0.19687828143296404,evaluated,,12655,
coarse_grid,2.5999999999999996,0.11455149701087121,13090.454006861786,-0.19685158687289495,evaluated,,12655,
coarse_grid,2.5999999999999996,0.13122045467431637,13090.09573957227,-0.1968208664015234,evaluated,,12654,
coarse_grid,2.5999999999999996,0.1503149952139011,13089.729037359648,-0.1967894226578314,evaluated,,12654,
coarse_grid,2.5999999999999996,0.17218807724934312,13089.397404200703,-0.19676265257028513,evaluated,,12652,
coarse_grid,2.5999999999999996,0.1972440201633579,13088.907144960915,-0.19672108981716374,evaluated,,12650,
coarse_grid,2.5999999999999996,0.22594597786155107,13088.465801845454,-0.19668324581370522,evaluated,,12649,
coarse_grid,2.5999999999999996,0.2588245000762584,13090.030493081154,-0.19684434761844183,evaluated,,12637,
coarse_grid,2.5999999999999996,0.29648733946825756,13103.596943073597,-0.19820247830065385,evaluated,,12583,
coarse_grid,2.5999999999999996,0.3396306858085926,12991.102396965216,-0.1995134350103579,evaluated,,12086,
coarse_grid,2.5999999999999996,0.3890520349020314,12468.391129559652,-0.17389051566054242,evaluated,,8990,
coarse_grid,2.5999999999999996,0.445664930131534,6772.2646863186255,0.3621894080978944,evaluated,,4455,
coarse_grid,2.5999999999999996,0.5105158491181254,5007.511827409962,0.5302039080318972,evaluated,,2542,
coarse_grid,2.5999999999999996,0.5848035476425733,4653.058592076728,0.5616570435632644,evaluated,,787,
coarse_grid,2.5999999999999996,0.6,4615.794166594241,0.5655622405945295,evaluated,,616,
coarse_grid,2.5999999999999996,0.669901218397251,4572.912467002812,0.5702727555668987,evaluated,,301,
coarse_grid,2.5999999999999996,0.7673818741681168,4567.835772303437,0.5707554072672711,evaluated,,172,
coarse_grid,2.5999999999999996,0.8790474246496578,4574.498842221616,0.5701630334491959,positive_alpha_scaling_without_clipping,1.0,0,
coarse_grid,2.5999999999999996,1.0069619843716933,4577.317623906374,0.5699200349553168,positive_alpha_scaling_without_clipping,1.0,0,
coarse_grid,2.5999999999999996,1.1,4580.936628080302,0.5696097149306537,positive_alpha_scaling_without_clipping,1.0,0,
coarse_grid,2.5999999999999996,1.1534900274281497,4576.564151894321,0.5699913288619863,positive_alpha_scaling_without_clipping,1.0,0,
coarse_grid,2.5999999999999996,1.3213400942900544,4567.389184066557,0.5707762528129745,positive_alpha_scaling_without_clipping,1.0,0,
coarse_grid,2.5999999999999996,1.5136148586141145,4581.013432143584,0.5696080096178608,positive_alpha_scaling_without_clipping,1.0,0,
coarse_grid,2.5999999999999996,1.6,4577.071867816016,0.5699305401830013,positive_alpha_scaling_without_clipping,1.0,0,
coarse_grid,2.5999999999999996,1.733868479521449,4576.673091886607,0.5699714615082974,positive_alpha_scaling_without_clipping,1.0,0,
coarse_grid,2.5999999999999996,1.9861722994914508,4577.44632980914,0.5699133827387846,positive_alpha_scaling_without_clipping,1.0,0,
coarse_grid,2.5999999999999996,2.1,4576.586725323683,0.5699994373239499,positive_alpha_scaling_without_clipping,1.0,0,
coarse_grid,2.5999999999999996,2.2751901022827012,4577.542748622963,0.5699072194737715,positive_alpha_scaling_without_clipping,1.0,0,
coarse_grid,2.5999999999999996,2.6,4589.42609285825,0.5688408372629263,positive_alpha_scaling_without_clipping,1.0,0,
coarse_grid,2.5999999999999996,2.6062643220080064,4576.360811888584,0.5700157928185348,positive_alpha_scaling_without_clipping,1.0,0,
coarse_grid,2.5999999999999996,2.9855147969204046,4576.8980115857985,0.569957098936243,positive_alpha_scaling_without_clipping,1.0,0,
coarse_grid,2.5999999999999996,3.1,4581.646903894092,0.569547549028695,positive_alpha_scaling_without_clipping,1.0,0,
coarse_grid,2.5999999999999996,3.419951893353395,4584.758082272656,0.5692914029467351,positive_alpha_scaling_without_clipping,1.0,0,
coarse_grid,2.5999999999999996,3.6,4568.763927941906,0.5706859633818366,positive_alpha_scaling_without_clipping,1.0,0,
coarse_grid,2.5999999999999996,3.9176060908879475,4577.961028219671,0.5698524921430029,positive_alpha_scaling_without_clipping,1.0,0,
coarse_grid,2.5999999999999996,4.1,4577.672424398739,0.5698851906785205,positive_alpha_scaling_without_clipping,1.0,0,
coarse_grid,2.5999999999999996,4.487676424101213,4568.370022664341,0.5707672244058258,positive_alpha_scaling_without_clipping,1.0,0,
coarse_grid,2.5999999999999996,4.6,4593.485426173872,0.5682910161295194,positive_alpha_scaling_without_clipping,1.0,0,
coarse_grid,2.5999999999999996,5.1,4596.6490669500445,0.5679509570721601,positive_alpha_scaling_without_clipping,1.0,0,
coarse_grid,2.5999999999999996,5.140700524811874,4572.450516606108,0.5703428897819836,positive_alpha_scaling_without_clipping,1.0,0,
coarse_grid,2.5999999999999996,5.6,4573.671300044352,0.5702761723776025,positive_alpha_scaling_without_clipping,1.0,0,
coarse_grid,2.5999999999999996,5.8887494080177145,4601.1173149810165,0.5675300986009386,positive_alpha_scaling_without_clipping,1.0,0,
coarse_grid,2.5999999999999996,6.1,4576.707464252604,0.5699530573494697,positive_alpha_scaling_without_clipping,1.0,0,
coarse_grid,2.5999999999999996,6.6,4575.2163378939495,0.570071942578345,positive_alpha_scaling_without_clipping,1.0,0,
coarse_grid,2.5999999999999996,6.745650602103109,4600.6788486409805,0.5675177035174679,positive_alpha_scaling_without_clipping,1.0,0,
coarse_grid,2.5999999999999996,7.1,4603.928269920944,0.5671909481973678,positive_alpha_scaling_without_clipping,1.0,0,
coarse_grid,2.5999999999999996,7.6,4574.748486362678,0.5701172234724339,positive_alpha_scaling_without_clipping,1.0,0,
coarse_grid,2.5999999999999996,7.727243747831959,4604.690644676204,0.5671216815917073,positive_alpha_scaling_without_clipping,1.0,0,
coarse_grid,2.5999999999999996,8.1,4604.690644676204,0.5671216815917073,positive_alpha_scaling_without_clipping,1.0,0,
coarse_grid,2.5999999999999996,8.6,4606.203898520662,0.5669697150737116,positive_alpha_scaling_without_clipping,1.0,0,
coarse_grid,2.5999999999999996,8.851673390820459,4591.896638984754,0.5684024832522474,positive_alpha_scaling_without_clipping,1.0,0,
coarse_grid,2.5999999999999996,9.1,4594.404189547808,0.56814860885031,positive_alpha_scaling_without_clipping,1.0,0,
coarse_grid,2.5999999999999996,9.6,4600.922579498783,0.5675258967399553,positive_alpha_scaling_without_clipping,1.0,0,
coarse_grid,2.5999999999999996,10.1,4599.069925463199,0.5676787814331805,positive_alpha_scaling_without_clipping,1.0,0,
coarse_grid,2.5999999999999996,10.13972437969778,4584.790199844871,0.5691455987390126,positive_alpha_scaling_without_clipping,1.0,0,
coarse_grid,2.5999999999999996,10.6,4584.449351006083,0.5691735421809102,positive_alpha_scaling_without_clipping,1.0,0,
coarse_grid,2.5999999999999996,11.1,4571.083296668919,0.5704831172583037,positive_alpha_scaling_without_clipping,1.0,0,
coarse_grid,2.5999999999999996,11.6,4594.244217949093,0.5681483140474841,positive_alpha_scaling_without_clipping,1.0,0,
coarse_grid,2.5999999999999996,11.615206069720077,4572.422296055343,0.5703380219380316,positive_alpha_scaling_without_clipping,1.0,0,
coarse_grid,2.5999999999999996,12.1,4585.48582071135,0.5690443545933693,positive_alpha_scaling_without_clipping,1.0,0,
coarse_grid,2.5999999999999996,12.6,4568.319951219067,0.5707384460638526,positive_alpha_scaling_without_clipping,1.0,0,
coarse_grid,2.5999999999999996,13.1,4574.310469676013,0.5701407192726785,positive_alpha_scaling_without_clipping,1.0,0,
coarse_grid,2.5999999999999996,13.305392433761932,4599.404478329339,0.5676587504815969,positive_alpha_scaling_without_clipping,1.0,0,
coarse_grid,2.5999999999999996,13.6,4574.930273684808,0.5701122144842878,positive_alpha_scaling_without_clipping,1.0,0,
coarse_grid,2.5999999999999996,14.1,4576.615408288283,0.5699594643995101,positive_alpha_scaling_without_clipping,1.0,0,
coarse_grid,2.5999999999999996,14.6,4578.062718802941,0.5697882135055545,positive_alpha_scaling_without_clipping,1.0,0,
coarse_grid,2.5999999999999996,15.1,4578.8001904400735,0.5697055205469229,positive_alpha_scaling_without_clipping,1.0,0,
coarse_grid,2.5999999999999996,15.241526216045477,4579.468054763686,0.5696468465641402,positive_alpha_scaling_without_clipping,1.0,0,
coarse_grid,2.5999999999999996,15.6,4575.344537843187,0.5700596498289199,positive_alpha_scaling_without_clipping,1.0,0,
coarse_grid,2.5999999999999996,16.1,4579.468054763686,0.5696468465641403,positive_alpha_scaling_without_clipping,1.0,0,
coarse_grid,2.5999999999999996,16.6,4576.760238383685,0.5698804410338929,positive_alpha_scaling_without_clipping,1.0,0,
coarse_grid,2.5999999999999996,17.1,4583.3390018053815,0.569227676276133,positive_alpha_scaling_without_clipping,1.0,0,
coarse_grid,2.5999999999999996,17.459396447784496,4617.047151091313,0.5659028381038784,positive_alpha_scaling_without_clipping,1.0,0,
coarse_grid,2.5999999999999996,17.6,4578.218888331086,0.5697711325814618,positive_alpha_scaling_without_clipping,1.0,0,
coarse_grid,2.5999999999999996,18.1,4603.638262790091,0.5671684166446114,positive_alpha_scaling_without_clipping,1.0,0,
coarse_grid,2.5999999999999996,18.6,4576.180366888808,0.5699361649927415,positive_alpha_scaling_without_clipping,1.0,0,
coarse_grid,2.5999999999999996,19.1,4601.160385029961,0.5673769142573142,positive_alpha_scaling_without_clipping,1.0,0,
coarse_grid,2.5999999999999996,19.6,4602.145169185157,0.5673110246705817,positive_alpha_scaling_without_clipping,1.0,0,
coarse_grid,2.5999999999999996,20.000000000000004,4599.3996525604625,0.5675478518364854,positive_alpha_scaling_without_clipping,1.0,0,
coarse_grid,2.8,0.1,13090.958728238727,-0.19689486539444756,evaluated,,12655,
coarse_grid,2.8,0.11455149701087121,13090.617324381954,-0.19686559091777867,evaluated,,12655,
coarse_grid,2.8,0.13122045467431637,13090.303724752475,-0.19683870057997377,evaluated,,12654,
coarse_grid,2.8,0.1503149952139011,13089.92661165019,-0.1968063641300617,evaluated,,12654,
coarse_grid,2.8,0.17218807724934312,13089.669837768775,-0.19678601302733356,evaluated,,12653,
coarse_grid,2.8,0.1972440201633579,13089.187236530935,-0.19674510692760072,evaluated,,12651,
coarse_grid,2.8,0.22594597786155107,13088.713657056582,-0.19670449874173013,evaluated,,12650,
coarse_grid,2.8,0.2588245000762584,13088.242214888687,-0.1966640738242288,evaluated,,12648,
coarse_grid,2.8,0.29648733946825756,13095.712646973832,-0.19741318526919016,evaluated,,12615,
coarse_grid,2.8,0.3396306858085926,12824.146613940446,-0.17427909274581188,evaluated,,12516,
coarse_grid,2.8,0.3890520349020314,13761.862394104688,-0.2880481665769853,evaluated,,10994,
coarse_grid,2.8,0.445664930131534,10343.158007722359,0.022405528822380172,evaluated,,6759,
coarse_grid,2.8,0.5105158491181254,5094.732987536077,0.5206523011541706,evaluated,,3385,
coarse_grid,2.8,0.5848035476425733,4881.561676748708,0.5401033502430439,evaluated,,1618,
coarse_grid,2.8,0.6,4806.316224798526,0.5471580041020205,evaluated,,1299,
coarse_grid,2.8,0.669901218397251,4583.164225592642,0.5690257236310277,evaluated,,423,
coarse_grid,2.8,0.7673818741681168,4562.213837184632,0.5712245619179793,evaluated,,297,
coarse_grid,2.8,0.8790474246496578,4578.936063906507,0.5697900760555062,evaluated,,61,
coarse_grid,2.8,1.0069619843716933,4577.317623906374,0.5699200349553168,positive_alpha_scaling_without_clipping,1.0,0,
coarse_grid,2.8,1.1,4580.936628080302,0.5696097149306537,positive_alpha_scaling_without_clipping,1.0,0,
coarse_grid,2.8,1.1534900274281497,4576.564151894321,0.5699913288619863,positive_alpha_scaling_without_clipping,1.0,0,
coarse_grid,2.8,1.3213400942900544,4567.389184066557,0.5707762528129745,positive_alpha_scaling_without_clipping,1.0,0,
coarse_grid,2.8,1.5136148586141145,4581.013432143584,0.5696080096178608,positive_alpha_scaling_without_clipping,1.0,0,
coarse_grid,2.8,1.6,4577.071867816016,0.5699305401830013,positive_alpha_scaling_without_clipping,1.0,0,
coarse_grid,2.8,1.733868479521449,4576.673091886607,0.5699714615082974,positive_alpha_scaling_without_clipping,1.0,0,
coarse_grid,2.8,1.9861722994914508,4577.44632980914,0.5699133827387846,positive_alpha_scaling_without_clipping,1.0,0,
coarse_grid,2.8,2.1,4576.586725323683,0.5699994373239499,positive_alpha_scaling_without_clipping,1.0,0,
coarse_grid,2.8,2.2751901022827012,4577.542748622963,0.5699072194737715,positive_alpha_scaling_without_clipping,1.0,0,
coarse_grid,2.8,2.6,4589.42609285825,0.5688408372629263,positive_alpha_scaling_without_clipping,1.0,0,
coarse_grid,2.8,2.6062643220080064,4576.360811888584,0.5700157928185348,positive_alpha_scaling_without_clipping,1.0,0,
coarse_grid,2.8,2.9855147969204046,4576.8980115857985,0.569957098936243,positive_alpha_scaling_without_clipping,1.0,0,
coarse_grid,2.8,3.1,4581.646903894092,0.569547549028695,positive_alpha_scaling_without_clipping,1.0,0,
coarse_grid,2.8,3.419951893353395,4584.758082272656,0.5692914029467351,positive_alpha_scaling_without_clipping,1.0,0,
coarse_grid,2.8,3.6,4568.763927941906,0.5706859633818366,positive_alpha_scaling_without_clipping,1.0,0,
coarse_grid,2.8,3.9176060908879475,4577.961028219671,0.5698524921430029,positive_alpha_scaling_without_clipping,1.0,0,
coarse_grid,2.8,4.1,4577.672424398739,0.5698851906785205,positive_alpha_scaling_without_clipping,1.0,0,
coarse_grid,2.8,4.487676424101213,4568.370022664341,0.5707672244058258,positive_alpha_scaling_without_clipping,1.0,0,
coarse_grid,2.8,4.6,4593.485426173872,0.5682910161295194,positive_alpha_scaling_without_clipping,1.0,0,
coarse_grid,2.8,5.1,4596.6490669500445,0.5679509570721601,positive_alpha_scaling_without_clipping,1.0,0,
coarse_grid,2.8,5.140700524811874,4572.450516606108,0.5703428897819836,positive_alpha_scaling_without_clipping,1.0,0,
coarse_grid,2.8,5.6,4573.671300044352,0.5702761723776025,positive_alpha_scaling_without_clipping,1.0,0,
coarse_grid,2.8,5.8887494080177145,4601.1173149810165,0.5675300986009386,positive_alpha_scaling_without_clipping,1.0,0,
coarse_grid,2.8,6.1,4576.707464252604,0.5699530573494697,positive_alpha_scaling_without_clipping,1.0,0,
coarse_grid,2.8,6.6,4575.2163378939495,0.570071942578345,positive_alpha_scaling_without_clipping,1.0,0,
coarse_grid,2.8,6.745650602103109,4600.6788486409805,0.5675177035174679,positive_alpha_scaling_without_clipping,1.0,0,
coarse_grid,2.8,7.1,4603.928269920944,0.5671909481973678,positive_alpha_scaling_without_clipping,1.0,0,
coarse_grid,2.8,7.6,4574.748486362678,0.5701172234724339,positive_alpha_scaling_without_clipping,1.0,0,
coarse_grid,2.8,7.727243747831959,4604.690644676204,0.5671216815917073,positive_alpha_scaling_without_clipping,1.0,0,
coarse_grid,2.8,8.1,4604.690644676204,0.5671216815917073,positive_alpha_scaling_without_clipping,1.0,0,
coarse_grid,2.8,8.6,4606.203898520662,0.5669697150737116,positive_alpha_scaling_without_clipping,1.0,0,
coarse_grid,2.8,8.851673390820459,4591.896638984754,0.5684024832522474,positive_alpha_scaling_without_clipping,1.0,0,
coarse_grid,2.8,9.1,4594.404189547808,0.56814860885031,positive_alpha_scaling_without_clipping,1.0,0,
coarse_grid,2.8,9.6,4600.922579498783,0.5675258967399553,positive_alpha_scaling_without_clipping,1.0,0,
coarse_grid,2.8,10.1,4599.069925463199,0.5676787814331805,positive_alpha_scaling_without_clipping,1.0,0,
coarse_grid,2.8,10.13972437969778,4584.790199844871,0.5691455987390126,positive_alpha_scaling_without_clipping,1.0,0,
coarse_grid,2.8,10.6,4584.449351006083,0.5691735421809102,positive_alpha_scaling_without_clipping,1.0,0,
coarse_grid,2.8,11.1,4571.083296668919,0.5704831172583037,positive_alpha_scaling_without_clipping,1.0,0,
coarse_grid,2.8,11.6,4594.244217949093,0.5681483140474841,positive_alpha_scaling_without_clipping,1.0,0,
coarse_grid,2.8,11.615206069720077,4572.422296055343,0.5703380219380316,positive_alpha_scaling_without_clipping,1.0,0,
coarse_grid,2.8,12.1,4585.48582071135,0.5690443545933693,positive_alpha_scaling_without_clipping,1.0,0,
coarse_grid,2.8,12.6,4568.319951219067,0.5707384460638526,positive_alpha_scaling_without_clipping,1.0,0,
coarse_grid,2.8,13.1,4574.310469676013,0.5701407192726785,positive_alpha_scaling_without_clipping,1.0,0,
coarse_grid,2.8,13.305392433761932,4599.404478329339,0.5676587504815969,positive_alpha_scaling_without_clipping,1.0,0,
coarse_grid,2.8,13.6,4574.930273684808,0.5701122144842878,positive_alpha_scaling_without_clipping,1.0,0,
coarse_grid,2.8,14.1,4576.615408288283,0.5699594643995101,positive_alpha_scaling_without_clipping,1.0,0,
coarse_grid,2.8,14.6,4578.062718802941,0.5697882135055545,positive_alpha_scaling_without_clipping,1.0,0,
coarse_grid,2.8,15.1,4578.8001904400735,0.5697055205469229,positive_alpha_scaling_without_clipping,1.0,0,
coarse_grid,2.8,15.241526216045477,4579.468054763686,0.5696468465641402,positive_alpha_scaling_without_clipping,1.0,0,
coarse_grid,2.8,15.6,4575.344537843187,0.5700596498289199,positive_alpha_scaling_without_clipping,1.0,0,
coarse_grid,2.8,16.1,4579.468054763686,0.5696468465641403,positive_alpha_scaling_without_clipping,1.0,0,
coarse_grid,2.8,16.6,4576.760238383685,0.5698804410338929,positive_alpha_scaling_without_clipping,1.0,0,
coarse_grid,2.8,17.1,4583.3390018053815,0.569227676276133,positive_alpha_scaling_without_clipping,1.0,0,
coarse_grid,2.8,17.459396447784496,4617.047151091313,0.5659028381038784,positive_alpha_scaling_without_clipping,1.0,0,
coarse_grid,2.8,17.6,4578.218888331086,0.5697711325814618,positive_alpha_scaling_without_clipping,1.0,0,
coarse_grid,2.8,18.1,4603.638262790091,0.5671684166446114,positive_alpha_scaling_without_clipping,1.0,0,
coarse_grid,2.8,18.6,4576.180366888808,0.5699361649927415,positive_alpha_scaling_without_clipping,1.0,0,
coarse_grid,2.8,19.1,4601.160385029961,0.5673769142573142,positive_alpha_scaling_without_clipping,1.0,0,
coarse_grid,2.8,19.6,4602.145169185157,0.5673110246705817,positive_alpha_scaling_without_clipping,1.0,0,
coarse_grid,2.8,20.000000000000004,4599.3996525604625,0.5675478518364854,positive_alpha_scaling_without_clipping,1.0,0,
coarse_grid,2.9999999999999996,0.1,13091.155819836364,-0.19691176547703915,evaluated,,12655,
coarse_grid,2.9999999999999996,0.11455149701087121,13090.783451416379,-0.19687983587107027,evaluated,,12655,
coarse_grid,2.9999999999999996,0.13122045467431637,13090.469327839572,-0.19685290060616956,evaluated,,12655,
coarse_grid,2.9999999999999996,0.1503149952139011,13090.115843590345,-0.1968225902678371,evaluated,,12654,
coarse_grid,2.9999999999999996,0.17218807724934312,13089.748085240617,-0.19679105596318502,evaluated,,12654,
coarse_grid,2.9999999999999996,0.1972440201633579,13089.423470922844,-0.19676488772268308,evaluated,,12652,
coarse_grid,2.9999999999999996,0.22594597786155107,13088.930972989749,-0.19672313300753896,evaluated,,12650,
coarse_grid,2.9999999999999996,0.2588245000762584,13088.491436006947,-0.19668544387517317,evaluated,,12649,
coarse_grid,2.9999999999999996,0.29648733946825756,13089.004720392946,-0.1967416580156638,evaluated,,12640,
coarse_grid,2.9999999999999996,0.3396306858085926,13098.384671383923,-0.19768068032773423,evaluated,,12604,
coarse_grid,2.9999999999999996,0.3890520349020314,12991.102396965209,-0.19951343501035723,evaluated,,12086,
coarse_grid,2.9999999999999996,0.445664930131534,12565.24363952913,-0.18275020458483687,evaluated,,9221,
coarse_grid,2.9999999999999996,0.5105158491181254,7039.4341513291865,0.33798522728275016,evaluated,,4631,
coarse_grid,2.9999999999999996,0.5848035476425733,4999.268946556505,0.5310733957337594,evaluated,,2620,
coarse_grid,2.9999999999999996,0.6,4981.95380341292,0.5324394754539856,evaluated,,2299,
coarse_grid,2.9999999999999996,0.669901218397251,4655.926562335193,0.5613534769648343,evaluated,,810,
coarse_grid,2.9999999999999996,0.7673818741681168,4554.075891201026,0.57205653134266,evaluated,,301,
coarse_grid,2.9999999999999996,0.8790474246496578,4573.947205334349,0.5702211392799591,evaluated,,193,
coarse_grid,2.9999999999999996,1.0069619843716933,4577.317623906374,0.5699200349553168,positive_alpha_scaling_without_clipping,1.0,0,
coarse_grid,2.9999999999999996,1.1,4580.936628080302,0.5696097149306537,positive_alpha_scaling_without_clipping,1.0,0,
coarse_grid,2.9999999999999996,1.1534900274281497,4576.564151894321,0.5699913288619863,positive_alpha_scaling_without_clipping,1.0,0,
coarse_grid,2.9999999999999996,1.3213400942900544,4567.389184066557,0.5707762528129745,positive_alpha_scaling_without_clipping,1.0,0,
coarse_grid,2.9999999999999996,1.5136148586141145,4581.013432143584,0.5696080096178608,positive_alpha_scaling_without_clipping,1.0,0,
coarse_grid,2.9999999999999996,1.6,4577.071867816016,0.5699305401830013,positive_alpha_scaling_without_clipping,1.0,0,
coarse_grid,2.9999999999999996,1.733868479521449,4576.673091886607,0.5699714615082974,positive_alpha_scaling_without_clipping,1.0,0,
coarse_grid,2.9999999999999996,1.9861722994914508,4577.44632980914,0.5699133827387846,positive_alpha_scaling_without_clipping,1.0,0,
coarse_grid,2.9999999999999996,2.1,4576.586725323683,0.5699994373239499,positive_alpha_scaling_without_clipping,1.0,0,
coarse_grid,2.9999999999999996,2.2751901022827012,4577.542748622963,0.5699072194737715,positive_alpha_scaling_without_clipping,1.0,0,
coarse_grid,2.9999999999999996,2.6,4589.42609285825,0.5688408372629263,positive_alpha_scaling_without_clipping,1.0,0,
coarse_grid,2.9999999999999996,2.6062643220080064,4576.360811888584,0.5700157928185348,positive_alpha_scaling_without_clipping,1.0,0,
coarse_grid,2.9999999999999996,2.9855147969204046,4576.8980115857985,0.569957098936243,positive_alpha_scaling_without_clipping,1.0,0,
coarse_grid,2.9999999999999996,3.1,4581.646903894092,0.569547549028695,positive_alpha_scaling_without_clipping,1.0,0,
coarse_grid,2.9999999999999996,3.419951893353395,4584.758082272656,0.5692914029467351,positive_alpha_scaling_without_clipping,1.0,0,
coarse_grid,2.9999999999999996,3.6,4568.763927941906,0.5706859633818366,positive_alpha_scaling_without_clipping,1.0,0,
coarse_grid,2.9999999999999996,3.9176060908879475,4577.961028219671,0.5698524921430029,positive_alpha_scaling_without_clipping,1.0,0,
coarse_grid,2.9999999999999996,4.1,4577.672424398739,0.5698851906785205,positive_alpha_scaling_without_clipping,1.0,0,
coarse_grid,2.9999999999999996,4.487676424101213,4568.370022664341,0.5707672244058258,positive_alpha_scaling_without_clipping,1.0,0,
coarse_grid,2.9999999999999996,4.6,4593.485426173872,0.5682910161295194,positive_alpha_scaling_without_clipping,1.0,0,
coarse_grid,2.9999999999999996,5.1,4596.6490669500445,0.5679509570721601,positive_alpha_scaling_without_clipping,1.0,0,
coarse_grid,2.9999999999999996,5.140700524811874,4572.450516606108,0.5703428897819836,positive_alpha_scaling_without_clipping,1.0,0,
coarse_grid,2.9999999999999996,5.6,4573.671300044352,0.5702761723776025,positive_alpha_scaling_without_clipping,1.0,0,
coarse_grid,2.9999999999999996,5.8887494080177145,4601.1173149810165,0.5675300986009386,positive_alpha_scaling_without_clipping,1.0,0,
coarse_grid,2.9999999999999996,6.1,4576.707464252604,0.5699530573494697,positive_alpha_scaling_without_clipping,1.0,0,
coarse_grid,2.9999999999999996,6.6,4575.2163378939495,0.570071942578345,positive_alpha_scaling_without_clipping,1.0,0,
coarse_grid,2.9999999999999996,6.745650602103109,4600.6788486409805,0.5675177035174679,positive_alpha_scaling_without_clipping,1.0,0,
coarse_grid,2.9999999999999996,7.1,4603.928269920944,0.5671909481973678,positive_alpha_scaling_without_clipping,1.0,0,
coarse_grid,2.9999999999999996,7.6,4574.748486362678,0.5701172234724339,positive_alpha_scaling_without_clipping,1.0,0,
coarse_grid,2.9999999999999996,7.727243747831959,4604.690644676204,0.5671216815917073,positive_alpha_scaling_without_clipping,1.0,0,
coarse_grid,2.9999999999999996,8.1,4604.690644676204,0.5671216815917073,positive_alpha_scaling_without_clipping,1.0,0,
coarse_grid,2.9999999999999996,8.6,4606.203898520662,0.5669697150737116,positive_alpha_scaling_without_clipping,1.0,0,
coarse_grid,2.9999999999999996,8.851673390820459,4591.896638984754,0.5684024832522474,positive_alpha_scaling_without_clipping,1.0,0,
coarse_grid,2.9999999999999996,9.1,4594.404189547808,0.56814860885031,positive_alpha_scaling_without_clipping,1.0,0,
coarse_grid,2.9999999999999996,9.6,4600.922579498783,0.5675258967399553,positive_alpha_scaling_without_clipping,1.0,0,
coarse_grid,2.9999999999999996,10.1,4599.069925463199,0.5676787814331805,positive_alpha_scaling_without_clipping,1.0,0,
coarse_grid,2.9999999999999996,10.13972437969778,4584.790199844871,0.5691455987390126,positive_alpha_scaling_without_clipping,1.0,0,
coarse_grid,2.9999999999999996,10.6,4584.449351006083,0.5691735421809102,positive_alpha_scaling_without_clipping,1.0,0,
coarse_grid,2.9999999999999996,11.1,4571.083296668919,0.5704831172583037,positive_alpha_scaling_without_clipping,1.0,0,
coarse_grid,2.9999999999999996,11.6,4594.244217949093,0.5681483140474841,positive_alpha_scaling_without_clipping,1.0,0,
coarse_grid,2.9999999999999996,11.615206069720077,4572.422296055343,0.5703380219380316,positive_alpha_scaling_without_clipping,1.0,0,
coarse_grid,2.9999999999999996,12.1,4585.48582071135,0.5690443545933693,positive_alpha_scaling_without_clipping,1.0,0,
coarse_grid,2.9999999999999996,12.6,4568.319951219067,0.5707384460638526,positive_alpha_scaling_without_clipping,1.0,0,
coarse_grid,2.9999999999999996,13.1,4574.310469676013,0.5701407192726785,positive_alpha_scaling_without_clipping,1.0,0,
coarse_grid,2.9999999999999996,13.305392433761932,4599.404478329339,0.5676587504815969,positive_alpha_scaling_without_clipping,1.0,0,
coarse_grid,2.9999999999999996,13.6,4574.930273684808,0.5701122144842878,positive_alpha_scaling_without_clipping,1.0,0,
coarse_grid,2.9999999999999996,14.1,4576.615408288283,0.5699594643995101,positive_alpha_scaling_without_clipping,1.0,0,
coarse_grid,2.9999999999999996,14.6,4578.062718802941,0.5697882135055545,positive_alpha_scaling_without_clipping,1.0,0,
coarse_grid,2.9999999999999996,15.1,4578.8001904400735,0.5697055205469229,positive_alpha_scaling_without_clipping,1.0,0,
coarse_grid,2.9999999999999996,15.241526216045477,4579.468054763686,0.5696468465641402,positive_alpha_scaling_without_clipping,1.0,0,
coarse_grid,2.9999999999999996,15.6,4575.344537843187,0.5700596498289199,positive_alpha_scaling_without_clipping,1.0,0,
coarse_grid,2.9999999999999996,16.1,4579.468054763686,0.5696468465641403,positive_alpha_scaling_without_clipping,1.0,0,
coarse_grid,2.9999999999999996,16.6,4576.760238383685,0.5698804410338929,positive_alpha_scaling_without_clipping,1.0,0,
coarse_grid,2.9999999999999996,17.1,4583.3390018053815,0.569227676276133,positive_alpha_scaling_without_clipping,1.0,0,
coarse_grid,2.9999999999999996,17.459396447784496,4617.047151091313,0.5659028381038784,positive_alpha_scaling_without_clipping,1.0,0,
coarse_grid,2.9999999999999996,17.6,4578.218888331086,0.5697711325814618,positive_alpha_scaling_without_clipping,1.0,0,
coarse_grid,2.9999999999999996,18.1,4603.638262790091,0.5671684166446114,positive_alpha_scaling_without_clipping,1.0,0,
coarse_grid,2.9999999999999996,18.6,4576.180366888808,0.5699361649927415,positive_alpha_scaling_without_clipping,1.0,0,
coarse_grid,2.9999999999999996,19.1,4601.160385029961,0.5673769142573142,positive_alpha_scaling_without_clipping,1.0,0,
coarse_grid,2.9999999999999996,19.6,4602.145169185157,0.5673110246705817,positive_alpha_scaling_without_clipping,1.0,0,
coarse_grid,2.9999999999999996,20.000000000000004,4599.3996525604625,0.5675478518364854,positive_alpha_scaling_without_clipping,1.0,0,
coarse_grid,3.1999999999999993,0.1,13091.35659809138,-0.19692898168073902,evaluated,,12655,
coarse_grid,3.1999999999999993,0.11455149701087121,13090.952387965062,-0.1968943217327701,evaluated,,12655,
coarse_grid,3.1999999999999993,0.13122045467431637,13090.611975216492,-0.19686513224100521,evaluated,,12655,
coarse_grid,3.1999999999999993,0.1503149952139011,13090.297127485033,-0.1968381348817605,evaluated,,12654,
coarse_grid,3.1999999999999993,0.17218807724934312,13089.920327096406,-0.19680582524621648,evaluated,,12654,
coarse_grid,3.1999999999999993,0.1972440201633579,13089.66110270949,-0.19678526401913043,evaluated,,12653,
coarse_grid,3.1999999999999993,0.22594597786155107,13089.177394933717,-0.19674426303670012,evaluated,,12651,
coarse_grid,3.1999999999999993,0.2588245000762584,13088.7067086235,-0.1967039029319929,evaluated,,12650,
coarse_grid,3.1999999999999993,0.29648733946825756,13088.232771694162,-0.1966632640953041,evaluated,,12648,
coarse_grid,3.1999999999999993,0.3396306858085926,13095.712646973832,-0.19741318526919016,evaluated,,12615,
coarse_grid,3.1999999999999993,0.3890520349020314,12820.553614453664,-0.17397100255421027,evaluated,,12516,
coarse_grid,3.1999999999999993,0.445664930131534,13761.862394104688,-0.2880481665769853,evaluated,,10994,
coarse_grid,3.1999999999999993,0.5105158491181254,10223.339110502158,0.03383073835949285,evaluated,,6574,
coarse_grid,3.1999999999999993,0.5848035476425733,5093.402722957223,0.5207725853485836,evaluated,,3385,
coarse_grid,3.1999999999999993,0.6,5025.268482887534,0.5278734121187196,evaluated,,3144,
coarse_grid,3.1999999999999993,0.669901218397251,4890.584515884549,0.5392845650258489,evaluated,,1618,
coarse_grid,3.1999999999999993,0.7673818741681168,4563.663687376533,0.5709913078612895,evaluated,,391,
coarse_grid,3.1999999999999993,0.8790474246496578,4571.336820608433,0.5704287439430908,evaluated,,294,
coarse_grid,3.1999999999999993,1.0069619843716933,4577.201651583884,0.5699348597071253,evaluated,,57,
coarse_grid,3.1999999999999993,1.1,4580.936628080302,0.5696097149306537,positive_alpha_scaling_without_clipping,1.0,0,
coarse_grid,3.1999999999999993,1.1534900274281497,4576.564151894321,0.5699913288619863,positive_alpha_scaling_without_clipping,1.0,0,
coarse_grid,3.1999999999999993,1.3213400942900544,4567.389184066557,0.5707762528129745,positive_alpha_scaling_without_clipping,1.0,0,
coarse_grid,3.1999999999999993,1.5136148586141145,4581.013432143584,0.5696080096178608,positive_alpha_scaling_without_clipping,1.0,0,
coarse_grid,3.1999999999999993,1.6,4577.071867816016,0.5699305401830013,positive_alpha_scaling_without_clipping,1.0,0,
coarse_grid,3.1999999999999993,1.733868479521449,4576.673091886607,0.5699714615082974,positive_alpha_scaling_without_clipping,1.0,0,
coarse_grid,3.1999999999999993,1.9861722994914508,4577.44632980914,0.5699133827387846,positive_alpha_scaling_without_clipping,1.0,0,
coarse_grid,3.1999999999999993,2.1,4576.586725323683,0.5699994373239499,positive_alpha_scaling_without_clipping,1.0,0,
coarse_grid,3.1999999999999993,2.2751901022827012,4577.542748622963,0.5699072194737715,positive_alpha_scaling_without_clipping,1.0,0,
coarse_grid,3.1999999999999993,2.6,4589.42609285825,0.5688408372629263,positive_alpha_scaling_without_clipping,1.0,0,
coarse_grid,3.1999999999999993,2.6062643220080064,4576.360811888584,0.5700157928185348,positive_alpha_scaling_without_clipping,1.0,0,
coarse_grid,3.1999999999999993,2.9855147969204046,4576.8980115857985,0.569957098936243,positive_alpha_scaling_without_clipping,1.0,0,
coarse_grid,3.1999999999999993,3.1,4581.646903894092,0.569547549028695,positive_alpha_scaling_without_clipping,1.0,0,
coarse_grid,3.1999999999999993,3.419951893353395,4584.758082272656,0.5692914029467351,positive_alpha_scaling_without_clipping,1.0,0,
coarse_grid,3.1999999999999993,3.6,4568.763927941906,0.5706859633818366,positive_alpha_scaling_without_clipping,1.0,0,
coarse_grid,3.1999999999999993,3.9176060908879475,4577.961028219671,0.5698524921430029,positive_alpha_scaling_without_clipping,1.0,0,
coarse_grid,3.1999999999999993,4.1,4577.672424398739,0.5698851906785205,positive_alpha_scaling_without_clipping,1.0,0,
coarse_grid,3.1999999999999993,4.487676424101213,4568.370022664341,0.5707672244058258,positive_alpha_scaling_without_clipping,1.0,0,
coarse_grid,3.1999999999999993,4.6,4593.485426173872,0.5682910161295194,positive_alpha_scaling_without_clipping,1.0,0,
coarse_grid,3.1999999999999993,5.1,4596.6490669500445,0.5679509570721601,positive_alpha_scaling_without_clipping,1.0,0,
coarse_grid,3.1999999999999993,5.140700524811874,4572.450516606108,0.5703428897819836,positive_alpha_scaling_without_clipping,1.0,0,
coarse_grid,3.1999999999999993,5.6,4573.671300044352,0.5702761723776025,positive_alpha_scaling_without_clipping,1.0,0,
coarse_grid,3.1999999999999993,5.8887494080177145,4601.1173149810165,0.5675300986009386,positive_alpha_scaling_without_clipping,1.0,0,
coarse_grid,3.1999999999999993,6.1,4576.707464252604,0.5699530573494697,positive_alpha_scaling_without_clipping,1.0,0,
coarse_grid,3.1999999999999993,6.6,4575.2163378939495,0.570071942578345,positive_alpha_scaling_without_clipping,1.0,0,
coarse_grid,3.1999999999999993,6.745650602103109,4600.6788486409805,0.5675177035174679,positive_alpha_scaling_without_clipping,1.0,0,
coarse_grid,3.1999999999999993,7.1,4603.928269920944,0.5671909481973678,positive_alpha_scaling_without_clipping,1.0,0,
coarse_grid,3.1999999999999993,7.6,4574.748486362678,0.5701172234724339,positive_alpha_scaling_without_clipping,1.0,0,
coarse_grid,3.1999999999999993,7.727243747831959,4604.690644676204,0.5671216815917073,positive_alpha_scaling_without_clipping,1.0,0,
coarse_grid,3.1999999999999993,8.1,4604.690644676204,0.5671216815917073,positive_alpha_scaling_without_clipping,1.0,0,
coarse_grid,3.1999999999999993,8.6,4606.203898520662,0.5669697150737116,positive_alpha_scaling_without_clipping,1.0,0,
coarse_grid,3.1999999999999993,8.851673390820459,4591.896638984754,0.5684024832522474,positive_alpha_scaling_without_clipping,1.0,0,
coarse_grid,3.1999999999999993,9.1,4594.404189547808,0.56814860885031,positive_alpha_scaling_without_clipping,1.0,0,
coarse_grid,3.1999999999999993,9.6,4600.922579498783,0.5675258967399553,positive_alpha_scaling_without_clipping,1.0,0,
coarse_grid,3.1999999999999993,10.1,4599.069925463199,0.5676787814331805,positive_alpha_scaling_without_clipping,1.0,0,
coarse_grid,3.1999999999999993,10.13972437969778,4584.790199844871,0.5691455987390126,positive_alpha_scaling_without_clipping,1.0,0,
coarse_grid,3.1999999999999993,10.6,4584.449351006083,0.5691735421809102,positive_alpha_scaling_without_clipping,1.0,0,
coarse_grid,3.1999999999999993,11.1,4571.083296668919,0.5704831172583037,positive_alpha_scaling_without_clipping,1.0,0,
coarse_grid,3.1999999999999993,11.6,4594.244217949093,0.5681483140474841,positive_alpha_scaling_without_clipping,1.0,0,
coarse_grid,3.1999999999999993,11.615206069720077,4572.422296055343,0.5703380219380316,positive_alpha_scaling_without_clipping,1.0,0,
coarse_grid,3.1999999999999993,12.1,4585.48582071135,0.5690443545933693,positive_alpha_scaling_without_clipping,1.0,0,
coarse_grid,3.1999999999999993,12.6,4568.319951219067,0.5707384460638526,positive_alpha_scaling_without_clipping,1.0,0,
coarse_grid,3.1999999999999993,13.1,4574.310469676013,0.5701407192726785,positive_alpha_scaling_without_clipping,1.0,0,
coarse_grid,3.1999999999999993,13.305392433761932,4599.404478329339,0.5676587504815969,positive_alpha_scaling_without_clipping,1.0,0,
coarse_grid,3.1999999999999993,13.6,4574.930273684808,0.5701122144842878,positive_alpha_scaling_without_clipping,1.0,0,
coarse_grid,3.1999999999999993,14.1,4576.615408288283,0.5699594643995101,positive_alpha_scaling_without_clipping,1.0,0,
coarse_grid,3.1999999999999993,14.6,4578.062718802941,0.5697882135055545,positive_alpha_scaling_without_clipping,1.0,0,
coarse_grid,3.1999999999999993,15.1,4578.8001904400735,0.5697055205469229,positive_alpha_scaling_without_clipping,1.0,0,
coarse_grid,3.1999999999999993,15.241526216045477,4579.468054763686,0.5696468465641402,positive_alpha_scaling_without_clipping,1.0,0,
coarse_grid,3.1999999999999993,15.6,4575.344537843187,0.5700596498289199,positive_alpha_scaling_without_clipping,1.0,0,
coarse_grid,3.1999999999999993,16.1,4579.468054763686,0.5696468465641403,positive_alpha_scaling_without_clipping,1.0,0,
coarse_grid,3.1999999999999993,16.6,4576.760238383685,0.5698804410338929,positive_alpha_scaling_without_clipping,1.0,0,
coarse_grid,3.1999999999999993,17.1,4583.3390018053815,0.569227676276133,positive_alpha_scaling_without_clipping,1.0,0,
coarse_grid,3.1999999999999993,17.459396447784496,4617.047151091313,0.5659028381038784,positive_alpha_scaling_without_clipping,1.0,0,
coarse_grid,3.1999999999999993,17.6,4578.218888331086,0.5697711325814618,positive_alpha_scaling_without_clipping,1.0,0,
coarse_grid,3.1999999999999993,18.1,4603.638262790091,0.5671684166446114,positive_alpha_scaling_without_clipping,1.0,0,
coarse_grid,3.1999999999999993,18.6,4576.180366888808,0.5699361649927415,positive_alpha_scaling_without_clipping,1.0,0,
coarse_grid,3.1999999999999993,19.1,4601.160385029961,0.5673769142573142,positive_alpha_scaling_without_clipping,1.0,0,
coarse_grid,3.1999999999999993,19.6,4602.145169185157,0.5673110246705817,positive_alpha_scaling_without_clipping,1.0,0,
coarse_grid,3.1999999999999993,20.000000000000004,4599.3996525604625,0.5675478518364854,positive_alpha_scaling_without_clipping,1.0,0,
coarse_grid,3.3999999999999995,0.1,13091.235761509797,-0.1969153600139879,evaluated,,12656,
coarse_grid,3.3999999999999995,0.11455149701087121,13091.124134028003,-0.1969090485028775,evaluated,,12655,
coarse_grid,3.3999999999999995,0.13122045467431637,13090.756763657673,-0.19687754746643138,evaluated,,12655,
coarse_grid,3.3999999999999995,0.1503149952139011,13090.446771728639,-0.19685096647938627,evaluated,,12655,
coarse_grid,3.3999999999999995,0.17218807724934312,13090.086201632626,-0.1968200485484557,evaluated,,12654,
coarse_grid,3.3999999999999995,0.1972440201633579,13089.72000421158,-0.19678864808930474,evaluated,,12654,
coarse_grid,3.3999999999999995,0.22594597786155107,13089.385057462754,-0.19676159387020065,evaluated,,12652,
coarse_grid,3.3999999999999995,0.2588245000762584,13088.895901547136,-0.19672012572420527,evaluated,,12650,
coarse_grid,3.3999999999999995,0.29648733946825756,13088.453721764981,-0.19668220997879338,evaluated,,12649,
coarse_grid,3.3999999999999995,0.3396306858085926,13090.030493081154,-0.19684434761844183,evaluated,,12637,
coarse_grid,3.3999999999999995,0.3890520349020314,13103.596943073597,-0.19820247830065385,evaluated,,12583,
coarse_grid,3.3999999999999995,0.445664930131534,12926.575858549117,-0.19382614761411887,evaluated,,12001,
coarse_grid,3.3999999999999995,0.5105158491181254,12468.839895628369,-0.1739313824485606,evaluated,,8990,
coarse_grid,3.3999999999999995,0.5848035476425733,6447.643654964242,0.3915611573602551,evaluated,,4274,
coarse_grid,3.3999999999999995,0.6,5407.0582169411055,0.4890122377368731,evaluated,,3766,
coarse_grid,3.3999999999999995,0.669901218397251,4987.320631631752,0.5319901597838643,evaluated,,2461,
coarse_grid,3.3999999999999995,0.7673818741681168,4638.84305278944,0.5629782019475928,evaluated,,787,
coarse_grid,3.3999999999999995,0.8790474246496578,4570.156208110459,0.5705534411172772,evaluated,,301,
coarse_grid,3.3999999999999995,1.0069619843716933,4577.659615353443,0.5698907100943362,evaluated,,163,
coarse_grid,3.3999999999999995,1.1,4584.69996194061,0.569270805705707,evaluated,,3,
coarse_grid,3.3999999999999995,1.1534900274281497,4576.564151894321,0.5699913288619863,positive_alpha_scaling_without_clipping,1.0,0,
coarse_grid,3.3999999999999995,1.3213400942900544,4567.389184066557,0.5707762528129745,positive_alpha_scaling_without_clipping,1.0,0,
coarse_grid,3.3999999999999995,1.5136148586141145,4581.013432143584,0.5696080096178608,positive_alpha_scaling_without_clipping,1.0,0,
coarse_grid,3.3999999999999995,1.6,4577.071867816016,0.5699305401830013,positive_alpha_scaling_without_clipping,1.0,0,
coarse_grid,3.3999999999999995,1.733868479521449,4576.673091886607,0.5699714615082974,positive_alpha_scaling_without_clipping,1.0,0,
coarse_grid,3.3999999999999995,1.9861722994914508,4577.44632980914,0.5699133827387846,positive_alpha_scaling_without_clipping,1.0,0,
coarse_grid,3.3999999999999995,2.1,4576.586725323683,0.5699994373239499,positive_alpha_scaling_without_clipping,1.0,0,
coarse_grid,3.3999999999999995,2.2751901022827012,4577.542748622963,0.5699072194737715,positive_alpha_scaling_without_clipping,1.0,0,
coarse_grid,3.3999999999999995,2.6,4589.42609285825,0.5688408372629263,positive_alpha_scaling_without_clipping,1.0,0,
coarse_grid,3.3999999999999995,2.6062643220080064,4576.360811888584,0.5700157928185348,positive_alpha_scaling_without_clipping,1.0,0,
coarse_grid,3.3999999999999995,2.9855147969204046,4576.8980115857985,0.569957098936243,positive_alpha_scaling_without_clipping,1.0,0,
coarse_grid,3.3999999999999995,3.1,4581.646903894092,0.569547549028695,positive_alpha_scaling_without_clipping,1.0,0,
coarse_grid,3.3999999999999995,3.419951893353395,4584.758082272656,0.5692914029467351,positive_alpha_scaling_without_clipping,1.0,0,
coarse_grid,3.3999999999999995,3.6,4568.763927941906,0.5706859633818366,positive_alpha_scaling_without_clipping,1.0,0,
coarse_grid,3.3999999999999995,3.9176060908879475,4577.961028219671,0.5698524921430029,positive_alpha_scaling_without_clipping,1.0,0,
coarse_grid,3.3999999999999995,4.1,4577.672424398739,0.5698851906785205,positive_alpha_scaling_without_clipping,1.0,0,
coarse_grid,3.3999999999999995,4.487676424101213,4568.370022664341,0.5707672244058258,positive_alpha_scaling_without_clipping,1.0,0,
coarse_grid,3.3999999999999995,4.6,4593.485426173872,0.5682910161295194,positive_alpha_scaling_without_clipping,1.0,0,
coarse_grid,3.3999999999999995,5.1,4596.6490669500445,0.5679509570721601,positive_alpha_scaling_without_clipping,1.0,0,
coarse_grid,3.3999999999999995,5.140700524811874,4572.450516606108,0.5703428897819836,positive_alpha_scaling_without_clipping,1.0,0,
coarse_grid,3.3999999999999995,5.6,4573.671300044352,0.5702761723776025,positive_alpha_scaling_without_clipping,1.0,0,
coarse_grid,3.3999999999999995,5.8887494080177145,4601.1173149810165,0.5675300986009386,positive_alpha_scaling_without_clipping,1.0,0,
coarse_grid,3.3999999999999995,6.1,4576.707464252604,0.5699530573494697,positive_alpha_scaling_without_clipping,1.0,0,
coarse_grid,3.3999999999999995,6.6,4575.2163378939495,0.570071942578345,positive_alpha_scaling_without_clipping,1.0,0,
coarse_grid,3.3999999999999995,6.745650602103109,4600.6788486409805,0.5675177035174679,positive_alpha_scaling_without_clipping,1.0,0,
coarse_grid,3.3999999999999995,7.1,4603.928269920944,0.5671909481973678,positive_alpha_scaling_without_clipping,1.0,0,
coarse_grid,3.3999999999999995,7.6,4574.748486362678,0.5701172234724339,positive_alpha_scaling_without_clipping,1.0,0,
coarse_grid,3.3999999999999995,7.727243747831959,4604.690644676204,0.5671216815917073,positive_alpha_scaling_without_clipping,1.0,0,
coarse_grid,3.3999999999999995,8.1,4604.690644676204,0.5671216815917073,positive_alpha_scaling_without_clipping,1.0,0,
coarse_grid,3.3999999999999995,8.6,4606.203898520662,0.5669697150737116,positive_alpha_scaling_without_clipping,1.0,0,
coarse_grid,3.3999999999999995,8.851673390820459,4591.896638984754,0.5684024832522474,positive_alpha_scaling_without_clipping,1.0,0,
coarse_grid,3.3999999999999995,9.1,4594.404189547808,0.56814860885031,positive_alpha_scaling_without_clipping,1.0,0,
coarse_grid,3.3999999999999995,9.6,4600.922579498783,0.5675258967399553,positive_alpha_scaling_without_clipping,1.0,0,
coarse_grid,3.3999999999999995,10.1,4599.069925463199,0.5676787814331805,positive_alpha_scaling_without_clipping,1.0,0,
coarse_grid,3.3999999999999995,10.13972437969778,4584.790199844871,0.5691455987390126,positive_alpha_scaling_without_clipping,1.0,0,
coarse_grid,3.3999999999999995,10.6,4584.449351006083,0.5691735421809102,positive_alpha_scaling_without_clipping,1.0,0,
coarse_grid,3.3999999999999995,11.1,4571.083296668919,0.5704831172583037,positive_alpha_scaling_without_clipping,1.0,0,
coarse_grid,3.3999999999999995,11.6,4594.244217949093,0.5681483140474841,positive_alpha_scaling_without_clipping,1.0,0,
coarse_grid,3.3999999999999995,11.615206069720077,4572.422296055343,0.5703380219380316,positive_alpha_scaling_without_clipping,1.0,0,
coarse_grid,3.3999999999999995,12.1,4585.48582071135,0.5690443545933693,positive_alpha_scaling_without_clipping,1.0,0,
coarse_grid,3.3999999999999995,12.6,4568.319951219067,0.5707384460638526,positive_alpha_scaling_without_clipping,1.0,0,
coarse_grid,3.3999999999999995,13.1,4574.310469676013,0.5701407192726785,positive_alpha_scaling_without_clipping,1.0,0,
coarse_grid,3.3999999999999995,13.305392433761932,4599.404478329339,0.5676587504815969,positive_alpha_scaling_without_clipping,1.0,0,
coarse_grid,3.3999999999999995,13.6,4574.930273684808,0.5701122144842878,positive_alpha_scaling_without_clipping,1.0,0,
coarse_grid,3.3999999999999995,14.1,4576.615408288283,0.5699594643995101,positive_alpha_scaling_without_clipping,1.0,0,
coarse_grid,3.3999999999999995,14.6,4578.062718802941,0.5697882135055545,positive_alpha_scaling_without_clipping,1.0,0,
coarse_grid,3.3999999999999995,15.1,4578.8001904400735,0.5697055205469229,positive_alpha_scaling_without_clipping,1.0,0,
coarse_grid,3.3999999999999995,15.241526216045477,4579.468054763686,0.5696468465641402,positive_alpha_scaling_without_clipping,1.0,0,
coarse_grid,3.3999999999999995,15.6,4575.344537843187,0.5700596498289199,positive_alpha_scaling_without_clipping,1.0,0,
coarse_grid,3.3999999999999995,16.1,4579.468054763686,0.5696468465641403,positive_alpha_scaling_without_clipping,1.0,0,
coarse_grid,3.3999999999999995,16.6,4576.760238383685,0.5698804410338929,positive_alpha_scaling_without_clipping,1.0,0,
coarse_grid,3.3999999999999995,17.1,4583.3390018053815,0.569227676276133,positive_alpha_scaling_without_clipping,1.0,0,
coarse_grid,3.3999999999999995,17.459396447784496,4617.047151091313,0.5659028381038784,positive_alpha_scaling_without_clipping,1.0,0,
coarse_grid,3.3999999999999995,17.6,4578.218888331086,0.5697711325814618,positive_alpha_scaling_without_clipping,1.0,0,
coarse_grid,3.3999999999999995,18.1,4603.638262790091,0.5671684166446114,positive_alpha_scaling_without_clipping,1.0,0,
coarse_grid,3.3999999999999995,18.6,4576.180366888808,0.5699361649927415,positive_alpha_scaling_without_clipping,1.0,0,
coarse_grid,3.3999999999999995,19.1,4601.160385029961,0.5673769142573142,positive_alpha_scaling_without_clipping,1.0,0,
coarse_grid,3.3999999999999995,19.6,4602.145169185157,0.5673110246705817,positive_alpha_scaling_without_clipping,1.0,0,
coarse_grid,3.3999999999999995,20.000000000000004,4599.3996525604625,0.5675478518364854,positive_alpha_scaling_without_clipping,1.0,0,
coarse_grid,3.5999999999999996,0.1,13091.306027980028,-0.19692138517774205,evaluated,,12656,
coarse_grid,3.5999999999999996,0.11455149701087121,13091.298689605203,-0.19692401618139288,evaluated,,12655,
coarse_grid,3.5999999999999996,0.13122045467431637,13090.903693163113,-0.19689014628244839,evaluated,,12655,
coarse_grid,3.5999999999999996,0.1503149952139011,13090.570881725555,-0.1968616085829743,evaluated,,12655,
coarse_grid,3.5999999999999996,0.17218807724934312,13090.24597130773,-0.19683374837502,evaluated,,12654,
coarse_grid,3.5999999999999996,0.1972440201633579,13089.871634697449,-0.19680165000194505,evaluated,,12654,
coarse_grid,3.5999999999999996,0.22594597786155107,13089.593576974807,-0.1967794738661921,evaluated,,12652,
coarse_grid,3.5999999999999996,0.2588245000762584,13089.101497269228,-0.19673775501295,evaluated,,12651,
coarse_grid,3.5999999999999996,0.29648733946825756,13088.653462195045,-0.19669933719175137,evaluated,,12650,
coarse_grid,3.5999999999999996,0.3396306858085926,13088.160602848075,-0.19665707580785785,evaluated,,12648,
coarse_grid,3.5999999999999996,0.3890520349020314,13095.712646973832,-0.19741318526919016,evaluated,,12615,
coarse_grid,3.5999999999999996,0.445664930131534,12578.498682373809,-0.15310838943671934,evaluated,,12408,
coarse_grid,3.5999999999999996,0.5105158491181254,13605.10767186348,-0.2728042615127543,evaluated,,10736,
coarse_grid,3.5999999999999996,0.5848035476425733,9632.845735344097,0.08893666110091397,evaluated,,6030,
coarse_grid,3.5999999999999996,0.6,7668.18334879266,0.279308253301829,evaluated,,5057,
coarse_grid,3.5999999999999996,0.669901218397251,5030.0595393430085,0.5272106521898499,evaluated,,3203,
coarse_grid,3.5999999999999996,0.7673818741681168,4806.71785109289,0.5471913581531456,evaluated,,1368,
coarse_grid,3.5999999999999996,0.8790474246496578,4563.461160923423,0.5712356799460503,evaluated,,337,
coarse_grid,3.5999999999999996,1.0069619843716933,4577.047943740696,0.5699431593154012,evaluated,,272,
coarse_grid,3.5999999999999996,1.1,4587.046303878089,0.5690618948750943,evaluated,,115,
coarse_grid,3.5999999999999996,1.1534900274281497,4576.56415189432,0.5699913288619864,evaluated,,36,
coarse_grid,3.5999999999999996,1.3213400942900544,4567.389184066557,0.5707762528129745,positive_alpha_scaling_without_clipping,1.0,0,
coarse_grid,3.5999999999999996,1.5136148586141145,4581.013432143584,0.5696080096178608,positive_alpha_scaling_without_clipping,1.0,0,
coarse_grid,3.5999999999999996,1.6,4577.071867816016,0.5699305401830013,positive_alpha_scaling_without_clipping,1.0,0,
coarse_grid,3.5999999999999996,1.733868479521449,4576.673091886607,0.5699714615082974,positive_alpha_scaling_without_clipping,1.0,0,
coarse_grid,3.5999999999999996,1.9861722994914508,4577.44632980914,0.5699133827387846,positive_alpha_scaling_without_clipping,1.0,0,
coarse_grid,3.5999999999999996,2.1,4576.586725323683,0.5699994373239499,positive_alpha_scaling_without_clipping,1.0,0,
coarse_grid,3.5999999999999996,2.2751901022827012,4577.542748622963,0.5699072194737715,positive_alpha_scaling_without_clipping,1.0,0,
coarse_grid,3.5999999999999996,2.6,4589.42609285825,0.5688408372629263,positive_alpha_scaling_without_clipping,1.0,0,
coarse_grid,3.5999999999999996,2.6062643220080064,4576.360811888584,0.5700157928185348,positive_alpha_scaling_without_clipping,1.0,0,
coarse_grid,3.5999999999999996,2.9855147969204046,4576.8980115857985,0.569957098936243,positive_alpha_scaling_without_clipping,1.0,0,
coarse_grid,3.5999999999999996,3.1,4581.646903894092,0.569547549028695,positive_alpha_scaling_without_clipping,1.0,0,
coarse_grid,3.5999999999999996,3.419951893353395,4584.758082272656,0.5692914029467351,positive_alpha_scaling_without_clipping,1.0,0,
coarse_grid,3.5999999999999996,3.6,4568.763927941906,0.5706859633818366,positive_alpha_scaling_without_clipping,1.0,0,
coarse_grid,3.5999999999999996,3.9176060908879475,4577.961028219671,0.5698524921430029,positive_alpha_scaling_without_clipping,1.0,0,
coarse_grid,3.5999999999999996,4.1,4577.672424398739,0.5698851906785205,positive_alpha_scaling_without_clipping,1.0,0,
coarse_grid,3.5999999999999996,4.487676424101213,4568.370022664341,0.5707672244058258,positive_alpha_scaling_without_clipping,1.0,0,
coarse_grid,3.5999999999999996,4.6,4593.485426173872,0.5682910161295194,positive_alpha_scaling_without_clipping,1.0,0,
coarse_grid,3.5999999999999996,5.1,4596.6490669500445,0.5679509570721601,positive_alpha_scaling_without_clipping,1.0,0,
coarse_grid,3.5999999999999996,5.140700524811874,4572.450516606108,0.5703428897819836,positive_alpha_scaling_without_clipping,1.0,0,
coarse_grid,3.5999999999999996,5.6,4573.671300044352,0.5702761723776025,positive_alpha_scaling_without_clipping,1.0,0,
coarse_grid,3.5999999999999996,5.8887494080177145,4601.1173149810165,0.5675300986009386,positive_alpha_scaling_without_clipping,1.0,0,
coarse_grid,3.5999999999999996,6.1,4576.707464252604,0.5699530573494697,positive_alpha_scaling_without_clipping,1.0,0,
coarse_grid,3.5999999999999996,6.6,4575.2163378939495,0.570071942578345,positive_alpha_scaling_without_clipping,1.0,0,
coarse_grid,3.5999999999999996,6.745650602103109,4600.6788486409805,0.5675177035174679,positive_alpha_scaling_without_clipping,1.0,0,
coarse_grid,3.5999999999999996,7.1,4603.928269920944,0.5671909481973678,positive_alpha_scaling_without_clipping,1.0,0,
coarse_grid,3.5999999999999996,7.6,4574.748486362678,0.5701172234724339,positive_alpha_scaling_without_clipping,1.0,0,
coarse_grid,3.5999999999999996,7.727243747831959,4604.690644676204,0.5671216815917073,positive_alpha_scaling_without_clipping,1.0,0,
coarse_grid,3.5999999999999996,8.1,4604.690644676204,0.5671216815917073,positive_alpha_scaling_without_clipping,1.0,0,
coarse_grid,3.5999999999999996,8.6,4606.203898520662,0.5669697150737116,positive_alpha_scaling_without_clipping,1.0,0,
coarse_grid,3.5999999999999996,8.851673390820459,4591.896638984754,0.5684024832522474,positive_alpha_scaling_without_clipping,1.0,0,
coarse_grid,3.5999999999999996,9.1,4594.404189547808,0.56814860885031,positive_alpha_scaling_without_clipping,1.0,0,
coarse_grid,3.5999999999999996,9.6,4600.922579498783,0.5675258967399553,positive_alpha_scaling_without_clipping,1.0,0,
coarse_grid,3.5999999999999996,10.1,4599.069925463199,0.5676787814331805,positive_alpha_scaling_without_clipping,1.0,0,
coarse_grid,3.5999999999999996,10.13972437969778,4584.790199844871,0.5691455987390126,positive_alpha_scaling_without_clipping,1.0,0,
coarse_grid,3.5999999999999996,10.6,4584.449351006083,0.5691735421809102,positive_alpha_scaling_without_clipping,1.0,0,
coarse_grid,3.5999999999999996,11.1,4571.083296668919,0.5704831172583037,positive_alpha_scaling_without_clipping,1.0,0,
coarse_grid,3.5999999999999996,11.6,4594.244217949093,0.5681483140474841,positive_alpha_scaling_without_clipping,1.0,0,
coarse_grid,3.5999999999999996,11.615206069720077,4572.422296055343,0.5703380219380316,positive_alpha_scaling_without_clipping,1.0,0,
coarse_grid,3.5999999999999996,12.1,4585.48582071135,0.5690443545933693,positive_alpha_scaling_without_clipping,1.0,0,
coarse_grid,3.5999999999999996,12.6,4568.319951219067,0.5707384460638526,positive_alpha_scaling_without_clipping,1.0,0,
coarse_grid,3.5999999999999996,13.1,4574.310469676013,0.5701407192726785,positive_alpha_scaling_without_clipping,1.0,0,
coarse_grid,3.5999999999999996,13.305392433761932,4599.404478329339,0.5676587504815969,positive_alpha_scaling_without_clipping,1.0,0,
coarse_grid,3.5999999999999996,13.6,4574.930273684808,0.5701122144842878,positive_alpha_scaling_without_clipping,1.0,0,
coarse_grid,3.5999999999999996,14.1,4576.615408288283,0.5699594643995101,positive_alpha_scaling_without_clipping,1.0,0,
coarse_grid,3.5999999999999996,14.6,4578.062718802941,0.5697882135055545,positive_alpha_scaling_without_clipping,1.0,0,
coarse_grid,3.5999999999999996,15.1,4578.8001904400735,0.5697055205469229,positive_alpha_scaling_without_clipping,1.0,0,
coarse_grid,3.5999999999999996,15.241526216045477,4579.468054763686,0.5696468465641402,positive_alpha_scaling_without_clipping,1.0,0,
coarse_grid,3.5999999999999996,15.6,4575.344537843187,0.5700596498289199,positive_alpha_scaling_without_clipping,1.0,0,
coarse_grid,3.5999999999999996,16.1,4579.468054763686,0.5696468465641403,positive_alpha_scaling_without_clipping,1.0,0,
coarse_grid,3.5999999999999996,16.6,4576.760238383685,0.5698804410338929,positive_alpha_scaling_without_clipping,1.0,0,
coarse_grid,3.5999999999999996,17.1,4583.3390018053815,0.569227676276133,positive_alpha_scaling_without_clipping,1.0,0,
coarse_grid,3.5999999999999996,17.459396447784496,4617.047151091313,0.5659028381038784,positive_alpha_scaling_without_clipping,1.0,0,
coarse_grid,3.5999999999999996,17.6,4578.218888331086,0.5697711325814618,positive_alpha_scaling_without_clipping,1.0,0,
coarse_grid,3.5999999999999996,18.1,4603.638262790091,0.5671684166446114,positive_alpha_scaling_without_clipping,1.0,0,
coarse_grid,3.5999999999999996,18.6,4576.180366888808,0.5699361649927415,positive_alpha_scaling_without_clipping,1.0,0,
coarse_grid,3.5999999999999996,19.1,4601.160385029961,0.5673769142573142,positive_alpha_scaling_without_clipping,1.0,0,
coarse_grid,3.5999999999999996,19.6,4602.145169185157,0.5673110246705817,positive_alpha_scaling_without_clipping,1.0,0,
coarse_grid,3.5999999999999996,20.000000000000004,4599.3996525604625,0.5675478518364854,positive_alpha_scaling_without_clipping,1.0,0,
coarse_grid,3.7999999999999994,0.1,13091.377253897732,-0.19692749261157638,evaluated,,12656,
coarse_grid,3.7999999999999994,0.11455149701087121,13091.206981622901,-0.19691289221489672,evaluated,,12656,
coarse_grid,3.7999999999999994,0.13122045467431637,13091.052763732816,-0.19690292868905623,evaluated,,12655,
coarse_grid,3.7999999999999994,0.1503149952139011,13090.696623376823,-0.19687239059660222,evaluated,,12655,
coarse_grid,3.7999999999999994,0.17218807724934312,13090.395920084266,-0.19684660608553817,evaluated,,12655,
coarse_grid,3.7999999999999994,0.1972440201633579,13090.018355651937,-0.19681423093527017,evaluated,,12654,
coarse_grid,3.7999999999999994,0.22594597786155107,13089.65581820099,-0.19678314430886357,evaluated,,12654,
coarse_grid,3.7999999999999994,0.2588245000762584,13089.297605612493,-0.19675409510561637,evaluated,,12652,
coarse_grid,3.7999999999999994,0.29648733946825756,13088.817065360177,-0.1967133657299346,evaluated,,12650,
coarse_grid,3.7999999999999994,0.3396306858085926,13088.369307353063,-0.1966749716665036,evaluated,,12649,
coarse_grid,3.7999999999999994,0.3890520349020314,13092.449975264997,-0.1970865607980704,evaluated,,12628,
coarse_grid,3.7999999999999994,0.445664930131534,12913.32607673038,-0.18194931805348624,evaluated,,12548,
coarse_grid,3.7999999999999994,0.5105158491181254,14550.551422580025,-0.36071807569386316,evaluated,,11673,
coarse_grid,3.7999999999999994,0.5848035476425733,11630.437458785374,-0.09871753426001534,evaluated,,7888,
coarse_grid,3.7999999999999994,0.6,10475.371997283675,0.009662118100638772,evaluated,,6939,
coarse_grid,3.7999999999999994,0.669901218397251,5416.240780109085,0.48822485726097126,evaluated,,3766,
coarse_grid,3.7999999999999994,0.7673818741681168,4965.763893233032,0.533810380339886,evaluated,,2217,
coarse_grid,3.7999999999999994,0.8790474246496578,4624.6430219007625,0.5646463754834901,evaluated,,616,
coarse_grid,3.7999999999999994,1.0069619843716933,4572.117484758237,0.5703677383617198,evaluated,,301,
coarse_grid,3.7999999999999994,1.1,4580.078549961155,0.5696832928571494,evaluated,,214,
coarse_grid,3.7999999999999994,1.1534900274281497,4576.527237534115,0.5699944941706235,evaluated,,115,
coarse_grid,3.7999999999999994,1.3213400942900544,4567.389184066557,0.5707762528129745,positive_alpha_scaling_without_clipping,1.0,0,
coarse_grid,3.7999999999999994,1.5136148586141145,4581.013432143584,0.5696080096178608,positive_alpha_scaling_without_clipping,1.0,0,
coarse_grid,3.7999999999999994,1.6,4577.071867816016,0.5699305401830013,positive_alpha_scaling_without_clipping,1.0,0,
coarse_grid,3.7999999999999994,1.733868479521449,4576.673091886607,0.5699714615082974,positive_alpha_scaling_without_clipping,1.0,0,
coarse_grid,3.7999999999999994,1.9861722994914508,4577.44632980914,0.5699133827387846,positive_alpha_scaling_without_clipping,1.0,0,
coarse_grid,3.7999999999999994,2.1,4576.586725323683,0.5699994373239499,positive_alpha_scaling_without_clipping,1.0,0,
coarse_grid,3.7999999999999994,2.2751901022827012,4577.542748622963,0.5699072194737715,positive_alpha_scaling_without_clipping,1.0,0,
coarse_grid,3.7999999999999994,2.6,4589.42609285825,0.5688408372629263,positive_alpha_scaling_without_clipping,1.0,0,
coarse_grid,3.7999999999999994,2.6062643220080064,4576.360811888584,0.5700157928185348,positive_alpha_scaling_without_clipping,1.0,0,
coarse_grid,3.7999999999999994,2.9855147969204046,4576.8980115857985,0.569957098936243,positive_alpha_scaling_without_clipping,1.0,0,
coarse_grid,3.7999999999999994,3.1,4581.646903894092,0.569547549028695,positive_alpha_scaling_without_clipping,1.0,0,
coarse_grid,3.7999999999999994,3.419951893353395,4584.758082272656,0.5692914029467351,positive_alpha_scaling_without_clipping,1.0,0,
coarse_grid,3.7999999999999994,3.6,4568.763927941906,0.5706859633818366,positive_alpha_scaling_without_clipping,1.0,0,
coarse_grid,3.7999999999999994,3.9176060908879475,4577.961028219671,0.5698524921430029,positive_alpha_scaling_without_clipping,1.0,0,
coarse_grid,3.7999999999999994,4.1,4577.672424398739,0.5698851906785205,positive_alpha_scaling_without_clipping,1.0,0,
coarse_grid,3.7999999999999994,4.487676424101213,4568.370022664341,0.5707672244058258,positive_alpha_scaling_without_clipping,1.0,0,
coarse_grid,3.7999999999999994,4.6,4593.485426173872,0.5682910161295194,positive_alpha_scaling_without_clipping,1.0,0,
coarse_grid,3.7999999999999994,5.1,4596.6490669500445,0.5679509570721601,positive_alpha_scaling_without_clipping,1.0,0,
coarse_grid,3.7999999999999994,5.140700524811874,4572.450516606108,0.5703428897819836,positive_alpha_scaling_without_clipping,1.0,0,
coarse_grid,3.7999999999999994,5.6,4573.671300044352,0.5702761723776025,positive_alpha_scaling_without_clipping,1.0,0,
coarse_grid,3.7999999999999994,5.8887494080177145,4601.1173149810165,0.5675300986009386,positive_alpha_scaling_without_clipping,1.0,0,
coarse_grid,3.7999999999999994,6.1,4576.707464252604,0.5699530573494697,positive_alpha_scaling_without_clipping,1.0,0,
coarse_grid,3.7999999999999994,6.6,4575.2163378939495,0.570071942578345,positive_alpha_scaling_without_clipping,1.0,0,
coarse_grid,3.7999999999999994,6.745650602103109,4600.6788486409805,0.5675177035174679,positive_alpha_scaling_without_clipping,1.0,0,
coarse_grid,3.7999999999999994,7.1,4603.928269920944,0.5671909481973678,positive_alpha_scaling_without_clipping,1.0,0,
coarse_grid,3.7999999999999994,7.6,4574.748486362678,0.5701172234724339,positive_alpha_scaling_without_clipping,1.0,0,
coarse_grid,3.7999999999999994,7.727243747831959,4604.690644676204,0.5671216815917073,positive_alpha_scaling_without_clipping,1.0,0,
coarse_grid,3.7999999999999994,8.1,4604.690644676204,0.5671216815917073,positive_alpha_scaling_without_clipping,1.0,0,
coarse_grid,3.7999999999999994,8.6,4606.203898520662,0.5669697150737116,positive_alpha_scaling_without_clipping,1.0,0,
coarse_grid,3.7999999999999994,8.851673390820459,4591.896638984754,0.5684024832522474,positive_alpha_scaling_without_clipping,1.0,0,
coarse_grid,3.7999999999999994,9.1,4594.404189547808,0.56814860885031,positive_alpha_scaling_without_clipping,1.0,0,
coarse_grid,3.7999999999999994,9.6,4600.922579498783,0.5675258967399553,positive_alpha_scaling_without_clipping,1.0,0,
coarse_grid,3.7999999999999994,10.1,4599.069925463199,0.5676787814331805,positive_alpha_scaling_without_clipping,1.0,0,
coarse_grid,3.7999999999999994,10.13972437969778,4584.790199844871,0.5691455987390126,positive_alpha_scaling_without_clipping,1.0,0,
coarse_grid,3.7999999999999994,10.6,4584.449351006083,0.5691735421809102,positive_alpha_scaling_without_clipping,1.0,0,
coarse_grid,3.7999999999999994,11.1,4571.083296668919,0.5704831172583037,positive_alpha_scaling_without_clipping,1.0,0,
coarse_grid,3.7999999999999994,11.6,4594.244217949093,0.5681483140474841,positive_alpha_scaling_without_clipping,1.0,0,
coarse_grid,3.7999999999999994,11.615206069720077,4572.422296055343,0.5703380219380316,positive_alpha_scaling_without_clipping,1.0,0,
coarse_grid,3.7999999999999994,12.1,4585.48582071135,0.5690443545933693,positive_alpha_scaling_without_clipping,1.0,0,
coarse_grid,3.7999999999999994,12.6,4568.319951219067,0.5707384460638526,positive_alpha_scaling_without_clipping,1.0,0,
coarse_grid,3.7999999999999994,13.1,4574.310469676013,0.5701407192726785,positive_alpha_scaling_without_clipping,1.0,0,
coarse_grid,3.7999999999999994,13.305392433761932,4599.404478329339,0.5676587504815969,positive_alpha_scaling_without_clipping,1.0,0,
coarse_grid,3.7999999999999994,13.6,4574.930273684808,0.5701122144842878,positive_alpha_scaling_without_clipping,1.0,0,
coarse_grid,3.7999999999999994,14.1,4576.615408288283,0.5699594643995101,positive_alpha_scaling_without_clipping,1.0,0,
coarse_grid,3.7999999999999994,14.6,4578.062718802941,0.5697882135055545,positive_alpha_scaling_without_clipping,1.0,0,
coarse_grid,3.7999999999999994,15.1,4578.8001904400735,0.5697055205469229,positive_alpha_scaling_without_clipping,1.0,0,
coarse_grid,3.7999999999999994,15.241526216045477,4579.468054763686,0.5696468465641402,positive_alpha_scaling_without_clipping,1.0,0,
coarse_grid,3.7999999999999994,15.6,4575.344537843187,0.5700596498289199,positive_alpha_scaling_without_clipping,1.0,0,
coarse_grid,3.7999999999999994,16.1,4579.468054763686,0.5696468465641403,positive_alpha_scaling_without_clipping,1.0,0,
coarse_grid,3.7999999999999994,16.6,4576.760238383685,0.5698804410338929,positive_alpha_scaling_without_clipping,1.0,0,
coarse_grid,3.7999999999999994,17.1,4583.3390018053815,0.569227676276133,positive_alpha_scaling_without_clipping,1.0,0,
coarse_grid,3.7999999999999994,17.459396447784496,4617.047151091313,0.5659028381038784,positive_alpha_scaling_without_clipping,1.0,0,
coarse_grid,3.7999999999999994,17.6,4578.218888331086,0.5697711325814618,positive_alpha_scaling_without_clipping,1.0,0,
coarse_grid,3.7999999999999994,18.1,4603.638262790091,0.5671684166446114,positive_alpha_scaling_without_clipping,1.0,0,
coarse_grid,3.7999999999999994,18.6,4576.180366888808,0.5699361649927415,positive_alpha_scaling_without_clipping,1.0,0,
coarse_grid,3.7999999999999994,19.1,4601.160385029961,0.5673769142573142,positive_alpha_scaling_without_clipping,1.0,0,
coarse_grid,3.7999999999999994,19.6,4602.145169185157,0.5673110246705817,positive_alpha_scaling_without_clipping,1.0,0,
coarse_grid,3.7999999999999994,20.000000000000004,4599.3996525604625,0.5675478518364854,positive_alpha_scaling_without_clipping,1.0,0,
coarse_grid,3.999999999999999,0.1,13091.449439262902,-0.19693368231549047,evaluated,,12656,
coarse_grid,3.999999999999999,0.11455149701087121,13091.267922536583,-0.19691811773687107,evaluated,,12656,
coarse_grid,3.999999999999999,0.13122045467431637,13091.203975366778,-0.1969158946862546,evaluated,,12655,
coarse_grid,3.999999999999999,0.1503149952139011,13090.823996682444,-0.19688331252027025,evaluated,,12655,
coarse_grid,3.999999999999999,0.17218807724934312,13090.503584808575,-0.19685583805054785,evaluated,,12655,
coarse_grid,3.999999999999999,0.1972440201633579,13090.160341489427,-0.19682640584485134,evaluated,,12654,
coarse_grid,3.999999999999999,0.22594597786155107,13089.790283417064,-0.19679467434507325,evaluated,,12654,
coarse_grid,3.999999999999999,0.2588245000762584,13089.481370414516,-0.19676985245077405,evaluated,,12652,
coarse_grid,3.999999999999999,0.29648733946825756,13088.984335756573,-0.19672770872348766,evaluated,,12650,
coarse_grid,3.999999999999999,0.3396306858085926,13088.549002908803,-0.19669038008456807,evaluated,,12649,
coarse_grid,3.999999999999999,0.3890520349020314,13088.242808783112,-0.19666538341655893,evaluated,,12643,
coarse_grid,3.999999999999999,0.445664930131534,13097.098581190163,-0.19755193046662745,evaluated,,12609,
coarse_grid,3.999999999999999,0.5105158491181254,12544.117163338591,-0.15417402689377824,evaluated,,12188,
coarse_grid,3.999999999999999,0.5848035476425733,12692.12113157276,-0.19394199131299406,evaluated,,9551,
coarse_grid,3.999999999999999,0.6,12468.839895628369,-0.1739313824485606,evaluated,,8990,
coarse_grid,3.999999999999999,0.669901218397251,7406.282446329225,0.30418739030199,evaluated,,4893,
coarse_grid,3.999999999999999,0.7673818741681168,4998.802269738234,0.5306685010227203,evaluated,,2922,
coarse_grid,3.999999999999999,0.8790474246496578,4671.932740671671,0.5595714748840448,evaluated,,957,
coarse_grid,3.999999999999999,1.0069619843716933,4572.387598661391,0.5703427715651928,evaluated,,301,
coarse_grid,3.999999999999999,1.1,4576.64622899226,0.5699776052913246,evaluated,,294,
coarse_grid,3.999999999999999,1.1534900274281497,4575.544162476661,0.5700787902535827,evaluated,,223,
coarse_grid,3.999999999999999,1.3213400942900544,4567.389184066557,0.5707762528129745,positive_alpha_scaling_without_clipping,1.0,0,
coarse_grid,3.999999999999999,1.5136148586141145,4581.013432143584,0.5696080096178608,positive_alpha_scaling_without_clipping,1.0,0,
coarse_grid,3.999999999999999,1.6,4577.071867816016,0.5699305401830013,positive_alpha_scaling_without_clipping,1.0,0,
coarse_grid,3.999999999999999,1.733868479521449,4576.673091886607,0.5699714615082974,positive_alpha_scaling_without_clipping,1.0,0,
coarse_grid,3.999999999999999,1.9861722994914508,4577.44632980914,0.5699133827387846,positive_alpha_scaling_without_clipping,1.0,0,
coarse_grid,3.999999999999999,2.1,4576.586725323683,0.5699994373239499,positive_alpha_scaling_without_clipping,1.0,0,
coarse_grid,3.999999999999999,2.2751901022827012,4577.542748622963,0.5699072194737715,positive_alpha_scaling_without_clipping,1.0,0,
coarse_grid,3.999999999999999,2.6,4589.42609285825,0.5688408372629263,positive_alpha_scaling_without_clipping,1.0,0,
coarse_grid,3.999999999999999,2.6062643220080064,4576.360811888584,0.5700157928185348,positive_alpha_scaling_without_clipping,1.0,0,
coarse_grid,3.999999999999999,2.9855147969204046,4576.8980115857985,0.569957098936243,positive_alpha_scaling_without_clipping,1.0,0,
coarse_grid,3.999999999999999,3.1,4581.646903894092,0.569547549028695,positive_alpha_scaling_without_clipping,1.0,0,
coarse_grid,3.999999999999999,3.419951893353395,4584.758082272656,0.5692914029467351,positive_alpha_scaling_without_clipping,1.0,0,
coarse_grid,3.999999999999999,3.6,4568.763927941906,0.5706859633818366,positive_alpha_scaling_without_clipping,1.0,0,
coarse_grid,3.999999999999999,3.9176060908879475,4577.961028219671,0.5698524921430029,positive_alpha_scaling_without_clipping,1.0,0,
coarse_grid,3.999999999999999,4.1,4577.672424398739,0.5698851906785205,positive_alpha_scaling_without_clipping,1.0,0,
coarse_grid,3.999999999999999,4.487676424101213,4568.370022664341,0.5707672244058258,positive_alpha_scaling_without_clipping,1.0,0,
coarse_grid,3.999999999999999,4.6,4593.485426173872,0.5682910161295194,positive_alpha_scaling_without_clipping,1.0,0,
coarse_grid,3.999999999999999,5.1,4596.6490669500445,0.5679509570721601,positive_alpha_scaling_without_clipping,1.0,0,
coarse_grid,3.999999999999999,5.140700524811874,4572.450516606108,0.5703428897819836,positive_alpha_scaling_without_clipping,1.0,0,
coarse_grid,3.999999999999999,5.6,4573.671300044352,0.5702761723776025,positive_alpha_scaling_without_clipping,1.0,0,
coarse_grid,3.999999999999999,5.8887494080177145,4601.1173149810165,0.5675300986009386,positive_alpha_scaling_without_clipping,1.0,0,
coarse_grid,3.999999999999999,6.1,4576.707464252604,0.5699530573494697,positive_alpha_scaling_without_clipping,1.0,0,
coarse_grid,3.999999999999999,6.6,4575.2163378939495,0.570071942578345,positive_alpha_scaling_without_clipping,1.0,0,
coarse_grid,3.999999999999999,6.745650602103109,4600.6788486409805,0.5675177035174679,positive_alpha_scaling_without_clipping,1.0,0,
coarse_grid,3.999999999999999,7.1,4603.928269920944,0.5671909481973678,positive_alpha_scaling_without_clipping,1.0,0,
coarse_grid,3.999999999999999,7.6,4574.748486362678,0.5701172234724339,positive_alpha_scaling_without_clipping,1.0,0,
coarse_grid,3.999999999999999,7.727243747831959,4604.690644676204,0.5671216815917073,positive_alpha_scaling_without_clipping,1.0,0,
coarse_grid,3.999999999999999,8.1,4604.690644676204,0.5671216815917073,positive_alpha_scaling_without_clipping,1.0,0,
coarse_grid,3.999999999999999,8.6,4606.203898520662,0.5669697150737116,positive_alpha_scaling_without_clipping,1.0,0,
coarse_grid,3.999999999999999,8.851673390820459,4591.896638984754,0.5684024832522474,positive_alpha_scaling_without_clipping,1.0,0,
coarse_grid,3.999999999999999,9.1,4594.404189547808,0.56814860885031,positive_alpha_scaling_without_clipping,1.0,0,
coarse_grid,3.999999999999999,9.6,4600.922579498783,0.5675258967399553,positive_alpha_scaling_without_clipping,1.0,0,
coarse_grid,3.999999999999999,10.1,4599.069925463199,0.5676787814331805,positive_alpha_scaling_without_clipping,1.0,0,
coarse_grid,3.999999999999999,10.13972437969778,4584.790199844871,0.5691455987390126,positive_alpha_scaling_without_clipping,1.0,0,
coarse_grid,3.999999999999999,10.6,4584.449351006083,0.5691735421809102,positive_alpha_scaling_without_clipping,1.0,0,
coarse_grid,3.999999999999999,11.1,4571.083296668919,0.5704831172583037,positive_alpha_scaling_without_clipping,1.0,0,
coarse_grid,3.999999999999999,11.6,4594.244217949093,0.5681483140474841,positive_alpha_scaling_without_clipping,1.0,0,
coarse_grid,3.999999999999999,11.615206069720077,4572.422296055343,0.5703380219380316,positive_alpha_scaling_without_clipping,1.0,0,
coarse_grid,3.999999999999999,12.1,4585.48582071135,0.5690443545933693,positive_alpha_scaling_without_clipping,1.0,0,
coarse_grid,3.999999999999999,12.6,4568.319951219067,0.5707384460638526,positive_alpha_scaling_without_clipping,1.0,0,
coarse_grid,3.999999999999999,13.1,4574.310469676013,0.5701407192726785,positive_alpha_scaling_without_clipping,1.0,0,
coarse_grid,3.999999999999999,13.305392433761932,4599.404478329339,0.5676587504815969,positive_alpha_scaling_without_clipping,1.0,0,
coarse_grid,3.999999999999999,13.6,4574.930273684808,0.5701122144842878,positive_alpha_scaling_without_clipping,1.0,0,
coarse_grid,3.999999999999999,14.1,4576.615408288283,0.5699594643995101,positive_alpha_scaling_without_clipping,1.0,0,
coarse_grid,3.999999999999999,14.6,4578.062718802941,0.5697882135055545,positive_alpha_scaling_without_clipping,1.0,0,
coarse_grid,3.999999999999999,15.1,4578.8001904400735,0.5697055205469229,positive_alpha_scaling_without_clipping,1.0,0,
coarse_grid,3.999999999999999,15.241526216045477,4579.468054763686,0.5696468465641402,positive_alpha_scaling_without_clipping,1.0,0,
coarse_grid,3.999999999999999,15.6,4575.344537843187,0.5700596498289199,positive_alpha_scaling_without_clipping,1.0,0,
coarse_grid,3.999999999999999,16.1,4579.468054763686,0.5696468465641403,positive_alpha_scaling_without_clipping,1.0,0,
coarse_grid,3.999999999999999,16.6,4576.760238383685,0.5698804410338929,positive_alpha_scaling_without_clipping,1.0,0,
coarse_grid,3.999999999999999,17.1,4583.3390018053815,0.569227676276133,positive_alpha_scaling_without_clipping,1.0,0,
coarse_grid,3.999999999999999,17.459396447784496,4617.047151091313,0.5659028381038784,positive_alpha_scaling_without_clipping,1.0,0,
coarse_grid,3.999999999999999,17.6,4578.218888331086,0.5697711325814618,positive_alpha_scaling_without_clipping,1.0,0,
coarse_grid,3.999999999999999,18.1,4603.638262790091,0.5671684166446114,positive_alpha_scaling_without_clipping,1.0,0,
coarse_grid,3.999999999999999,18.6,4576.180366888808,0.5699361649927415,positive_alpha_scaling_without_clipping,1.0,0,
coarse_grid,3.999999999999999,19.1,4601.160385029961,0.5673769142573142,positive_alpha_scaling_without_clipping,1.0,0,
coarse_grid,3.999999999999999,19.6,4602.145169185157,0.5673110246705817,positive_alpha_scaling_without_clipping,1.0,0,
coarse_grid,3.999999999999999,20.000000000000004,4599.3996525604625,0.5675478518364854,positive_alpha_scaling_without_clipping,1.0,0,
coarse_grid,4.199999999999999,0.1,13091.522584075545,-0.1969399542894844,evaluated,,12656,
coarse_grid,4.199999999999999,0.11455149701087121,13091.32959462245,-0.1969234059549244,evaluated,,12656,
coarse_grid,4.199999999999999,0.13122045467431637,13091.357328065,-0.1969290442740439,evaluated,,12655,
coarse_grid,4.199999999999999,0.1503149952139011,13090.953001642421,-0.1968943743539785,evaluated,,12655,
coarse_grid,4.199999999999999,0.17218807724934312,13090.612492978013,-0.19686517663768432,evaluated,,12655,
coarse_grid,4.199999999999999,0.1972440201633579,13090.297766670996,-0.19683818969026412,evaluated,,12654,
coarse_grid,4.199999999999999,0.22594597786155107,13089.920935934442,-0.1968058774524658,evaluated,,12654,
coarse_grid,4.199999999999999,0.2588245000762584,13089.661948751793,-0.19678533656501773,evaluated,,12653,
coarse_grid,4.199999999999999,0.29648733946825756,13089.178347915999,-0.1967443447524072,evaluated,,12651,
coarse_grid,4.199999999999999,0.3396306858085926,13088.70738101706,-0.19670396058796036,evaluated,,12650,
coarse_grid,4.199999999999999,0.3890520349020314,13088.233685250623,-0.19666334243035144,evaluated,,12648,
coarse_grid,4.199999999999999,0.445664930131534,13095.712646973832,-0.19741318526919016,evaluated,,12615,
coarse_grid,4.199999999999999,0.5105158491181254,12820.84559869877,-0.1739960394300435,evaluated,,12516,
coarse_grid,4.199999999999999,0.5848035476425733,13761.862394104688,-0.2880481665769853,evaluated,,10994,
coarse_grid,4.199999999999999,0.6,13503.021662924762,-0.26382472010447744,evaluated,,10519,
coarse_grid,4.199999999999999,0.669901218397251,10213.221609256025,0.03472885229348549,evaluated,,6574,
coarse_grid,4.199999999999999,0.7673818741681168,5083.279050084091,0.5216511895274378,evaluated,,3385,
coarse_grid,4.199999999999999,0.8790474246496578,4889.573084651727,0.5394384859734347,evaluated,,1618,
coarse_grid,4.199999999999999,1.0069619843716933,4578.328036667397,0.5697065358598828,evaluated,,391,
coarse_grid,4.199999999999999,1.1,4567.977844912075,0.5708428563859957,evaluated,,301,
coarse_grid,4.199999999999999,1.1534900274281497,4578.316360269628,0.5697842577600412,evaluated,,294,
coarse_grid,4.199999999999999,1.3213400942900544,4564.242254858243,0.5710460936594075,evaluated,,57,
coarse_grid,4.199999999999999,1.5136148586141145,4581.013432143584,0.5696080096178608,positive_alpha_scaling_without_clipping,1.0,0,
coarse_grid,4.199999999999999,1.6,4577.071867816016,0.5699305401830013,positive_alpha_scaling_without_clipping,1.0,0,
coarse_grid,4.199999999999999,1.733868479521449,4576.673091886607,0.5699714615082974,positive_alpha_scaling_without_clipping,1.0,0,
coarse_grid,4.199999999999999,1.9861722994914508,4577.44632980914,0.5699133827387846,positive_alpha_scaling_without_clipping,1.0,0,
coarse_grid,4.199999999999999,2.1,4576.586725323683,0.5699994373239499,positive_alpha_scaling_without_clipping,1.0,0,
coarse_grid,4.199999999999999,2.2751901022827012,4577.542748622963,0.5699072194737715,positive_alpha_scaling_without_clipping,1.0,0,
coarse_grid,4.199999999999999,2.6,4589.42609285825,0.5688408372629263,positive_alpha_scaling_without_clipping,1.0,0,
coarse_grid,4.199999999999999,2.6062643220080064,4576.360811888584,0.5700157928185348,positive_alpha_scaling_without_clipping,1.0,0,
coarse_grid,4.199999999999999,2.9855147969204046,4576.8980115857985,0.569957098936243,positive_alpha_scaling_without_clipping,1.0,0,
coarse_grid,4.199999999999999,3.1,4581.646903894092,0.569547549028695,positive_alpha_scaling_without_clipping,1.0,0,
coarse_grid,4.199999999999999,3.419951893353395,4584.758082272656,0.5692914029467351,positive_alpha_scaling_without_clipping,1.0,0,
coarse_grid,4.199999999999999,3.6,4568.763927941906,0.5706859633818366,positive_alpha_scaling_without_clipping,1.0,0,
coarse_grid,4.199999999999999,3.9176060908879475,4577.961028219671,0.5698524921430029,positive_alpha_scaling_without_clipping,1.0,0,
coarse_grid,4.199999999999999,4.1,4577.672424398739,0.5698851906785205,positive_alpha_scaling_without_clipping,1.0,0,
coarse_grid,4.199999999999999,4.487676424101213,4568.370022664341,0.5707672244058258,positive_alpha_scaling_without_clipping,1.0,0,
coarse_grid,4.199999999999999,4.6,4593.485426173872,0.5682910161295194,positive_alpha_scaling_without_clipping,1.0,0,
coarse_grid,4.199999999999999,5.1,4596.6490669500445,0.5679509570721601,positive_alpha_scaling_without_clipping,1.0,0,
coarse_grid,4.199999999999999,5.140700524811874,4572.450516606108,0.5703428897819836,positive_alpha_scaling_without_clipping,1.0,0,
coarse_grid,4.199999999999999,5.6,4573.671300044352,0.5702761723776025,positive_alpha_scaling_without_clipping,1.0,0,
coarse_grid,4.199999999999999,5.8887494080177145,4601.1173149810165,0.5675300986009386,positive_alpha_scaling_without_clipping,1.0,0,
coarse_grid,4.199999999999999,6.1,4576.707464252604,0.5699530573494697,positive_alpha_scaling_without_clipping,1.0,0,
coarse_grid,4.199999999999999,6.6,4575.2163378939495,0.570071942578345,positive_alpha_scaling_without_clipping,1.0,0,
coarse_grid,4.199999999999999,6.745650602103109,4600.6788486409805,0.5675177035174679,positive_alpha_scaling_without_clipping,1.0,0,
coarse_grid,4.199999999999999,7.1,4603.928269920944,0.5671909481973678,positive_alpha_scaling_without_clipping,1.0,0,
coarse_grid,4.199999999999999,7.6,4574.748486362678,0.5701172234724339,positive_alpha_scaling_without_clipping,1.0,0,
coarse_grid,4.199999999999999,7.727243747831959,4604.690644676204,0.5671216815917073,positive_alpha_scaling_without_clipping,1.0,0,
coarse_grid,4.199999999999999,8.1,4604.690644676204,0.5671216815917073,positive_alpha_scaling_without_clipping,1.0,0,
coarse_grid,4.199999999999999,8.6,4606.203898520662,0.5669697150737116,positive_alpha_scaling_without_clipping,1.0,0,
coarse_grid,4.199999999999999,8.851673390820459,4591.896638984754,0.5684024832522474,positive_alpha_scaling_without_clipping,1.0,0,
coarse_grid,4.199999999999999,9.1,4594.404189547808,0.56814860885031,positive_alpha_scaling_without_clipping,1.0,0,
coarse_grid,4.199999999999999,9.6,4600.922579498783,0.5675258967399553,positive_alpha_scaling_without_clipping,1.0,0,
coarse_grid,4.199999999999999,10.1,4599.069925463199,0.5676787814331805,positive_alpha_scaling_without_clipping,1.0,0,
coarse_grid,4.199999999999999,10.13972437969778,4584.790199844871,0.5691455987390126,positive_alpha_scaling_without_clipping,1.0,0,
coarse_grid,4.199999999999999,10.6,4584.449351006083,0.5691735421809102,positive_alpha_scaling_without_clipping,1.0,0,
coarse_grid,4.199999999999999,11.1,4571.083296668919,0.5704831172583037,positive_alpha_scaling_without_clipping,1.0,0,
coarse_grid,4.199999999999999,11.6,4594.244217949093,0.5681483140474841,positive_alpha_scaling_without_clipping,1.0,0,
coarse_grid,4.199999999999999,11.615206069720077,4572.422296055343,0.5703380219380316,positive_alpha_scaling_without_clipping,1.0,0,
coarse_grid,4.199999999999999,12.1,4585.48582071135,0.5690443545933693,positive_alpha_scaling_without_clipping,1.0,0,
coarse_grid,4.199999999999999,12.6,4568.319951219067,0.5707384460638526,positive_alpha_scaling_without_clipping,1.0,0,
coarse_grid,4.199999999999999,13.1,4574.310469676013,0.5701407192726785,positive_alpha_scaling_without_clipping,1.0,0,
coarse_grid,4.199999999999999,13.305392433761932,4599.404478329339,0.5676587504815969,positive_alpha_scaling_without_clipping,1.0,0,
coarse_grid,4.199999999999999,13.6,4574.930273684808,0.5701122144842878,positive_alpha_scaling_without_clipping,1.0,0,
coarse_grid,4.199999999999999,14.1,4576.615408288283,0.5699594643995101,positive_alpha_scaling_without_clipping,1.0,0,
coarse_grid,4.199999999999999,14.6,4578.062718802941,0.5697882135055545,positive_alpha_scaling_without_clipping,1.0,0,
coarse_grid,4.199999999999999,15.1,4578.8001904400735,0.5697055205469229,positive_alpha_scaling_without_clipping,1.0,0,
coarse_grid,4.199999999999999,15.241526216045477,4579.468054763686,0.5696468465641402,positive_alpha_scaling_without_clipping,1.0,0,
coarse_grid,4.199999999999999,15.6,4575.344537843187,0.5700596498289199,positive_alpha_scaling_without_clipping,1.0,0,
coarse_grid,4.199999999999999,16.1,4579.468054763686,0.5696468465641403,positive_alpha_scaling_without_clipping,1.0,0,
coarse_grid,4.199999999999999,16.6,4576.760238383685,0.5698804410338929,positive_alpha_scaling_without_clipping,1.0,0,
coarse_grid,4.199999999999999,17.1,4583.3390018053815,0.569227676276133,positive_alpha_scaling_without_clipping,1.0,0,
coarse_grid,4.199999999999999,17.459396447784496,4617.047151091313,0.5659028381038784,positive_alpha_scaling_without_clipping,1.0,0,
coarse_grid,4.199999999999999,17.6,4578.218888331086,0.5697711325814618,positive_alpha_scaling_without_clipping,1.0,0,
coarse_grid,4.199999999999999,18.1,4603.638262790091,0.5671684166446114,positive_alpha_scaling_without_clipping,1.0,0,
coarse_grid,4.199999999999999,18.6,4576.180366888808,0.5699361649927415,positive_alpha_scaling_without_clipping,1.0,0,
coarse_grid,4.199999999999999,19.1,4601.160385029961,0.5673769142573142,positive_alpha_scaling_without_clipping,1.0,0,
coarse_grid,4.199999999999999,19.6,4602.145169185157,0.5673110246705817,positive_alpha_scaling_without_clipping,1.0,0,
coarse_grid,4.199999999999999,20.000000000000004,4599.3996525604625,0.5675478518364854,positive_alpha_scaling_without_clipping,1.0,0,
coarse_grid,4.3999999999999995,0.1,13091.59668833566,-0.19694630853355855,evaluated,,12656,
coarse_grid,4.3999999999999995,0.11455149701087121,13091.391997880508,-0.19692875686905686,evaluated,,12656,
coarse_grid,4.3999999999999995,0.13122045467431637,13091.219435338147,-0.19691396008800122,evaluated,,12656,
coarse_grid,4.3999999999999995,0.1503149952139011,13091.083638256749,-0.19690557609772663,evaluated,,12655,
coarse_grid,4.3999999999999995,0.17218807724934312,13090.72264459258,-0.19687462184694826,evaluated,,12655,
coarse_grid,4.3999999999999995,0.1972440201633579,13090.417926089613,-0.19684849304222418,evaluated,,12655,
coarse_grid,4.3999999999999995,0.22594597786155107,13090.047891059332,-0.1968167635182434,evaluated,,12654,
coarse_grid,4.3999999999999995,0.2588245000762584,13089.68374538798,-0.19678553899119566,evaluated,,12654,
coarse_grid,4.3999999999999995,0.29648733946825756,13089.335595371176,-0.19675735262682514,evaluated,,12652,
coarse_grid,4.3999999999999995,0.3396306858085926,13088.851138860206,-0.19671628744233427,evaluated,,12650,
coarse_grid,4.3999999999999995,0.3890520349020314,13088.40572901969,-0.19667809472797115,evaluated,,12649,
coarse_grid,4.3999999999999995,0.445664930131534,13090.36701603962,-0.1968780367674391,evaluated,,12635,
coarse_grid,4.3999999999999995,0.5105158491181254,12939.439162998671,-0.18417515151430364,evaluated,,12562,
coarse_grid,4.3999999999999995,0.5848035476425733,14683.298567247966,-0.37115904247350795,evaluated,,11883,
coarse_grid,4.3999999999999995,0.6,14053.21321406406,-0.31591223749327824,evaluated,,11239,
coarse_grid,4.3999999999999995,0.669901218397251,12060.797114568919,-0.13693400468237804,evaluated,,8373,
coarse_grid,4.3999999999999995,0.7673818741681168,6053.184773122268,0.42736518873094004,evaluated,,4064,
coarse_grid,4.3999999999999995,0.8790474246496578,4981.573417108117,0.5324972254326266,evaluated,,2299,
coarse_grid,4.3999999999999995,1.0069619843716933,4631.469338924706,0.5638855906949003,evaluated,,696,
coarse_grid,4.3999999999999995,1.1,4581.231090672634,0.5695149017255523,evaluated,,303,
coarse_grid,4.3999999999999995,1.1534900274281497,4575.753799660068,0.570027194577791,evaluated,,301,
coarse_grid,4.3999999999999995,1.3213400942900544,4567.602909948113,0.5707579263845849,evaluated,,136,
coarse_grid,4.3999999999999995,1.5136148586141145,4581.013432143584,0.5696080096178608,positive_alpha_scaling_without_clipping,1.0,0,
coarse_grid,4.3999999999999995,1.6,4577.071867816016,0.5699305401830013,positive_alpha_scaling_without_clipping,1.0,0,
coarse_grid,4.3999999999999995,1.733868479521449,4576.673091886607,0.5699714615082974,positive_alpha_scaling_without_clipping,1.0,0,
coarse_grid,4.3999999999999995,1.9861722994914508,4577.44632980914,0.5699133827387846,positive_alpha_scaling_without_clipping,1.0,0,
coarse_grid,4.3999999999999995,2.1,4576.586725323683,0.5699994373239499,positive_alpha_scaling_without_clipping,1.0,0,
coarse_grid,4.3999999999999995,2.2751901022827012,4577.542748622963,0.5699072194737715,positive_alpha_scaling_without_clipping,1.0,0,
coarse_grid,4.3999999999999995,2.6,4589.42609285825,0.5688408372629263,positive_alpha_scaling_without_clipping,1.0,0,
coarse_grid,4.3999999999999995,2.6062643220080064,4576.360811888584,0.5700157928185348,positive_alpha_scaling_without_clipping,1.0,0,
coarse_grid,4.3999999999999995,2.9855147969204046,4576.8980115857985,0.569957098936243,positive_alpha_scaling_without_clipping,1.0,0,
coarse_grid,4.3999999999999995,3.1,4581.646903894092,0.569547549028695,positive_alpha_scaling_without_clipping,1.0,0,
coarse_grid,4.3999999999999995,3.419951893353395,4584.758082272656,0.5692914029467351,positive_alpha_scaling_without_clipping,1.0,0,
coarse_grid,4.3999999999999995,3.6,4568.763927941906,0.5706859633818366,positive_alpha_scaling_without_clipping,1.0,0,
coarse_grid,4.3999999999999995,3.9176060908879475,4577.961028219671,0.5698524921430029,positive_alpha_scaling_without_clipping,1.0,0,
coarse_grid,4.3999999999999995,4.1,4577.672424398739,0.5698851906785205,positive_alpha_scaling_without_clipping,1.0,0,
coarse_grid,4.3999999999999995,4.487676424101213,4568.370022664341,0.5707672244058258,positive_alpha_scaling_without_clipping,1.0,0,
coarse_grid,4.3999999999999995,4.6,4593.485426173872,0.5682910161295194,positive_alpha_scaling_without_clipping,1.0,0,
coarse_grid,4.3999999999999995,5.1,4596.6490669500445,0.5679509570721601,positive_alpha_scaling_without_clipping,1.0,0,
coarse_grid,4.3999999999999995,5.140700524811874,4572.450516606108,0.5703428897819836,positive_alpha_scaling_without_clipping,1.0,0,
coarse_grid,4.3999999999999995,5.6,4573.671300044352,0.5702761723776025,positive_alpha_scaling_without_clipping,1.0,0,
coarse_grid,4.3999999999999995,5.8887494080177145,4601.1173149810165,0.5675300986009386,positive_alpha_scaling_without_clipping,1.0,0,
coarse_grid,4.3999999999999995,6.1,4576.707464252604,0.5699530573494697,positive_alpha_scaling_without_clipping,1.0,0,
coarse_grid,4.3999999999999995,6.6,4575.2163378939495,0.570071942578345,positive_alpha_scaling_without_clipping,1.0,0,
coarse_grid,4.3999999999999995,6.745650602103109,4600.6788486409805,0.5675177035174679,positive_alpha_scaling_without_clipping,1.0,0,
coarse_grid,4.3999999999999995,7.1,4603.928269920944,0.5671909481973678,positive_alpha_scaling_without_clipping,1.0,0,
coarse_grid,4.3999999999999995,7.6,4574.748486362678,0.5701172234724339,positive_alpha_scaling_without_clipping,1.0,0,
coarse_grid,4.3999999999999995,7.727243747831959,4604.690644676204,0.5671216815917073,positive_alpha_scaling_without_clipping,1.0,0,
coarse_grid,4.3999999999999995,8.1,4604.690644676204,0.5671216815917073,positive_alpha_scaling_without_clipping,1.0,0,
coarse_grid,4.3999999999999995,8.6,4606.203898520662,0.5669697150737116,positive_alpha_scaling_without_clipping,1.0,0,
coarse_grid,4.3999999999999995,8.851673390820459,4591.896638984754,0.5684024832522474,positive_alpha_scaling_without_clipping,1.0,0,
coarse_grid,4.3999999999999995,9.1,4594.404189547808,0.56814860885031,positive_alpha_scaling_without_clipping,1.0,0,
coarse_grid,4.3999999999999995,9.6,4600.922579498783,0.5675258967399553,positive_alpha_scaling_without_clipping,1.0,0,
coarse_grid,4.3999999999999995,10.1,4599.069925463199,0.5676787814331805,positive_alpha_scaling_without_clipping,1.0,0,
coarse_grid,4.3999999999999995,10.13972437969778,4584.790199844871,0.5691455987390126,positive_alpha_scaling_without_clipping,1.0,0,
coarse_grid,4.3999999999999995,10.6,4584.449351006083,0.5691735421809102,positive_alpha_scaling_without_clipping,1.0,0,
coarse_grid,4.3999999999999995,11.1,4571.083296668919,0.5704831172583037,positive_alpha_scaling_without_clipping,1.0,0,
coarse_grid,4.3999999999999995,11.6,4594.244217949093,0.5681483140474841,positive_alpha_scaling_without_clipping,1.0,0,
coarse_grid,4.3999999999999995,11.615206069720077,4572.422296055343,0.5703380219380316,positive_alpha_scaling_without_clipping,1.0,0,
coarse_grid,4.3999999999999995,12.1,4585.48582071135,0.5690443545933693,positive_alpha_scaling_without_clipping,1.0,0,
coarse_grid,4.3999999999999995,12.6,4568.319951219067,0.5707384460638526,positive_alpha_scaling_without_clipping,1.0,0,
coarse_grid,4.3999999999999995,13.1,4574.310469676013,0.5701407192726785,positive_alpha_scaling_without_clipping,1.0,0,
coarse_grid,4.3999999999999995,13.305392433761932,4599.404478329339,0.5676587504815969,positive_alpha_scaling_without_clipping,1.0,0,
coarse_grid,4.3999999999999995,13.6,4574.930273684808,0.5701122144842878,positive_alpha_scaling_without_clipping,1.0,0,
coarse_grid,4.3999999999999995,14.1,4576.615408288283,0.5699594643995101,positive_alpha_scaling_without_clipping,1.0,0,
coarse_grid,4.3999999999999995,14.6,4578.062718802941,0.5697882135055545,positive_alpha_scaling_without_clipping,1.0,0,
coarse_grid,4.3999999999999995,15.1,4578.8001904400735,0.5697055205469229,positive_alpha_scaling_without_clipping,1.0,0,
coarse_grid,4.3999999999999995,15.241526216045477,4579.468054763686,0.5696468465641402,positive_alpha_scaling_without_clipping,1.0,0,
coarse_grid,4.3999999999999995,15.6,4575.344537843187,0.5700596498289199,positive_alpha_scaling_without_clipping,1.0,0,
coarse_grid,4.3999999999999995,16.1,4579.468054763686,0.5696468465641403,positive_alpha_scaling_without_clipping,1.0,0,
coarse_grid,4.3999999999999995,16.6,4576.760238383685,0.5698804410338929,positive_alpha_scaling_without_clipping,1.0,0,
coarse_grid,4.3999999999999995,17.1,4583.3390018053815,0.569227676276133,positive_alpha_scaling_without_clipping,1.0,0,
coarse_grid,4.3999999999999995,17.459396447784496,4617.047151091313,0.5659028381038784,positive_alpha_scaling_without_clipping,1.0,0,
coarse_grid,4.3999999999999995,17.6,4578.218888331086,0.5697711325814618,positive_alpha_scaling_without_clipping,1.0,0,
coarse_grid,4.3999999999999995,18.1,4603.638262790091,0.5671684166446114,positive_alpha_scaling_without_clipping,1.0,0,
coarse_grid,4.3999999999999995,18.6,4576.180366888808,0.5699361649927415,positive_alpha_scaling_without_clipping,1.0,0,
coarse_grid,4.3999999999999995,19.1,4601.160385029961,0.5673769142573142,positive_alpha_scaling_without_clipping,1.0,0,
coarse_grid,4.3999999999999995,19.6,4602.145169185157,0.5673110246705817,positive_alpha_scaling_without_clipping,1.0,0,
coarse_grid,4.3999999999999995,20.000000000000004,4599.3996525604625,0.5675478518364854,positive_alpha_scaling_without_clipping,1.0,0,
coarse_grid,4.6,0.1,13091.671752043243,-0.19695274504771243,evaluated,,12656,
coarse_grid,4.6,0.11455149701087121,13091.455132310752,-0.1969341704792682,evaluated,,12656,
coarse_grid,4.6,0.13122045467431637,13091.272725439845,-0.19691852957310774,evaluated,,12656,
coarse_grid,4.6,0.1503149952139011,13091.215906525431,-0.1969169177515151,evaluated,,12655,
coarse_grid,4.6,0.17218807724934312,13090.83403965228,-0.19688417367833932,evaluated,,12655,
coarse_grid,4.6,0.1972440201633579,13090.512068090164,-0.19685656546947994,evaluated,,12655,
coarse_grid,4.6,0.22594597786155107,13090.171265019733,-0.1968273425086492,evaluated,,12654,
coarse_grid,4.6,0.2588245000762584,13089.800650386076,-0.19679556328521386,evaluated,,12654,
coarse_grid,4.6,0.29648733946825756,13089.495626674285,-0.19677107488729817,evaluated,,12652,
coarse_grid,4.6,0.3396306858085926,13088.99756626657,-0.19672884320468487,evaluated,,12650,
coarse_grid,4.6,0.3890520349020314,13088.56330914835,-0.19669160680672582,evaluated,,12649,
coarse_grid,4.6,0.445664930131534,13088.15517102582,-0.19665661004348323,evaluated,,12645,
coarse_grid,4.6,0.5105158491181254,13097.098581190163,-0.19755193046662745,evaluated,,12609,
coarse_grid,4.6,0.5848035476425733,12544.117163338591,-0.15417402689377824,evaluated,,12188,
coarse_grid,4.6,0.6,12991.102396965214,-0.1995134350103578,evaluated,,12086,
coarse_grid,4.6,0.669901218397251,12942.829714894284,-0.21542756426658355,evaluated,,9820,
coarse_grid,4.6,0.7673818741681168,7656.121139003797,0.2803571626725182,evaluated,,5057,
coarse_grid,4.6,0.8790474246496578,5011.6192446300865,0.5295674576075167,evaluated,,2922,
coarse_grid,4.6,1.0069619843716933,4692.192345393507,0.5575519914593936,evaluated,,1024,
coarse_grid,4.6,1.1,4588.947959245279,0.5685541998745617,evaluated,,423,
coarse_grid,4.6,1.1534900274281497,4576.231820060751,0.5699753473398167,evaluated,,301,
coarse_grid,4.6,1.3213400942900544,4563.218439638505,0.5711338831034012,evaluated,,229,
coarse_grid,4.6,1.5136148586141145,4581.013432143584,0.5696080096178608,positive_alpha_scaling_without_clipping,1.0,0,
coarse_grid,4.6,1.6,4577.071867816016,0.5699305401830013,positive_alpha_scaling_without_clipping,1.0,0,
coarse_grid,4.6,1.733868479521449,4576.673091886607,0.5699714615082974,positive_alpha_scaling_without_clipping,1.0,0,
coarse_grid,4.6,1.9861722994914508,4577.44632980914,0.5699133827387846,positive_alpha_scaling_without_clipping,1.0,0,
coarse_grid,4.6,2.1,4576.586725323683,0.5699994373239499,positive_alpha_scaling_without_clipping,1.0,0,
coarse_grid,4.6,2.2751901022827012,4577.542748622963,0.5699072194737715,positive_alpha_scaling_without_clipping,1.0,0,
coarse_grid,4.6,2.6,4589.42609285825,0.5688408372629263,positive_alpha_scaling_without_clipping,1.0,0,
coarse_grid,4.6,2.6062643220080064,4576.360811888584,0.5700157928185348,positive_alpha_scaling_without_clipping,1.0,0,
coarse_grid,4.6,2.9855147969204046,4576.8980115857985,0.569957098936243,positive_alpha_scaling_without_clipping,1.0,0,
coarse_grid,4.6,3.1,4581.646903894092,0.569547549028695,positive_alpha_scaling_without_clipping,1.0,0,
coarse_grid,4.6,3.419951893353395,4584.758082272656,0.5692914029467351,positive_alpha_scaling_without_clipping,1.0,0,
coarse_grid,4.6,3.6,4568.763927941906,0.5706859633818366,positive_alpha_scaling_without_clipping,1.0,0,
coarse_grid,4.6,3.9176060908879475,4577.961028219671,0.5698524921430029,positive_alpha_scaling_without_clipping,1.0,0,
coarse_grid,4.6,4.1,4577.672424398739,0.5698851906785205,positive_alpha_scaling_without_clipping,1.0,0,
coarse_grid,4.6,4.487676424101213,4568.370022664341,0.5707672244058258,positive_alpha_scaling_without_clipping,1.0,0,
coarse_grid,4.6,4.6,4593.485426173872,0.5682910161295194,positive_alpha_scaling_without_clipping,1.0,0,
coarse_grid,4.6,5.1,4596.6490669500445,0.5679509570721601,positive_alpha_scaling_without_clipping,1.0,0,
coarse_grid,4.6,5.140700524811874,4572.450516606108,0.5703428897819836,positive_alpha_scaling_without_clipping,1.0,0,
coarse_grid,4.6,5.6,4573.671300044352,0.5702761723776025,positive_alpha_scaling_without_clipping,1.0,0,
coarse_grid,4.6,5.8887494080177145,4601.1173149810165,0.5675300986009386,positive_alpha_scaling_without_clipping,1.0,0,
coarse_grid,4.6,6.1,4576.707464252604,0.5699530573494697,positive_alpha_scaling_without_clipping,1.0,0,
coarse_grid,4.6,6.6,4575.2163378939495,0.570071942578345,positive_alpha_scaling_without_clipping,1.0,0,
coarse_grid,4.6,6.745650602103109,4600.6788486409805,0.5675177035174679,positive_alpha_scaling_without_clipping,1.0,0,
coarse_grid,4.6,7.1,4603.928269920944,0.5671909481973678,positive_alpha_scaling_without_clipping,1.0,0,
coarse_grid,4.6,7.6,4574.748486362678,0.5701172234724339,positive_alpha_scaling_without_clipping,1.0,0,
coarse_grid,4.6,7.727243747831959,4604.690644676204,0.5671216815917073,positive_alpha_scaling_without_clipping,1.0,0,
coarse_grid,4.6,8.1,4604.690644676204,0.5671216815917073,positive_alpha_scaling_without_clipping,1.0,0,
coarse_grid,4.6,8.6,4606.203898520662,0.5669697150737116,positive_alpha_scaling_without_clipping,1.0,0,
coarse_grid,4.6,8.851673390820459,4591.896638984754,0.5684024832522474,positive_alpha_scaling_without_clipping,1.0,0,
coarse_grid,4.6,9.1,4594.404189547808,0.56814860885031,positive_alpha_scaling_without_clipping,1.0,0,
coarse_grid,4.6,9.6,4600.922579498783,0.5675258967399553,positive_alpha_scaling_without_clipping,1.0,0,
coarse_grid,4.6,10.1,4599.069925463199,0.5676787814331805,positive_alpha_scaling_without_clipping,1.0,0,
coarse_grid,4.6,10.13972437969778,4584.790199844871,0.5691455987390126,positive_alpha_scaling_without_clipping,1.0,0,
coarse_grid,4.6,10.6,4584.449351006083,0.5691735421809102,positive_alpha_scaling_without_clipping,1.0,0,
coarse_grid,4.6,11.1,4571.083296668919,0.5704831172583037,positive_alpha_scaling_without_clipping,1.0,0,
coarse_grid,4.6,11.6,4594.244217949093,0.5681483140474841,positive_alpha_scaling_without_clipping,1.0,0,
coarse_grid,4.6,11.615206069720077,4572.422296055343,0.5703380219380316,positive_alpha_scaling_without_clipping,1.0,0,
coarse_grid,4.6,12.1,4585.48582071135,0.5690443545933693,positive_alpha_scaling_without_clipping,1.0,0,
coarse_grid,4.6,12.6,4568.319951219067,0.5707384460638526,positive_alpha_scaling_without_clipping,1.0,0,
coarse_grid,4.6,13.1,4574.310469676013,0.5701407192726785,positive_alpha_scaling_without_clipping,1.0,0,
coarse_grid,4.6,13.305392433761932,4599.404478329339,0.5676587504815969,positive_alpha_scaling_without_clipping,1.0,0,
coarse_grid,4.6,13.6,4574.930273684808,0.5701122144842878,positive_alpha_scaling_without_clipping,1.0,0,
coarse_grid,4.6,14.1,4576.615408288283,0.5699594643995101,positive_alpha_scaling_without_clipping,1.0,0,
coarse_grid,4.6,14.6,4578.062718802941,0.5697882135055545,positive_alpha_scaling_without_clipping,1.0,0,
coarse_grid,4.6,15.1,4578.8001904400735,0.5697055205469229,positive_alpha_scaling_without_clipping,1.0,0,
coarse_grid,4.6,15.241526216045477,4579.468054763686,0.5696468465641402,positive_alpha_scaling_without_clipping,1.0,0,
coarse_grid,4.6,15.6,4575.344537843187,0.5700596498289199,positive_alpha_scaling_without_clipping,1.0,0,
coarse_grid,4.6,16.1,4579.468054763686,0.5696468465641403,positive_alpha_scaling_without_clipping,1.0,0,
coarse_grid,4.6,16.6,4576.760238383685,0.5698804410338929,positive_alpha_scaling_without_clipping,1.0,0,
coarse_grid,4.6,17.1,4583.3390018053815,0.569227676276133,positive_alpha_scaling_without_clipping,1.0,0,
coarse_grid,4.6,17.459396447784496,4617.047151091313,0.5659028381038784,positive_alpha_scaling_without_clipping,1.0,0,
coarse_grid,4.6,17.6,4578.218888331086,0.5697711325814618,positive_alpha_scaling_without_clipping,1.0,0,
coarse_grid,4.6,18.1,4603.638262790091,0.5671684166446114,positive_alpha_scaling_without_clipping,1.0,0,
coarse_grid,4.6,18.6,4576.180366888808,0.5699361649927415,positive_alpha_scaling_without_clipping,1.0,0,
coarse_grid,4.6,19.1,4601.160385029961,0.5673769142573142,positive_alpha_scaling_without_clipping,1.0,0,
coarse_grid,4.6,19.6,4602.145169185157,0.5673110246705817,positive_alpha_scaling_without_clipping,1.0,0,
coarse_grid,4.6,20.000000000000004,4599.3996525604625,0.5675478518364854,positive_alpha_scaling_without_clipping,1.0,0,
coarse_grid,4.799999999999999,0.1,13091.747775198295,-0.19695926383194617,evaluated,,12656,
coarse_grid,4.799999999999999,0.11455149701087121,13091.518997913186,-0.19693964678555853,evaluated,,12656,
coarse_grid,4.799999999999999,0.13122045467431637,13091.326572750548,-0.19692314683741086,evaluated,,12656,
coarse_grid,4.799999999999999,0.1503149952139011,13091.349806448463,-0.19692839931534345,evaluated,,12655,
coarse_grid,4.799999999999999,0.17218807724934312,13090.946678157106,-0.19689383213185763,evaluated,,12655,
coarse_grid,4.799999999999999,0.1972440201633579,13090.607157690789,-0.19686471915093295,evaluated,,12655,
coarse_grid,4.799999999999999,0.22594597786155107,13090.291173810721,-0.19683762436995367,evaluated,,12654,
coarse_grid,4.799999999999999,0.2588245000762584,13089.91465661423,-0.19680533901738562,evaluated,,12654,
coarse_grid,4.799999999999999,0.29648733946825756,13089.653225029648,-0.19678458852894432,evaluated,,12653,
coarse_grid,4.799999999999999,0.3396306858085926,13089.16852393344,-0.19674350237191707,evaluated,,12651,
coarse_grid,4.799999999999999,0.3890520349020314,13088.700454044514,-0.19670336661840737,evaluated,,12650,
coarse_grid,4.799999999999999,0.445664930131534,13088.224276433562,-0.19666253564920344,evaluated,,12648,
coarse_grid,4.799999999999999,0.5105158491181254,13095.712646973832,-0.19741318526919016,evaluated,,12615,
coarse_grid,4.799999999999999,0.5848035476425733,12818.253651540457,-0.17377378682478595,evaluated,,12516,
coarse_grid,4.799999999999999,0.6,12427.907854791007,-0.1399277275010966,evaluated,,12314,
coarse_grid,4.799999999999999,0.669901218397251,13689.766802331358,-0.28109712552986355,evaluated,,10880,
coarse_grid,4.799999999999999,0.7673818741681168,10204.66649396574,0.03545839957590424,evaluated,,6574,
coarse_grid,4.799999999999999,0.8790474246496578,5096.530016720358,0.5205100737951531,evaluated,,3385,
coarse_grid,4.799999999999999,1.0069619843716933,4876.393691972184,0.5405687797783649,evaluated,,1528,
coarse_grid,4.799999999999999,1.1,4640.692532171824,0.5630111011321588,evaluated,,696,
coarse_grid,4.799999999999999,1.1534900274281497,4586.221757355538,0.5689359984515145,evaluated,,391,
coarse_grid,4.799999999999999,1.3213400942900544,4561.762064244604,0.5712639602122886,evaluated,,294,
coarse_grid,4.799999999999999,1.5136148586141145,4581.136234899699,0.56959747960671,evaluated,,57,
coarse_grid,4.799999999999999,1.6,4577.071867816016,0.5699305401830013,positive_alpha_scaling_without_clipping,1.0,0,
coarse_grid,4.799999999999999,1.733868479521449,4576.673091886607,0.5699714615082974,positive_alpha_scaling_without_clipping,1.0,0,
coarse_grid,4.799999999999999,1.9861722994914508,4577.44632980914,0.5699133827387846,positive_alpha_scaling_without_clipping,1.0,0,
coarse_grid,4.799999999999999,2.1,4576.586725323683,0.5699994373239499,positive_alpha_scaling_without_clipping,1.0,0,
coarse_grid,4.799999999999999,2.2751901022827012,4577.542748622963,0.5699072194737715,positive_alpha_scaling_without_clipping,1.0,0,
coarse_grid,4.799999999999999,2.6,4589.42609285825,0.5688408372629263,positive_alpha_scaling_without_clipping,1.0,0,
coarse_grid,4.799999999999999,2.6062643220080064,4576.360811888584,0.5700157928185348,positive_alpha_scaling_without_clipping,1.0,0,
coarse_grid,4.799999999999999,2.9855147969204046,4576.8980115857985,0.569957098936243,positive_alpha_scaling_without_clipping,1.0,0,
coarse_grid,4.799999999999999,3.1,4581.646903894092,0.569547549028695,positive_alpha_scaling_without_clipping,1.0,0,
coarse_grid,4.799999999999999,3.419951893353395,4584.758082272656,0.5692914029467351,positive_alpha_scaling_without_clipping,1.0,0,
coarse_grid,4.799999999999999,3.6,4568.763927941906,0.5706859633818366,positive_alpha_scaling_without_clipping,1.0,0,
coarse_grid,4.799999999999999,3.9176060908879475,4577.961028219671,0.5698524921430029,positive_alpha_scaling_without_clipping,1.0,0,
coarse_grid,4.799999999999999,4.1,4577.672424398739,0.5698851906785205,positive_alpha_scaling_without_clipping,1.0,0,
coarse_grid,4.799999999999999,4.487676424101213,4568.370022664341,0.5707672244058258,positive_alpha_scaling_without_clipping,1.0,0,
coarse_grid,4.799999999999999,4.6,4593.485426173872,0.5682910161295194,positive_alpha_scaling_without_clipping,1.0,0,
coarse_grid,4.799999999999999,5.1,4596.6490669500445,0.5679509570721601,positive_alpha_scaling_without_clipping,1.0,0,
coarse_grid,4.799999999999999,5.140700524811874,4572.450516606108,0.5703428897819836,positive_alpha_scaling_without_clipping,1.0,0,
coarse_grid,4.799999999999999,5.6,4573.671300044352,0.5702761723776025,positive_alpha_scaling_without_clipping,1.0,0,
coarse_grid,4.799999999999999,5.8887494080177145,4601.1173149810165,0.5675300986009386,positive_alpha_scaling_without_clipping,1.0,0,
coarse_grid,4.799999999999999,6.1,4576.707464252604,0.5699530573494697,positive_alpha_scaling_without_clipping,1.0,0,
coarse_grid,4.799999999999999,6.6,4575.2163378939495,0.570071942578345,positive_alpha_scaling_without_clipping,1.0,0,
coarse_grid,4.799999999999999,6.745650602103109,4600.6788486409805,0.5675177035174679,positive_alpha_scaling_without_clipping,1.0,0,
coarse_grid,4.799999999999999,7.1,4603.928269920944,0.5671909481973678,positive_alpha_scaling_without_clipping,1.0,0,
coarse_grid,4.799999999999999,7.6,4574.748486362678,0.5701172234724339,positive_alpha_scaling_without_clipping,1.0,0,
coarse_grid,4.799999999999999,7.727243747831959,4604.690644676204,0.5671216815917073,positive_alpha_scaling_without_clipping,1.0,0,
coarse_grid,4.799999999999999,8.1,4604.690644676204,0.5671216815917073,positive_alpha_scaling_without_clipping,1.0,0,
coarse_grid,4.799999999999999,8.6,4606.203898520662,0.5669697150737116,positive_alpha_scaling_without_clipping,1.0,0,
coarse_grid,4.799999999999999,8.851673390820459,4591.896638984754,0.5684024832522474,positive_alpha_scaling_without_clipping,1.0,0,
coarse_grid,4.799999999999999,9.1,4594.404189547808,0.56814860885031,positive_alpha_scaling_without_clipping,1.0,0,
coarse_grid,4.799999999999999,9.6,4600.922579498783,0.5675258967399553,positive_alpha_scaling_without_clipping,1.0,0,
coarse_grid,4.799999999999999,10.1,4599.069925463199,0.5676787814331805,positive_alpha_scaling_without_clipping,1.0,0,
coarse_grid,4.799999999999999,10.13972437969778,4584.790199844871,0.5691455987390126,positive_alpha_scaling_without_clipping,1.0,0,
coarse_grid,4.799999999999999,10.6,4584.449351006083,0.5691735421809102,positive_alpha_scaling_without_clipping,1.0,0,
coarse_grid,4.799999999999999,11.1,4571.083296668919,0.5704831172583037,positive_alpha_scaling_without_clipping,1.0,0,
coarse_grid,4.799999999999999,11.6,4594.244217949093,0.5681483140474841,positive_alpha_scaling_without_clipping,1.0,0,
coarse_grid,4.799999999999999,11.615206069720077,4572.422296055343,0.5703380219380316,positive_alpha_scaling_without_clipping,1.0,0,
coarse_grid,4.799999999999999,12.1,4585.48582071135,0.5690443545933693,positive_alpha_scaling_without_clipping,1.0,0,
coarse_grid,4.799999999999999,12.6,4568.319951219067,0.5707384460638526,positive_alpha_scaling_without_clipping,1.0,0,
coarse_grid,4.799999999999999,13.1,4574.310469676013,0.5701407192726785,positive_alpha_scaling_without_clipping,1.0,0,
coarse_grid,4.799999999999999,13.305392433761932,4599.404478329339,0.5676587504815969,positive_alpha_scaling_without_clipping,1.0,0,
coarse_grid,4.799999999999999,13.6,4574.930273684808,0.5701122144842878,positive_alpha_scaling_without_clipping,1.0,0,
coarse_grid,4.799999999999999,14.1,4576.615408288283,0.5699594643995101,positive_alpha_scaling_without_clipping,1.0,0,
coarse_grid,4.799999999999999,14.6,4578.062718802941,0.5697882135055545,positive_alpha_scaling_without_clipping,1.0,0,
coarse_grid,4.799999999999999,15.1,4578.8001904400735,0.5697055205469229,positive_alpha_scaling_without_clipping,1.0,0,
coarse_grid,4.799999999999999,15.241526216045477,4579.468054763686,0.5696468465641402,positive_alpha_scaling_without_clipping,1.0,0,
coarse_grid,4.799999999999999,15.6,4575.344537843187,0.5700596498289199,positive_alpha_scaling_without_clipping,1.0,0,
coarse_grid,4.799999999999999,16.1,4579.468054763686,0.5696468465641403,positive_alpha_scaling_without_clipping,1.0,0,
coarse_grid,4.799999999999999,16.6,4576.760238383685,0.5698804410338929,positive_alpha_scaling_without_clipping,1.0,0,
coarse_grid,4.799999999999999,17.1,4583.3390018053815,0.569227676276133,positive_alpha_scaling_without_clipping,1.0,0,
coarse_grid,4.799999999999999,17.459396447784496,4617.047151091313,0.5659028381038784,positive_alpha_scaling_without_clipping,1.0,0,
coarse_grid,4.799999999999999,17.6,4578.218888331086,0.5697711325814618,positive_alpha_scaling_without_clipping,1.0,0,
coarse_grid,4.799999999999999,18.1,4603.638262790091,0.5671684166446114,positive_alpha_scaling_without_clipping,1.0,0,
coarse_grid,4.799999999999999,18.6,4576.180366888808,0.5699361649927415,positive_alpha_scaling_without_clipping,1.0,0,
coarse_grid,4.799999999999999,19.1,4601.160385029961,0.5673769142573142,positive_alpha_scaling_without_clipping,1.0,0,
coarse_grid,4.799999999999999,19.6,4602.145169185157,0.5673110246705817,positive_alpha_scaling_without_clipping,1.0,0,
coarse_grid,4.799999999999999,20.000000000000004,4599.3996525604625,0.5675478518364854,positive_alpha_scaling_without_clipping,1.0,0,
coarse_grid,4.999999999999999,0.1,13091.824757800816,-0.19696586488625967,evaluated,,12656,
coarse_grid,4.999999999999999,0.11455149701087121,13091.58359468781,-0.19694518578792786,evaluated,,12656,
coarse_grid,4.999999999999999,0.13122045467431637,13091.380977270255,-0.19692781188091069,evaluated,,12656,
coarse_grid,4.999999999999999,0.1503149952139011,13091.210126938116,-0.19691316191734753,evaluated,,12656,
coarse_grid,4.999999999999999,0.17218807724934312,13091.060560107064,-0.19690359720750306,evaluated,,12655,
coarse_grid,4.999999999999999,0.1972440201633579,13090.703194891492,-0.19687295408658334,evaluated,,12655,
coarse_grid,4.999999999999999,0.22594597786155107,13090.401478122965,-0.19684708267263895,evaluated,,12655,
coarse_grid,4.999999999999999,0.2588245000762584,13090.025840826933,-0.19681487276920506,evaluated,,12654,
coarse_grid,4.999999999999999,0.29648733946825756,13089.662893626752,-0.19678375100788648,evaluated,,12654,
coarse_grid,4.999999999999999,0.3396306858085926,13089.307221592382,-0.19675491965042824,evaluated,,12652,
coarse_grid,4.999999999999999,0.3890520349020314,13088.825664646369,-0.19671410309595438,evaluated,,12650,
coarse_grid,4.999999999999999,0.445664930131534,13088.378490079987,-0.19667575906102108,evaluated,,12649,
coarse_grid,4.999999999999999,0.5105158491181254,13092.449975264997,-0.1970865607980704,evaluated,,12628,
coarse_grid,4.999999999999999,0.5848035476425733,12939.439162998671,-0.18417515151430364,evaluated,,12562,
coarse_grid,4.999999999999999,0.6,12836.15842353817,-0.17526566045300773,evaluated,,12531,
coarse_grid,4.999999999999999,0.669901218397251,14550.551422580025,-0.36071807569386316,evaluated,,11673,
coarse_grid,4.999999999999999,0.7673818741681168,11621.254895617396,-0.09793015378411346,evaluated,,7888,
coarse_grid,4.999999999999999,0.8790474246496578,5419.97493707475,0.4879029101624979,evaluated,,3766,
coarse_grid,4.999999999999999,1.0069619843716933,4975.910301043094,0.532937035551545,evaluated,,2217,
coarse_grid,4.999999999999999,1.1,4685.589160353942,0.558313723038908,evaluated,,957,
coarse_grid,4.999999999999999,1.1534900274281497,4638.877654184081,0.563255133738205,evaluated,,661,
coarse_grid,4.999999999999999,1.3213400942900544,4563.831380237701,0.5710252412248038,evaluated,,301,
coarse_grid,4.999999999999999,1.5136148586141145,4580.602261718992,0.5696521938111139,evaluated,,118,
coarse_grid,4.999999999999999,1.6,4577.816095860299,0.5698610789933723,evaluated,,36,
coarse_grid,4.999999999999999,1.733868479521449,4576.673091886607,0.5699714615082974,positive_alpha_scaling_without_clipping,1.0,0,
coarse_grid,4.999999999999999,1.9861722994914508,4577.44632980914,0.5699133827387846,positive_alpha_scaling_without_clipping,1.0,0,
coarse_grid,4.999999999999999,2.1,4576.586725323683,0.5699994373239499,positive_alpha_scaling_without_clipping,1.0,0,
coarse_grid,4.999999999999999,2.2751901022827012,4577.542748622963,0.5699072194737715,positive_alpha_scaling_without_clipping,1.0,0,
coarse_grid,4.999999999999999,2.6,4589.42609285825,0.5688408372629263,positive_alpha_scaling_without_clipping,1.0,0,
coarse_grid,4.999999999999999,2.6062643220080064,4576.360811888584,0.5700157928185348,positive_alpha_scaling_without_clipping,1.0,0,
coarse_grid,4.999999999999999,2.9855147969204046,4576.8980115857985,0.569957098936243,positive_alpha_scaling_without_clipping,1.0,0,
coarse_grid,4.999999999999999,3.1,4581.646903894092,0.569547549028695,positive_alpha_scaling_without_clipping,1.0,0,
coarse_grid,4.999999999999999,3.419951893353395,4584.758082272656,0.5692914029467351,positive_alpha_scaling_without_clipping,1.0,0,
coarse_grid,4.999999999999999,3.6,4568.763927941906,0.5706859633818366,positive_alpha_scaling_without_clipping,1.0,0,
coarse_grid,4.999999999999999,3.9176060908879475,4577.961028219671,0.5698524921430029,positive_alpha_scaling_without_clipping,1.0,0,
coarse_grid,4.999999999999999,4.1,4577.672424398739,0.5698851906785205,positive_alpha_scaling_without_clipping,1.0,0,
coarse_grid,4.999999999999999,4.487676424101213,4568.370022664341,0.5707672244058258,positive_alpha_scaling_without_clipping,1.0,0,
coarse_grid,4.999999999999999,4.6,4593.485426173872,0.5682910161295194,positive_alpha_scaling_without_clipping,1.0,0,
coarse_grid,4.999999999999999,5.1,4596.6490669500445,0.5679509570721601,positive_alpha_scaling_without_clipping,1.0,0,
coarse_grid,4.999999999999999,5.140700524811874,4572.450516606108,0.5703428897819836,positive_alpha_scaling_without_clipping,1.0,0,
coarse_grid,4.999999999999999,5.6,4573.671300044352,0.5702761723776025,positive_alpha_scaling_without_clipping,1.0,0,
coarse_grid,4.999999999999999,5.8887494080177145,4601.1173149810165,0.5675300986009386,positive_alpha_scaling_without_clipping,1.0,0,
coarse_grid,4.999999999999999,6.1,4576.707464252604,0.5699530573494697,positive_alpha_scaling_without_clipping,1.0,0,
coarse_grid,4.999999999999999,6.6,4575.2163378939495,0.570071942578345,positive_alpha_scaling_without_clipping,1.0,0,
coarse_grid,4.999999999999999,6.745650602103109,4600.6788486409805,0.5675177035174679,positive_alpha_scaling_without_clipping,1.0,0,
coarse_grid,4.999999999999999,7.1,4603.928269920944,0.5671909481973678,positive_alpha_scaling_without_clipping,1.0,0,
coarse_grid,4.999999999999999,7.6,4574.748486362678,0.5701172234724339,positive_alpha_scaling_without_clipping,1.0,0,
coarse_grid,4.999999999999999,7.727243747831959,4604.690644676204,0.5671216815917073,positive_alpha_scaling_without_clipping,1.0,0,
coarse_grid,4.999999999999999,8.1,4604.690644676204,0.5671216815917073,positive_alpha_scaling_without_clipping,1.0,0,
coarse_grid,4.999999999999999,8.6,4606.203898520662,0.5669697150737116,positive_alpha_scaling_without_clipping,1.0,0,
coarse_grid,4.999999999999999,8.851673390820459,4591.896638984754,0.5684024832522474,positive_alpha_scaling_without_clipping,1.0,0,
coarse_grid,4.999999999999999,9.1,4594.404189547808,0.56814860885031,positive_alpha_scaling_without_clipping,1.0,0,
coarse_grid,4.999999999999999,9.6,4600.922579498783,0.5675258967399553,positive_alpha_scaling_without_clipping,1.0,0,
coarse_grid,4.999999999999999,10.1,4599.069925463199,0.5676787814331805,positive_alpha_scaling_without_clipping,1.0,0,
coarse_grid,4.999999999999999,10.13972437969778,4584.790199844871,0.5691455987390126,positive_alpha_scaling_without_clipping,1.0,0,
coarse_grid,4.999999999999999,10.6,4584.449351006083,0.5691735421809102,positive_alpha_scaling_without_clipping,1.0,0,
coarse_grid,4.999999999999999,11.1,4571.083296668919,0.5704831172583037,positive_alpha_scaling_without_clipping,1.0,0,
coarse_grid,4.999999999999999,11.6,4594.244217949093,0.5681483140474841,positive_alpha_scaling_without_clipping,1.0,0,
coarse_grid,4.999999999999999,11.615206069720077,4572.422296055343,0.5703380219380316,positive_alpha_scaling_without_clipping,1.0,0,
coarse_grid,4.999999999999999,12.1,4585.48582071135,0.5690443545933693,positive_alpha_scaling_without_clipping,1.0,0,
coarse_grid,4.999999999999999,12.6,4568.319951219067,0.5707384460638526,positive_alpha_scaling_without_clipping,1.0,0,
coarse_grid,4.999999999999999,13.1,4574.310469676013,0.5701407192726785,positive_alpha_scaling_without_clipping,1.0,0,
coarse_grid,4.999999999999999,13.305392433761932,4599.404478329339,0.5676587504815969,positive_alpha_scaling_without_clipping,1.0,0,
coarse_grid,4.999999999999999,13.6,4574.930273684808,0.5701122144842878,positive_alpha_scaling_without_clipping,1.0,0,
coarse_grid,4.999999999999999,14.1,4576.615408288283,0.5699594643995101,positive_alpha_scaling_without_clipping,1.0,0,
coarse_grid,4.999999999999999,14.6,4578.062718802941,0.5697882135055545,positive_alpha_scaling_without_clipping,1.0,0,
coarse_grid,4.999999999999999,15.1,4578.8001904400735,0.5697055205469229,positive_alpha_scaling_without_clipping,1.0,0,
coarse_grid,4.999999999999999,15.241526216045477,4579.468054763686,0.5696468465641402,positive_alpha_scaling_without_clipping,1.0,0,
coarse_grid,4.999999999999999,15.6,4575.344537843187,0.5700596498289199,positive_alpha_scaling_without_clipping,1.0,0,
coarse_grid,4.999999999999999,16.1,4579.468054763686,0.5696468465641403,positive_alpha_scaling_without_clipping,1.0,0,
coarse_grid,4.999999999999999,16.6,4576.760238383685,0.5698804410338929,positive_alpha_scaling_without_clipping,1.0,0,
coarse_grid,4.999999999999999,17.1,4583.3390018053815,0.569227676276133,positive_alpha_scaling_without_clipping,1.0,0,
coarse_grid,4.999999999999999,17.459396447784496,4617.047151091313,0.5659028381038784,positive_alpha_scaling_without_clipping,1.0,0,
coarse_grid,4.999999999999999,17.6,4578.218888331086,0.5697711325814618,positive_alpha_scaling_without_clipping,1.0,0,
coarse_grid,4.999999999999999,18.1,4603.638262790091,0.5671684166446114,positive_alpha_scaling_without_clipping,1.0,0,
coarse_grid,4.999999999999999,18.6,4576.180366888808,0.5699361649927415,positive_alpha_scaling_without_clipping,1.0,0,
coarse_grid,4.999999999999999,19.1,4601.160385029961,0.5673769142573142,positive_alpha_scaling_without_clipping,1.0,0,
coarse_grid,4.999999999999999,19.6,4602.145169185157,0.5673110246705817,positive_alpha_scaling_without_clipping,1.0,0,
coarse_grid,4.999999999999999,20.000000000000004,4599.3996525604625,0.5675478518364854,positive_alpha_scaling_without_clipping,1.0,0,
coarse_grid,5.199999999999999,0.1,13091.902699850809,-0.19697254821065324,evaluated,,12656,
coarse_grid,5.199999999999999,0.11455149701087121,13091.64892263462,-0.19695078748637618,evaluated,,12656,
coarse_grid,5.199999999999999,0.13122045467431637,13091.435938998964,-0.1969325247036069,evaluated,,12656,
coarse_grid,5.199999999999999,0.1503149952139011,13091.256531201658,-0.19691714096006607,evaluated,,12656,
coarse_grid,5.199999999999999,0.17218807724934312,13091.175685502152,-0.19691346890527572,evaluated,,12655,
coarse_grid,5.199999999999999,0.1972440201633579,13090.800179692273,-0.1968812702764312,evaluated,,12655,
coarse_grid,5.199999999999999,0.22594597786155107,13090.483463318424,-0.1968541126860498,evaluated,,12655,
coarse_grid,5.199999999999999,0.2588245000762584,13090.134280343591,-0.1968241711706067,evaluated,,12654,
coarse_grid,5.199999999999999,0.29648733946825756,13089.765562816008,-0.1967925546189936,evaluated,,12654,
coarse_grid,5.199999999999999,0.3396306858085926,13089.447426300241,-0.19676694183286014,evaluated,,12652,
coarse_grid,5.199999999999999,0.3890520349020314,13088.95297881143,-0.1967250199484758,evaluated,,12650,
coarse_grid,5.199999999999999,0.445664930131534,13088.51514913133,-0.1966874772127959,evaluated,,12649,
coarse_grid,5.199999999999999,0.5105158491181254,13088.242808783112,-0.19666538341655893,evaluated,,12643,
coarse_grid,5.199999999999999,0.5848035476425733,13098.384671383923,-0.19768068032773423,evaluated,,12604,
coarse_grid,5.199999999999999,0.6,12987.962768474701,-0.1882798483627156,evaluated,,12576,
coarse_grid,5.199999999999999,0.669901218397251,12506.507475046094,-0.150641722109767,evaluated,,12139,
coarse_grid,5.199999999999999,0.7673818741681168,12594.21477151781,-0.18530656755696823,evaluated,,9375,
coarse_grid,5.199999999999999,0.8790474246496578,7225.539660978241,0.3213489476255455,evaluated,,4776,
coarse_grid,5.199999999999999,1.0069619843716933,4991.77608841986,0.5317628692263426,evaluated,,2689,
coarse_grid,5.199999999999999,1.1,4853.786255861954,0.5427837145151213,evaluated,,1448,
coarse_grid,5.199999999999999,1.1534900274281497,4679.604212620952,0.5589999790018748,evaluated,,881,
coarse_grid,5.199999999999999,1.3213400942900544,4571.59409053178,0.5703092464113719,evaluated,,301,
coarse_grid,5.199999999999999,1.5136148586141145,4574.264106717883,0.5701915418604098,evaluated,,204,
coarse_grid,5.199999999999999,1.6,4576.842270743915,0.5699551079562064,evaluated,,109,
coarse_grid,5.199999999999999,1.733868479521449,4576.673091886607,0.5699714615082974,positive_alpha_scaling_without_clipping,1.0,0,
coarse_grid,5.199999999999999,1.9861722994914508,4577.44632980914,0.5699133827387846,positive_alpha_scaling_without_clipping,1.0,0,
coarse_grid,5.199999999999999,2.1,4576.586725323683,0.5699994373239499,positive_alpha_scaling_without_clipping,1.0,0,
coarse_grid,5.199999999999999,2.2751901022827012,4577.542748622963,0.5699072194737715,positive_alpha_scaling_without_clipping,1.0,0,
coarse_grid,5.199999999999999,2.6,4589.42609285825,0.5688408372629263,positive_alpha_scaling_without_clipping,1.0,0,
coarse_grid,5.199999999999999,2.6062643220080064,4576.360811888584,0.5700157928185348,positive_alpha_scaling_without_clipping,1.0,0,
coarse_grid,5.199999999999999,2.9855147969204046,4576.8980115857985,0.569957098936243,positive_alpha_scaling_without_clipping,1.0,0,
coarse_grid,5.199999999999999,3.1,4581.646903894092,0.569547549028695,positive_alpha_scaling_without_clipping,1.0,0,
coarse_grid,5.199999999999999,3.419951893353395,4584.758082272656,0.5692914029467351,positive_alpha_scaling_without_clipping,1.0,0,
coarse_grid,5.199999999999999,3.6,4568.763927941906,0.5706859633818366,positive_alpha_scaling_without_clipping,1.0,0,
coarse_grid,5.199999999999999,3.9176060908879475,4577.961028219671,0.5698524921430029,positive_alpha_scaling_without_clipping,1.0,0,
coarse_grid,5.199999999999999,4.1,4577.672424398739,0.5698851906785205,positive_alpha_scaling_without_clipping,1.0,0,
coarse_grid,5.199999999999999,4.487676424101213,4568.370022664341,0.5707672244058258,positive_alpha_scaling_without_clipping,1.0,0,
coarse_grid,5.199999999999999,4.6,4593.485426173872,0.5682910161295194,positive_alpha_scaling_without_clipping,1.0,0,
coarse_grid,5.199999999999999,5.1,4596.6490669500445,0.5679509570721601,positive_alpha_scaling_without_clipping,1.0,0,
coarse_grid,5.199999999999999,5.140700524811874,4572.450516606108,0.5703428897819836,positive_alpha_scaling_without_clipping,1.0,0,
coarse_grid,5.199999999999999,5.6,4573.671300044352,0.5702761723776025,positive_alpha_scaling_without_clipping,1.0,0,
coarse_grid,5.199999999999999,5.8887494080177145,4601.1173149810165,0.5675300986009386,positive_alpha_scaling_without_clipping,1.0,0,
coarse_grid,5.199999999999999,6.1,4576.707464252604,0.5699530573494697,positive_alpha_scaling_without_clipping,1.0,0,
coarse_grid,5.199999999999999,6.6,4575.2163378939495,0.570071942578345,positive_alpha_scaling_without_clipping,1.0,0,
coarse_grid,5.199999999999999,6.745650602103109,4600.6788486409805,0.5675177035174679,positive_alpha_scaling_without_clipping,1.0,0,
coarse_grid,5.199999999999999,7.1,4603.928269920944,0.5671909481973678,positive_alpha_scaling_without_clipping,1.0,0,
coarse_grid,5.199999999999999,7.6,4574.748486362678,0.5701172234724339,positive_alpha_scaling_without_clipping,1.0,0,
coarse_grid,5.199999999999999,7.727243747831959,4604.690644676204,0.5671216815917073,positive_alpha_scaling_without_clipping,1.0,0,
coarse_grid,5.199999999999999,8.1,4604.690644676204,0.5671216815917073,positive_alpha_scaling_without_clipping,1.0,0,
coarse_grid,5.199999999999999,8.6,4606.203898520662,0.5669697150737116,positive_alpha_scaling_without_clipping,1.0,0,
coarse_grid,5.199999999999999,8.851673390820459,4591.896638984754,0.5684024832522474,positive_alpha_scaling_without_clipping,1.0,0,
coarse_grid,5.199999999999999,9.1,4594.404189547808,0.56814860885031,positive_alpha_scaling_without_clipping,1.0,0,
coarse_grid,5.199999999999999,9.6,4600.922579498783,0.5675258967399553,positive_alpha_scaling_without_clipping,1.0,0,
coarse_grid,5.199999999999999,10.1,4599.069925463199,0.5676787814331805,positive_alpha_scaling_without_clipping,1.0,0,
coarse_grid,5.199999999999999,10.13972437969778,4584.790199844871,0.5691455987390126,positive_alpha_scaling_without_clipping,1.0,0,
coarse_grid,5.199999999999999,10.6,4584.449351006083,0.5691735421809102,positive_alpha_scaling_without_clipping,1.0,0,
coarse_grid,5.199999999999999,11.1,4571.083296668919,0.5704831172583037,positive_alpha_scaling_without_clipping,1.0,0,
coarse_grid,5.199999999999999,11.6,4594.244217949093,0.5681483140474841,positive_alpha_scaling_without_clipping,1.0,0,
coarse_grid,5.199999999999999,11.615206069720077,4572.422296055343,0.5703380219380316,positive_alpha_scaling_without_clipping,1.0,0,
coarse_grid,5.199999999999999,12.1,4585.48582071135,0.5690443545933693,positive_alpha_scaling_without_clipping,1.0,0,
coarse_grid,5.199999999999999,12.6,4568.319951219067,0.5707384460638526,positive_alpha_scaling_without_clipping,1.0,0,
coarse_grid,5.199999999999999,13.1,4574.310469676013,0.5701407192726785,positive_alpha_scaling_without_clipping,1.0,0,
coarse_grid,5.199999999999999,13.305392433761932,4599.404478329339,0.5676587504815969,positive_alpha_scaling_without_clipping,1.0,0,
coarse_grid,5.199999999999999,13.6,4574.930273684808,0.5701122144842878,positive_alpha_scaling_without_clipping,1.0,0,
coarse_grid,5.199999999999999,14.1,4576.615408288283,0.5699594643995101,positive_alpha_scaling_without_clipping,1.0,0,
coarse_grid,5.199999999999999,14.6,4578.062718802941,0.5697882135055545,positive_alpha_scaling_without_clipping,1.0,0,
coarse_grid,5.199999999999999,15.1,4578.8001904400735,0.5697055205469229,positive_alpha_scaling_without_clipping,1.0,0,
coarse_grid,5.199999999999999,15.241526216045477,4579.468054763686,0.5696468465641402,positive_alpha_scaling_without_clipping,1.0,0,
coarse_grid,5.199999999999999,15.6,4575.344537843187,0.5700596498289199,positive_alpha_scaling_without_clipping,1.0,0,
coarse_grid,5.199999999999999,16.1,4579.468054763686,0.5696468465641403,positive_alpha_scaling_without_clipping,1.0,0,
coarse_grid,5.199999999999999,16.6,4576.760238383685,0.5698804410338929,positive_alpha_scaling_without_clipping,1.0,0,
coarse_grid,5.199999999999999,17.1,4583.3390018053815,0.569227676276133,positive_alpha_scaling_without_clipping,1.0,0,
coarse_grid,5.199999999999999,17.459396447784496,4617.047151091313,0.5659028381038784,positive_alpha_scaling_without_clipping,1.0,0,
coarse_grid,5.199999999999999,17.6,4578.218888331086,0.5697711325814618,positive_alpha_scaling_without_clipping,1.0,0,
coarse_grid,5.199999999999999,18.1,4603.638262790091,0.5671684166446114,positive_alpha_scaling_without_clipping,1.0,0,
coarse_grid,5.199999999999999,18.6,4576.180366888808,0.5699361649927415,positive_alpha_scaling_without_clipping,1.0,0,
coarse_grid,5.199999999999999,19.1,4601.160385029961,0.5673769142573142,positive_alpha_scaling_without_clipping,1.0,0,
coarse_grid,5.199999999999999,19.6,4602.145169185157,0.5673110246705817,positive_alpha_scaling_without_clipping,1.0,0,
coarse_grid,5.199999999999999,20.000000000000004,4599.3996525604625,0.5675478518364854,positive_alpha_scaling_without_clipping,1.0,0,
coarse_grid,5.399999999999999,0.1,13091.981601348272,-0.1969793138051268,evaluated,,12656,
coarse_grid,5.399999999999999,0.11455149701087121,13091.71498175362,-0.1969564518809035,evaluated,,12656,
coarse_grid,5.399999999999999,0.13122045467431637,13091.49145793668,-0.1969372853054998,evaluated,,12656,
coarse_grid,5.399999999999999,0.1503149952139011,13091.303360100981,-0.1969211564141785,evaluated,,12656,
coarse_grid,5.399999999999999,0.17218807724934312,13091.29205434237,-0.19692344722517552,evaluated,,12655,
coarse_grid,5.399999999999999,0.1972440201633579,13090.898112093131,-0.19688966772047634,evaluated,,12655,
coarse_grid,5.399999999999999,0.22594597786155107,13090.566170657454,-0.1968612046213597,evaluated,,12655,
coarse_grid,5.399999999999999,0.2588245000762584,13090.240052447793,-0.19683324084845377,evaluated,,12654,
coarse_grid,5.399999999999999,0.29648733946825756,13089.866005355063,-0.19680116730074215,evaluated,,12654,
coarse_grid,5.399999999999999,0.3396306858085926,13089.585787853082,-0.19677880596963004,evaluated,,12652,
coarse_grid,5.399999999999999,0.3890520349020314,13089.092763316963,-0.19673700609967104,evaluated,,12651,
coarse_grid,5.399999999999999,0.445664930131534,13088.64737384025,-0.19669881513144993,evaluated,,12650,
coarse_grid,5.399999999999999,0.5105158491181254,13088.155171025823,-0.19665661004348334,evaluated,,12647,
coarse_grid,5.399999999999999,0.5848035476425733,13096.063923883143,-0.19744835142899997,evaluated,,12613,
coarse_grid,5.399999999999999,0.6,13097.098581190163,-0.19755193046662745,evaluated,,12609,
coarse_grid,5.399999999999999,0.669901218397251,12578.498682373809,-0.15310838943671934,evaluated,,12408,
coarse_grid,5.399999999999999,0.7673818741681168,13501.334243616531,-0.26371688099326973,evaluated,,10519,
coarse_grid,5.399999999999999,0.8790474246496578,9638.809679151245,0.08841957236269865,evaluated,,6030,
coarse_grid,5.399999999999999,1.0069619843716933,5031.724220699355,0.5270311693171417,evaluated,,3203,
coarse_grid,5.399999999999999,1.1,4971.9030852117285,0.5329061666489312,evaluated,,2063,
coarse_grid,5.399999999999999,1.1534900274281497,4805.3883373111685,0.5472165423102061,evaluated,,1299,
coarse_grid,5.399999999999999,1.3213400942900544,4565.317892455213,0.5709169567715418,evaluated,,327,
coarse_grid,5.399999999999999,1.5136148586141145,4579.740524946544,0.5696811757244085,evaluated,,272,
coarse_grid,5.399999999999999,1.6,4576.315895760532,0.5699953627849184,evaluated,,163,
coarse_grid,5.399999999999999,1.733868479521449,4575.816986454092,0.5700531580713278,evaluated,,25,
coarse_grid,5.399999999999999,1.9861722994914508,4577.44632980914,0.5699133827387846,positive_alpha_scaling_without_clipping,1.0,0,
coarse_grid,5.399999999999999,2.1,4576.586725323683,0.5699994373239499,positive_alpha_scaling_without_clipping,1.0,0,
coarse_grid,5.399999999999999,2.2751901022827012,4577.542748622963,0.5699072194737715,positive_alpha_scaling_without_clipping,1.0,0,
coarse_grid,5.399999999999999,2.6,4589.42609285825,0.5688408372629263,positive_alpha_scaling_without_clipping,1.0,0,
coarse_grid,5.399999999999999,2.6062643220080064,4576.360811888584,0.5700157928185348,positive_alpha_scaling_without_clipping,1.0,0,
coarse_grid,5.399999999999999,2.9855147969204046,4576.8980115857985,0.569957098936243,positive_alpha_scaling_without_clipping,1.0,0,
coarse_grid,5.399999999999999,3.1,4581.646903894092,0.569547549028695,positive_alpha_scaling_without_clipping,1.0,0,
coarse_grid,5.399999999999999,3.419951893353395,4584.758082272656,0.5692914029467351,positive_alpha_scaling_without_clipping,1.0,0,
coarse_grid,5.399999999999999,3.6,4568.763927941906,0.5706859633818366,positive_alpha_scaling_without_clipping,1.0,0,
coarse_grid,5.399999999999999,3.9176060908879475,4577.961028219671,0.5698524921430029,positive_alpha_scaling_without_clipping,1.0,0,
coarse_grid,5.399999999999999,4.1,4577.672424398739,0.5698851906785205,positive_alpha_scaling_without_clipping,1.0,0,
coarse_grid,5.399999999999999,4.487676424101213,4568.370022664341,0.5707672244058258,positive_alpha_scaling_without_clipping,1.0,0,
coarse_grid,5.399999999999999,4.6,4593.485426173872,0.5682910161295194,positive_alpha_scaling_without_clipping,1.0,0,
coarse_grid,5.399999999999999,5.1,4596.6490669500445,0.5679509570721601,positive_alpha_scaling_without_clipping,1.0,0,
coarse_grid,5.399999999999999,5.140700524811874,4572.450516606108,0.5703428897819836,positive_alpha_scaling_without_clipping,1.0,0,
coarse_grid,5.399999999999999,5.6,4573.671300044352,0.5702761723776025,positive_alpha_scaling_without_clipping,1.0,0,
coarse_grid,5.399999999999999,5.8887494080177145,4601.1173149810165,0.5675300986009386,positive_alpha_scaling_without_clipping,1.0,0,
coarse_grid,5.399999999999999,6.1,4576.707464252604,0.5699530573494697,positive_alpha_scaling_without_clipping,1.0,0,
coarse_grid,5.399999999999999,6.6,4575.2163378939495,0.570071942578345,positive_alpha_scaling_without_clipping,1.0,0,
coarse_grid,5.399999999999999,6.745650602103109,4600.6788486409805,0.5675177035174679,positive_alpha_scaling_without_clipping,1.0,0,
coarse_grid,5.399999999999999,7.1,4603.928269920944,0.5671909481973678,positive_alpha_scaling_without_clipping,1.0,0,
coarse_grid,5.399999999999999,7.6,4574.748486362678,0.5701172234724339,positive_alpha_scaling_without_clipping,1.0,0,
coarse_grid,5.399999999999999,7.727243747831959,4604.690644676204,0.5671216815917073,positive_alpha_scaling_without_clipping,1.0,0,
coarse_grid,5.399999999999999,8.1,4604.690644676204,0.5671216815917073,positive_alpha_scaling_without_clipping,1.0,0,
coarse_grid,5.399999999999999,8.6,4606.203898520662,0.5669697150737116,positive_alpha_scaling_without_clipping,1.0,0,
coarse_grid,5.399999999999999,8.851673390820459,4591.896638984754,0.5684024832522474,positive_alpha_scaling_without_clipping,1.0,0,
coarse_grid,5.399999999999999,9.1,4594.404189547808,0.56814860885031,positive_alpha_scaling_without_clipping,1.0,0,
coarse_grid,5.399999999999999,9.6,4600.922579498783,0.5675258967399553,positive_alpha_scaling_without_clipping,1.0,0,
coarse_grid,5.399999999999999,10.1,4599.069925463199,0.5676787814331805,positive_alpha_scaling_without_clipping,1.0,0,
coarse_grid,5.399999999999999,10.13972437969778,4584.790199844871,0.5691455987390126,positive_alpha_scaling_without_clipping,1.0,0,
coarse_grid,5.399999999999999,10.6,4584.449351006083,0.5691735421809102,positive_alpha_scaling_without_clipping,1.0,0,
coarse_grid,5.399999999999999,11.1,4571.083296668919,0.5704831172583037,positive_alpha_scaling_without_clipping,1.0,0,
coarse_grid,5.399999999999999,11.6,4594.244217949093,0.5681483140474841,positive_alpha_scaling_without_clipping,1.0,0,
coarse_grid,5.399999999999999,11.615206069720077,4572.422296055343,0.5703380219380316,positive_alpha_scaling_without_clipping,1.0,0,
coarse_grid,5.399999999999999,12.1,4585.48582071135,0.5690443545933693,positive_alpha_scaling_without_clipping,1.0,0,
coarse_grid,5.399999999999999,12.6,4568.319951219067,0.5707384460638526,positive_alpha_scaling_without_clipping,1.0,0,
coarse_grid,5.399999999999999,13.1,4574.310469676013,0.5701407192726785,positive_alpha_scaling_without_clipping,1.0,0,
coarse_grid,5.399999999999999,13.305392433761932,4599.404478329339,0.5676587504815969,positive_alpha_scaling_without_clipping,1.0,0,
coarse_grid,5.399999999999999,13.6,4574.930273684808,0.5701122144842878,positive_alpha_scaling_without_clipping,1.0,0,
coarse_grid,5.399999999999999,14.1,4576.615408288283,0.5699594643995101,positive_alpha_scaling_without_clipping,1.0,0,
coarse_grid,5.399999999999999,14.6,4578.062718802941,0.5697882135055545,positive_alpha_scaling_without_clipping,1.0,0,
coarse_grid,5.399999999999999,15.1,4578.8001904400735,0.5697055205469229,positive_alpha_scaling_without_clipping,1.0,0,
coarse_grid,5.399999999999999,15.241526216045477,4579.468054763686,0.5696468465641402,positive_alpha_scaling_without_clipping,1.0,0,
coarse_grid,5.399999999999999,15.6,4575.344537843187,0.5700596498289199,positive_alpha_scaling_without_clipping,1.0,0,
coarse_grid,5.399999999999999,16.1,4579.468054763686,0.5696468465641403,positive_alpha_scaling_without_clipping,1.0,0,
coarse_grid,5.399999999999999,16.6,4576.760238383685,0.5698804410338929,positive_alpha_scaling_without_clipping,1.0,0,
coarse_grid,5.399999999999999,17.1,4583.3390018053815,0.569227676276133,positive_alpha_scaling_without_clipping,1.0,0,
coarse_grid,5.399999999999999,17.459396447784496,4617.047151091313,0.5659028381038784,positive_alpha_scaling_without_clipping,1.0,0,
coarse_grid,5.399999999999999,17.6,4578.218888331086,0.5697711325814618,positive_alpha_scaling_without_clipping,1.0,0,
coarse_grid,5.399999999999999,18.1,4603.638262790091,0.5671684166446114,positive_alpha_scaling_without_clipping,1.0,0,
coarse_grid,5.399999999999999,18.6,4576.180366888808,0.5699361649927415,positive_alpha_scaling_without_clipping,1.0,0,
coarse_grid,5.399999999999999,19.1,4601.160385029961,0.5673769142573142,positive_alpha_scaling_without_clipping,1.0,0,
coarse_grid,5.399999999999999,19.6,4602.145169185157,0.5673110246705817,positive_alpha_scaling_without_clipping,1.0,0,
coarse_grid,5.399999999999999,20.000000000000004,4599.3996525604625,0.5675478518364854,positive_alpha_scaling_without_clipping,1.0,0,
coarse_grid,5.599999999999999,0.1,13091.789682488783,-0.19695959951207842,evaluated,,12657,
coarse_grid,5.599999999999999,0.11455149701087121,13091.781772044807,-0.1969621789715098,evaluated,,12656,
coarse_grid,5.599999999999999,0.13122045467431637,13091.547534083395,-0.1969420936865891,evaluated,,12656,
coarse_grid,5.599999999999999,0.1503149952139011,13091.350613636085,-0.19692520827968463,evaluated,,12656,
coarse_grid,5.599999999999999,0.17218807724934312,13091.409666627715,-0.19693353216720244,evaluated,,12655,
coarse_grid,5.599999999999999,0.1972440201633579,13090.996992094066,-0.19689814641871872,evaluated,,12655,
coarse_grid,5.599999999999999,0.22594597786155107,13090.649600140054,-0.19686835847856843,evaluated,,12655,
coarse_grid,5.599999999999999,0.2588245000762584,13090.343233907906,-0.19684208838543038,evaluated,,12654,
coarse_grid,5.599999999999999,0.29648733946825756,13089.964272065865,-0.1968095934109797,evaluated,,12654,
coarse_grid,5.599999999999999,0.3396306858085926,13089.604739149492,-0.1967787644154566,evaluated,,12654,
coarse_grid,5.599999999999999,0.3890520349020314,13089.24643101653,-0.19675018269799138,evaluated,,12651,
coarse_grid,5.599999999999999,0.445664930131534,13088.755659373073,-0.19670810032914554,evaluated,,12650,
coarse_grid,5.599999999999999,0.5105158491181254,13088.299419231638,-0.19666897894515767,evaluated,,12648,
coarse_grid,5.599999999999999,0.5848035476425733,13093.929223850486,-0.19723464765142484,evaluated,,12622,
coarse_grid,5.599999999999999,0.6,13095.712646973832,-0.19741318526919016,evaluated,,12615,
coarse_grid,5.599999999999999,0.669901218397251,12836.15842353817,-0.17526566045300773,evaluated,,12531,
coarse_grid,5.599999999999999,0.7673818741681168,13866.409260648521,-0.29853838873841976,evaluated,,11099,
coarse_grid,5.599999999999999,0.8790474246496578,10479.480861542104,0.009312771403320985,evaluated,,6939,
coarse_grid,5.599999999999999,1.0069619843716933,5197.949751865099,0.510168460649411,evaluated,,3527,
coarse_grid,5.599999999999999,1.1,5004.187450762365,0.5304078842935445,evaluated,,2542,
coarse_grid,5.599999999999999,1.1534900274281497,4942.695496499577,0.5350599008689116,evaluated,,1861,
coarse_grid,5.599999999999999,1.3213400942900544,4597.8138905650885,0.5673797534149683,evaluated,,488,
coarse_grid,5.599999999999999,1.5136148586141145,4574.3932232276875,0.5701808717772454,evaluated,,299,
coarse_grid,5.599999999999999,1.6,4580.764335376352,0.5695570718488623,evaluated,,247,
coarse_grid,5.599999999999999,1.733868479521449,4576.232725096544,0.5700148674000123,evaluated,,97,
coarse_grid,5.599999999999999,1.9861722994914508,4577.44632980914,0.5699133827387846,positive_alpha_scaling_without_clipping,1.0,0,
coarse_grid,5.599999999999999,2.1,4576.586725323683,0.5699994373239499,positive_alpha_scaling_without_clipping,1.0,0,
coarse_grid,5.599999999999999,2.2751901022827012,4577.542748622963,0.5699072194737715,positive_alpha_scaling_without_clipping,1.0,0,
coarse_grid,5.599999999999999,2.6,4589.42609285825,0.5688408372629263,positive_alpha_scaling_without_clipping,1.0,0,
coarse_grid,5.599999999999999,2.6062643220080064,4576.360811888584,0.5700157928185348,positive_alpha_scaling_without_clipping,1.0,0,
coarse_grid,5.599999999999999,2.9855147969204046,4576.8980115857985,0.569957098936243,positive_alpha_scaling_without_clipping,1.0,0,
coarse_grid,5.599999999999999,3.1,4581.646903894092,0.569547549028695,positive_alpha_scaling_without_clipping,1.0,0,
coarse_grid,5.599999999999999,3.419951893353395,4584.758082272656,0.5692914029467351,positive_alpha_scaling_without_clipping,1.0,0,
coarse_grid,5.599999999999999,3.6,4568.763927941906,0.5706859633818366,positive_alpha_scaling_without_clipping,1.0,0,
coarse_grid,5.599999999999999,3.9176060908879475,4577.961028219671,0.5698524921430029,positive_alpha_scaling_without_clipping,1.0,0,
coarse_grid,5.599999999999999,4.1,4577.672424398739,0.5698851906785205,positive_alpha_scaling_without_clipping,1.0,0,
coarse_grid,5.599999999999999,4.487676424101213,4568.370022664341,0.5707672244058258,positive_alpha_scaling_without_clipping,1.0,0,
coarse_grid,5.599999999999999,4.6,4593.485426173872,0.5682910161295194,positive_alpha_scaling_without_clipping,1.0,0,
coarse_grid,5.599999999999999,5.1,4596.6490669500445,0.5679509570721601,positive_alpha_scaling_without_clipping,1.0,0,
coarse_grid,5.599999999999999,5.140700524811874,4572.450516606108,0.5703428897819836,positive_alpha_scaling_without_clipping,1.0,0,
coarse_grid,5.599999999999999,5.6,4573.671300044352,0.5702761723776025,positive_alpha_scaling_without_clipping,1.0,0,
coarse_grid,5.599999999999999,5.8887494080177145,4601.1173149810165,0.5675300986009386,positive_alpha_scaling_without_clipping,1.0,0,
coarse_grid,5.599999999999999,6.1,4576.707464252604,0.5699530573494697,positive_alpha_scaling_without_clipping,1.0,0,
coarse_grid,5.599999999999999,6.6,4575.2163378939495,0.570071942578345,positive_alpha_scaling_without_clipping,1.0,0,
coarse_grid,5.599999999999999,6.745650602103109,4600.6788486409805,0.5675177035174679,positive_alpha_scaling_without_clipping,1.0,0,
coarse_grid,5.599999999999999,7.1,4603.928269920944,0.5671909481973678,positive_alpha_scaling_without_clipping,1.0,0,
coarse_grid,5.599999999999999,7.6,4574.748486362678,0.5701172234724339,positive_alpha_scaling_without_clipping,1.0,0,
coarse_grid,5.599999999999999,7.727243747831959,4604.690644676204,0.5671216815917073,positive_alpha_scaling_without_clipping,1.0,0,
coarse_grid,5.599999999999999,8.1,4604.690644676204,0.5671216815917073,positive_alpha_scaling_without_clipping,1.0,0,
coarse_grid,5.599999999999999,8.6,4606.203898520662,0.5669697150737116,positive_alpha_scaling_without_clipping,1.0,0,
coarse_grid,5.599999999999999,8.851673390820459,4591.896638984754,0.5684024832522474,positive_alpha_scaling_without_clipping,1.0,0,
coarse_grid,5.599999999999999,9.1,4594.404189547808,0.56814860885031,positive_alpha_scaling_without_clipping,1.0,0,
coarse_grid,5.599999999999999,9.6,4600.922579498783,0.5675258967399553,positive_alpha_scaling_without_clipping,1.0,0,
coarse_grid,5.599999999999999,10.1,4599.069925463199,0.5676787814331805,positive_alpha_scaling_without_clipping,1.0,0,
coarse_grid,5.599999999999999,10.13972437969778,4584.790199844871,0.5691455987390126,positive_alpha_scaling_without_clipping,1.0,0,
coarse_grid,5.599999999999999,10.6,4584.449351006083,0.5691735421809102,positive_alpha_scaling_without_clipping,1.0,0,
coarse_grid,5.599999999999999,11.1,4571.083296668919,0.5704831172583037,positive_alpha_scaling_without_clipping,1.0,0,
coarse_grid,5.599999999999999,11.6,4594.244217949093,0.5681483140474841,positive_alpha_scaling_without_clipping,1.0,0,
coarse_grid,5.599999999999999,11.615206069720077,4572.422296055343,0.5703380219380316,positive_alpha_scaling_without_clipping,1.0,0,
coarse_grid,5.599999999999999,12.1,4585.48582071135,0.5690443545933693,positive_alpha_scaling_without_clipping,1.0,0,
coarse_grid,5.599999999999999,12.6,4568.319951219067,0.5707384460638526,positive_alpha_scaling_without_clipping,1.0,0,
coarse_grid,5.599999999999999,13.1,4574.310469676013,0.5701407192726785,positive_alpha_scaling_without_clipping,1.0,0,
coarse_grid,5.599999999999999,13.305392433761932,4599.404478329339,0.5676587504815969,positive_alpha_scaling_without_clipping,1.0,0,
coarse_grid,5.599999999999999,13.6,4574.930273684808,0.5701122144842878,positive_alpha_scaling_without_clipping,1.0,0,
coarse_grid,5.599999999999999,14.1,4576.615408288283,0.5699594643995101,positive_alpha_scaling_without_clipping,1.0,0,
coarse_grid,5.599999999999999,14.6,4578.062718802941,0.5697882135055545,positive_alpha_scaling_without_clipping,1.0,0,
coarse_grid,5.599999999999999,15.1,4578.8001904400735,0.5697055205469229,positive_alpha_scaling_without_clipping,1.0,0,
coarse_grid,5.599999999999999,15.241526216045477,4579.468054763686,0.5696468465641402,positive_alpha_scaling_without_clipping,1.0,0,
coarse_grid,5.599999999999999,15.6,4575.344537843187,0.5700596498289199,positive_alpha_scaling_without_clipping,1.0,0,
coarse_grid,5.599999999999999,16.1,4579.468054763686,0.5696468465641403,positive_alpha_scaling_without_clipping,1.0,0,
coarse_grid,5.599999999999999,16.6,4576.760238383685,0.5698804410338929,positive_alpha_scaling_without_clipping,1.0,0,
coarse_grid,5.599999999999999,17.1,4583.3390018053815,0.569227676276133,positive_alpha_scaling_without_clipping,1.0,0,
coarse_grid,5.599999999999999,17.459396447784496,4617.047151091313,0.5659028381038784,positive_alpha_scaling_without_clipping,1.0,0,
coarse_grid,5.599999999999999,17.6,4578.218888331086,0.5697711325814618,positive_alpha_scaling_without_clipping,1.0,0,
coarse_grid,5.599999999999999,18.1,4603.638262790091,0.5671684166446114,positive_alpha_scaling_without_clipping,1.0,0,
coarse_grid,5.599999999999999,18.6,4576.180366888808,0.5699361649927415,positive_alpha_scaling_without_clipping,1.0,0,
coarse_grid,5.599999999999999,19.1,4601.160385029961,0.5673769142573142,positive_alpha_scaling_without_clipping,1.0,0,
coarse_grid,5.599999999999999,19.6,4602.145169185157,0.5673110246705817,positive_alpha_scaling_without_clipping,1.0,0,
coarse_grid,5.599999999999999,20.000000000000004,4599.3996525604625,0.5675478518364854,positive_alpha_scaling_without_clipping,1.0,0,
coarse_grid,5.799999999999999,0.1,13091.789682488783,-0.19695959951207842,evaluated,,12657,
coarse_grid,5.799999999999999,0.11455149701087121,13091.849293508185,-0.1969679687581951,evaluated,,12656,
coarse_grid,5.799999999999999,0.13122045467431637,13091.604167439118,-0.19694694984687522,evaluated,,12656,
coarse_grid,5.799999999999999,0.1503149952139011,13091.398291806972,-0.19692929655658464,evaluated,,12656,
coarse_grid,5.799999999999999,0.17218807724934312,13091.224750577947,-0.1969144158557391,evaluated,,12656,
coarse_grid,5.799999999999999,0.1972440201633579,13091.096819695078,-0.1969067063711586,evaluated,,12655,
coarse_grid,5.799999999999999,0.22594597786155107,13090.733751766225,-0.1968755742576761,evaluated,,12655,
coarse_grid,5.799999999999999,0.2588245000762584,13090.427317620439,-0.1968492983411234,evaluated,,12655,
coarse_grid,5.799999999999999,0.29648733946825756,13090.060414270058,-0.19681783735040126,evaluated,,12654,
coarse_grid,5.799999999999999,0.3396306858085926,13089.695593649802,-0.19678655494827213,evaluated,,12654,
coarse_grid,5.799999999999999,0.3890520349020314,13089.351740862236,-0.19675873705992974,evaluated,,12652,
coarse_grid,5.799999999999999,0.445664930131534,13088.865700968492,-0.19671753610455878,evaluated,,12650,
coarse_grid,5.799999999999999,0.5105158491181254,13088.42132404213,-0.19667943195984905,evaluated,,12649,
coarse_grid,5.799999999999999,0.5848035476425733,13090.36701603962,-0.1968780367674391,evaluated,,12635,
coarse_grid,5.799999999999999,0.6,13093.929223850486,-0.19723464765142484,evaluated,,12622,
coarse_grid,5.799999999999999,0.669901218397251,12987.962768474701,-0.1882798483627156,evaluated,,12576,
coarse_grid,5.799999999999999,0.7673818741681168,14683.298567247966,-0.37115904247350795,evaluated,,11883,
coarse_grid,5.799999999999999,0.8790474246496578,12334.812745409583,-0.16192086533969435,evaluated,,8730,
coarse_grid,5.799999999999999,1.0069619843716933,6062.4916501277985,0.42656585324401103,evaluated,,4064,
coarse_grid,5.799999999999999,1.1,5032.45398238196,0.5274914932153751,evaluated,,3014,
coarse_grid,5.799999999999999,1.1534900274281497,4991.296832552902,0.5316224338670534,evaluated,,2380,
coarse_grid,5.799999999999999,1.3213400942900544,4631.753028701847,0.5636772335189018,evaluated,,736,
coarse_grid,5.799999999999999,1.5136148586141145,4574.612822145514,0.5701546067275158,evaluated,,301,
coarse_grid,5.799999999999999,1.6,4575.841507190446,0.5700073009384179,evaluated,,290,
coarse_grid,5.799999999999999,1.733868479521449,4576.56812269852,0.5699828124012416,evaluated,,151,
coarse_grid,5.799999999999999,1.9861722994914508,4577.44632980914,0.5699133827387846,positive_alpha_scaling_without_clipping,1.0,0,
coarse_grid,5.799999999999999,2.1,4576.586725323683,0.5699994373239499,positive_alpha_scaling_without_clipping,1.0,0,
coarse_grid,5.799999999999999,2.2751901022827012,4577.542748622963,0.5699072194737715,positive_alpha_scaling_without_clipping,1.0,0,
coarse_grid,5.799999999999999,2.6,4589.42609285825,0.5688408372629263,positive_alpha_scaling_without_clipping,1.0,0,
coarse_grid,5.799999999999999,2.6062643220080064,4576.360811888584,0.5700157928185348,positive_alpha_scaling_without_clipping,1.0,0,
coarse_grid,5.799999999999999,2.9855147969204046,4576.8980115857985,0.569957098936243,positive_alpha_scaling_without_clipping,1.0,0,
coarse_grid,5.799999999999999,3.1,4581.646903894092,0.569547549028695,positive_alpha_scaling_without_clipping,1.0,0,
coarse_grid,5.799999999999999,3.419951893353395,4584.758082272656,0.5692914029467351,positive_alpha_scaling_without_clipping,1.0,0,
coarse_grid,5.799999999999999,3.6,4568.763927941906,0.5706859633818366,positive_alpha_scaling_without_clipping,1.0,0,
coarse_grid,5.799999999999999,3.9176060908879475,4577.961028219671,0.5698524921430029,positive_alpha_scaling_without_clipping,1.0,0,
coarse_grid,5.799999999999999,4.1,4577.672424398739,0.5698851906785205,positive_alpha_scaling_without_clipping,1.0,0,
coarse_grid,5.799999999999999,4.487676424101213,4568.370022664341,0.5707672244058258,positive_alpha_scaling_without_clipping,1.0,0,
coarse_grid,5.799999999999999,4.6,4593.485426173872,0.5682910161295194,positive_alpha_scaling_without_clipping,1.0,0,
coarse_grid,5.799999999999999,5.1,4596.6490669500445,0.5679509570721601,positive_alpha_scaling_without_clipping,1.0,0,
coarse_grid,5.799999999999999,5.140700524811874,4572.450516606108,0.5703428897819836,positive_alpha_scaling_without_clipping,1.0,0,
coarse_grid,5.799999999999999,5.6,4573.671300044352,0.5702761723776025,positive_alpha_scaling_without_clipping,1.0,0,
coarse_grid,5.799999999999999,5.8887494080177145,4601.1173149810165,0.5675300986009386,positive_alpha_scaling_without_clipping,1.0,0,
coarse_grid,5.799999999999999,6.1,4576.707464252604,0.5699530573494697,positive_alpha_scaling_without_clipping,1.0,0,
coarse_grid,5.799999999999999,6.6,4575.2163378939495,0.570071942578345,positive_alpha_scaling_without_clipping,1.0,0,
coarse_grid,5.799999999999999,6.745650602103109,4600.6788486409805,0.5675177035174679,positive_alpha_scaling_without_clipping,1.0,0,
coarse_grid,5.799999999999999,7.1,4603.928269920944,0.5671909481973678,positive_alpha_scaling_without_clipping,1.0,0,
coarse_grid,5.799999999999999,7.6,4574.748486362678,0.5701172234724339,positive_alpha_scaling_without_clipping,1.0,0,
coarse_grid,5.799999999999999,7.727243747831959,4604.690644676204,0.5671216815917073,positive_alpha_scaling_without_clipping,1.0,0,
coarse_grid,5.799999999999999,8.1,4604.690644676204,0.5671216815917073,positive_alpha_scaling_without_clipping,1.0,0,
coarse_grid,5.799999999999999,8.6,4606.203898520662,0.5669697150737116,positive_alpha_scaling_without_clipping,1.0,0,
coarse_grid,5.799999999999999,8.851673390820459,4591.896638984754,0.5684024832522474,positive_alpha_scaling_without_clipping,1.0,0,
coarse_grid,5.799999999999999,9.1,4594.404189547808,0.56814860885031,positive_alpha_scaling_without_clipping,1.0,0,
coarse_grid,5.799999999999999,9.6,4600.922579498783,0.5675258967399553,positive_alpha_scaling_without_clipping,1.0,0,
coarse_grid,5.799999999999999,10.1,4599.069925463199,0.5676787814331805,positive_alpha_scaling_without_clipping,1.0,0,
coarse_grid,5.799999999999999,10.13972437969778,4584.790199844871,0.5691455987390126,positive_alpha_scaling_without_clipping,1.0,0,
coarse_grid,5.799999999999999,10.6,4584.449351006083,0.5691735421809102,positive_alpha_scaling_without_clipping,1.0,0,
coarse_grid,5.799999999999999,11.1,4571.083296668919,0.5704831172583037,positive_alpha_scaling_without_clipping,1.0,0,
coarse_grid,5.799999999999999,11.6,4594.244217949093,0.5681483140474841,positive_alpha_scaling_without_clipping,1.0,0,
coarse_grid,5.799999999999999,11.615206069720077,4572.422296055343,0.5703380219380316,positive_alpha_scaling_without_clipping,1.0,0,
coarse_grid,5.799999999999999,12.1,4585.48582071135,0.5690443545933693,positive_alpha_scaling_without_clipping,1.0,0,
coarse_grid,5.799999999999999,12.6,4568.319951219067,0.5707384460638526,positive_alpha_scaling_without_clipping,1.0,0,
coarse_grid,5.799999999999999,13.1,4574.310469676013,0.5701407192726785,positive_alpha_scaling_without_clipping,1.0,0,
coarse_grid,5.799999999999999,13.305392433761932,4599.404478329339,0.5676587504815969,positive_alpha_scaling_without_clipping,1.0,0,
coarse_grid,5.799999999999999,13.6,4574.930273684808,0.5701122144842878,positive_alpha_scaling_without_clipping,1.0,0,
coarse_grid,5.799999999999999,14.1,4576.615408288283,0.5699594643995101,positive_alpha_scaling_without_clipping,1.0,0,
coarse_grid,5.799999999999999,14.6,4578.062718802941,0.5697882135055545,positive_alpha_scaling_without_clipping,1.0,0,
coarse_grid,5.799999999999999,15.1,4578.8001904400735,0.5697055205469229,positive_alpha_scaling_without_clipping,1.0,0,
coarse_grid,5.799999999999999,15.241526216045477,4579.468054763686,0.5696468465641402,positive_alpha_scaling_without_clipping,1.0,0,
coarse_grid,5.799999999999999,15.6,4575.344537843187,0.5700596498289199,positive_alpha_scaling_without_clipping,1.0,0,
coarse_grid,5.799999999999999,16.1,4579.468054763686,0.5696468465641403,positive_alpha_scaling_without_clipping,1.0,0,
coarse_grid,5.799999999999999,16.6,4576.760238383685,0.5698804410338929,positive_alpha_scaling_without_clipping,1.0,0,
coarse_grid,5.799999999999999,17.1,4583.3390018053815,0.569227676276133,positive_alpha_scaling_without_clipping,1.0,0,
coarse_grid,5.799999999999999,17.459396447784496,4617.047151091313,0.5659028381038784,positive_alpha_scaling_without_clipping,1.0,0,
coarse_grid,5.799999999999999,17.6,4578.218888331086,0.5697711325814618,positive_alpha_scaling_without_clipping,1.0,0,
coarse_grid,5.799999999999999,18.1,4603.638262790091,0.5671684166446114,positive_alpha_scaling_without_clipping,1.0,0,
coarse_grid,5.799999999999999,18.6,4576.180366888808,0.5699361649927415,positive_alpha_scaling_without_clipping,1.0,0,
coarse_grid,5.799999999999999,19.1,4601.160385029961,0.5673769142573142,positive_alpha_scaling_without_clipping,1.0,0,
coarse_grid,5.799999999999999,19.6,4602.145169185157,0.5673110246705817,positive_alpha_scaling_without_clipping,1.0,0,
coarse_grid,5.799999999999999,20.000000000000004,4599.3996525604625,0.5675478518364854,positive_alpha_scaling_without_clipping,1.0,0,
coarse_grid,5.999999999999999,0.1,13091.789682488783,-0.19695959951207842,evaluated,,12657,
coarse_grid,5.999999999999999,0.11455149701087121,13091.917546143748,-0.1969738212409593,evaluated,,12656,
coarse_grid,5.999999999999999,0.13122045467431637,13091.661358003843,-0.1969518537863577,evaluated,,12656,
coarse_grid,5.999999999999999,0.1503149952139011,13091.446394613642,-0.19693342124487856,evaluated,,12656,
coarse_grid,5.999999999999999,0.17218807724934312,13091.265353740626,-0.19691789746942023,evaluated,,12656,
coarse_grid,5.999999999999999,0.1972440201633579,13091.197594896168,-0.19691534757779572,evaluated,,12655,
coarse_grid,5.999999999999999,0.22594597786155107,13090.818625535969,-0.19688285195868283,evaluated,,12655,
coarse_grid,5.999999999999999,0.2588245000762584,13090.499047469562,-0.19685544898574248,evaluated,,12655,
coarse_grid,5.999999999999999,0.29648733946825756,13090.154483450053,-0.19682590353348728,evaluated,,12654,
coarse_grid,5.999999999999999,0.3396306858085926,13089.784725145264,-0.1967941977379848,evaluated,,12654,
coarse_grid,5.999999999999999,0.3890520349020314,13089.47373206037,-0.19676919748213284,evaluated,,12652,
coarse_grid,5.999999999999999,0.445664930131534,13088.977261756096,-0.19672710214667877,evaluated,,12650,
coarse_grid,5.999999999999999,0.5105158491181254,13088.541359128798,-0.19668972465067358,evaluated,,12649,
coarse_grid,5.999999999999999,0.5848035476425733,13088.242808783112,-0.19666538341655893,evaluated,,12643,
coarse_grid,5.999999999999999,0.6,13090.030493081154,-0.19684434761844183,evaluated,,12637,
coarse_grid,5.999999999999999,0.669901218397251,13097.098581190163,-0.19755193046662745,evaluated,,12609,
coarse_grid,5.999999999999999,0.7673818741681168,12544.117163338591,-0.15417402689377824,evaluated,,12188,
coarse_grid,5.999999999999999,0.8790474246496578,12692.12113157276,-0.19394199131299406,evaluated,,9551,
coarse_grid,5.999999999999999,1.0069619843716933,7412.941807201614,0.30358450731912306,evaluated,,4893,
coarse_grid,5.999999999999999,1.1,5067.990460511477,0.5233195752536961,evaluated,,3310,
coarse_grid,5.999999999999999,1.1534900274281497,4994.398590324217,0.5312443888232135,evaluated,,2806,
coarse_grid,5.999999999999999,1.3213400942900544,4666.384707602132,0.5600550612087805,evaluated,,957,
coarse_grid,5.999999999999999,1.5136148586141145,4578.169341046306,0.5698074048013266,evaluated,,301,
coarse_grid,5.999999999999999,1.6,4575.406008963377,0.5700446437581744,evaluated,,301,
coarse_grid,5.999999999999999,1.733868479521449,4571.45896715854,0.5704239592916521,evaluated,,223,
coarse_grid,5.999999999999999,1.9861722994914508,4577.44632980914,0.5699133827387846,positive_alpha_scaling_without_clipping,1.0,0,
coarse_grid,5.999999999999999,2.1,4576.586725323683,0.5699994373239499,positive_alpha_scaling_without_clipping,1.0,0,
coarse_grid,5.999999999999999,2.2751901022827012,4577.542748622963,0.5699072194737715,positive_alpha_scaling_without_clipping,1.0,0,
coarse_grid,5.999999999999999,2.6,4589.42609285825,0.5688408372629263,positive_alpha_scaling_without_clipping,1.0,0,
coarse_grid,5.999999999999999,2.6062643220080064,4576.360811888584,0.5700157928185348,positive_alpha_scaling_without_clipping,1.0,0,
coarse_grid,5.999999999999999,2.9855147969204046,4576.8980115857985,0.569957098936243,positive_alpha_scaling_without_clipping,1.0,0,
coarse_grid,5.999999999999999,3.1,4581.646903894092,0.569547549028695,positive_alpha_scaling_without_clipping,1.0,0,
coarse_grid,5.999999999999999,3.419951893353395,4584.758082272656,0.5692914029467351,positive_alpha_scaling_without_clipping,1.0,0,
coarse_grid,5.999999999999999,3.6,4568.763927941906,0.5706859633818366,positive_alpha_scaling_without_clipping,1.0,0,
coarse_grid,5.999999999999999,3.9176060908879475,4577.961028219671,0.5698524921430029,positive_alpha_scaling_without_clipping,1.0,0,
coarse_grid,5.999999999999999,4.1,4577.672424398739,0.5698851906785205,positive_alpha_scaling_without_clipping,1.0,0,
coarse_grid,5.999999999999999,4.487676424101213,4568.370022664341,0.5707672244058258,positive_alpha_scaling_without_clipping,1.0,0,
coarse_grid,5.999999999999999,4.6,4593.485426173872,0.5682910161295194,positive_alpha_scaling_without_clipping,1.0,0,
coarse_grid,5.999999999999999,5.1,4596.6490669500445,0.5679509570721601,positive_alpha_scaling_without_clipping,1.0,0,
coarse_grid,5.999999999999999,5.140700524811874,4572.450516606108,0.5703428897819836,positive_alpha_scaling_without_clipping,1.0,0,
coarse_grid,5.999999999999999,5.6,4573.671300044352,0.5702761723776025,positive_alpha_scaling_without_clipping,1.0,0,
coarse_grid,5.999999999999999,5.8887494080177145,4601.1173149810165,0.5675300986009386,positive_alpha_scaling_without_clipping,1.0,0,
coarse_grid,5.999999999999999,6.1,4576.707464252604,0.5699530573494697,positive_alpha_scaling_without_clipping,1.0,0,
coarse_grid,5.999999999999999,6.6,4575.2163378939495,0.570071942578345,positive_alpha_scaling_without_clipping,1.0,0,
coarse_grid,5.999999999999999,6.745650602103109,4600.6788486409805,0.5675177035174679,positive_alpha_scaling_without_clipping,1.0,0,
coarse_grid,5.999999999999999,7.1,4603.928269920944,0.5671909481973678,positive_alpha_scaling_without_clipping,1.0,0,
coarse_grid,5.999999999999999,7.6,4574.748486362678,0.5701172234724339,positive_alpha_scaling_without_clipping,1.0,0,
coarse_grid,5.999999999999999,7.727243747831959,4604.690644676204,0.5671216815917073,positive_alpha_scaling_without_clipping,1.0,0,
coarse_grid,5.999999999999999,8.1,4604.690644676204,0.5671216815917073,positive_alpha_scaling_without_clipping,1.0,0,
coarse_grid,5.999999999999999,8.6,4606.203898520662,0.5669697150737116,positive_alpha_scaling_without_clipping,1.0,0,
coarse_grid,5.999999999999999,8.851673390820459,4591.896638984754,0.5684024832522474,positive_alpha_scaling_without_clipping,1.0,0,
coarse_grid,5.999999999999999,9.1,4594.404189547808,0.56814860885031,positive_alpha_scaling_without_clipping,1.0,0,
coarse_grid,5.999999999999999,9.6,4600.922579498783,0.5675258967399553,positive_alpha_scaling_without_clipping,1.0,0,
coarse_grid,5.999999999999999,10.1,4599.069925463199,0.5676787814331805,positive_alpha_scaling_without_clipping,1.0,0,
coarse_grid,5.999999999999999,10.13972437969778,4584.790199844871,0.5691455987390126,positive_alpha_scaling_without_clipping,1.0,0,
coarse_grid,5.999999999999999,10.6,4584.449351006083,0.5691735421809102,positive_alpha_scaling_without_clipping,1.0,0,
coarse_grid,5.999999999999999,11.1,4571.083296668919,0.5704831172583037,positive_alpha_scaling_without_clipping,1.0,0,
coarse_grid,5.999999999999999,11.6,4594.244217949093,0.5681483140474841,positive_alpha_scaling_without_clipping,1.0,0,
coarse_grid,5.999999999999999,11.615206069720077,4572.422296055343,0.5703380219380316,positive_alpha_scaling_without_clipping,1.0,0,
coarse_grid,5.999999999999999,12.1,4585.48582071135,0.5690443545933693,positive_alpha_scaling_without_clipping,1.0,0,
coarse_grid,5.999999999999999,12.6,4568.319951219067,0.5707384460638526,positive_alpha_scaling_without_clipping,1.0,0,
coarse_grid,5.999999999999999,13.1,4574.310469676013,0.5701407192726785,positive_alpha_scaling_without_clipping,1.0,0,
coarse_grid,5.999999999999999,13.305392433761932,4599.404478329339,0.5676587504815969,positive_alpha_scaling_without_clipping,1.0,0,
coarse_grid,5.999999999999999,13.6,4574.930273684808,0.5701122144842878,positive_alpha_scaling_without_clipping,1.0,0,
coarse_grid,5.999999999999999,14.1,4576.615408288283,0.5699594643995101,positive_alpha_scaling_without_clipping,1.0,0,
coarse_grid,5.999999999999999,14.6,4578.062718802941,0.5697882135055545,positive_alpha_scaling_without_clipping,1.0,0,
coarse_grid,5.999999999999999,15.1,4578.8001904400735,0.5697055205469229,positive_alpha_scaling_without_clipping,1.0,0,
coarse_grid,5.999999999999999,15.241526216045477,4579.468054763686,0.5696468465641402,positive_alpha_scaling_without_clipping,1.0,0,
coarse_grid,5.999999999999999,15.6,4575.344537843187,0.5700596498289199,positive_alpha_scaling_without_clipping,1.0,0,
coarse_grid,5.999999999999999,16.1,4579.468054763686,0.5696468465641403,positive_alpha_scaling_without_clipping,1.0,0,
coarse_grid,5.999999999999999,16.6,4576.760238383685,0.5698804410338929,positive_alpha_scaling_without_clipping,1.0,0,
coarse_grid,5.999999999999999,17.1,4583.3390018053815,0.569227676276133,positive_alpha_scaling_without_clipping,1.0,0,
coarse_grid,5.999999999999999,17.459396447784496,4617.047151091313,0.5659028381038784,positive_alpha_scaling_without_clipping,1.0,0,
coarse_grid,5.999999999999999,17.6,4578.218888331086,0.5697711325814618,positive_alpha_scaling_without_clipping,1.0,0,
coarse_grid,5.999999999999999,18.1,4603.638262790091,0.5671684166446114,positive_alpha_scaling_without_clipping,1.0,0,
coarse_grid,5.999999999999999,18.6,4576.180366888808,0.5699361649927415,positive_alpha_scaling_without_clipping,1.0,0,
coarse_grid,5.999999999999999,19.1,4601.160385029961,0.5673769142573142,positive_alpha_scaling_without_clipping,1.0,0,
coarse_grid,5.999999999999999,19.6,4602.145169185157,0.5673110246705817,positive_alpha_scaling_without_clipping,1.0,0,
coarse_grid,5.999999999999999,20.000000000000004,4599.3996525604625,0.5675478518364854,positive_alpha_scaling_without_clipping,1.0,0,
local_refinement,2.9247240713084173,0.9422079161475706,4578.971309499237,0.5697999725328846,evaluated,,13,0.0
local_refinement,3.1391963650868426,0.8206353506498881,4586.749377617098,0.5690300411433853,evaluated,,301,0.0
local_refinement,2.7936111842654614,0.6677738146534916,4583.9664529409965,0.568882411592212,evaluated,,423,0.0
local_refinement,2.734850167300919,0.913015042681512,4578.8128696941985,0.5697909297741832,evaluated,,0,0.0
local_refinement,3.0606690070459246,0.8584184271427739,4571.3664865330875,0.570414115914387,evaluated,,272,0.0
local_refinement,2.712350696577481,0.94883655739128,4577.085966757759,0.5699429473978666,evaluated,,0,0.0
local_refinement,3.1994655844802526,0.6872308324546624,4797.396795008586,0.5479037178696826,evaluated,,1244,0.0
local_refinement,2.80909498032426,0.6772390827604893,4568.245369245815,0.5707660046016964,evaluated,,371,0.0
local_refinement,2.882545345775722,0.7951153576289675,4571.534193071772,0.5704021125729943,evaluated,,290,0.0
local_refinement,2.959167011185269,0.7144732828723876,4585.343537152809,0.5691726029574854,evaluated,,371,0.0
local_refinement,3.0671117368334273,0.6620757764344429,4784.994107604516,0.5489787209157866,evaluated,,1175,0.0
local_refinement,2.8752867891211302,0.740418246403173,4552.121497144906,0.5722204157688112,evaluated,,301,0.0
local_refinement,2.973641990530221,0.8850439096969791,4582.539352844349,0.5694228816247375,evaluated,,156,0.0
local_refinement,2.8198042692950156,0.7914818835347253,4572.899080696658,0.5702876922698684,evaluated,,272,0.0
local_refinement,3.055448741317225,0.6299458414805229,4940.365705371995,0.5352235438852329,evaluated,,1861,0.0
local_refinement,3.0645269111408626,0.6727912040662067,4678.159745689454,0.5589601536638342,evaluated,,957,0.0
local_refinement,2.739030955791167,0.9415764022113109,4583.024321502028,0.5694144874361601,evaluated,,0,0.0
local_refinement,3.2793792198447353,0.8930627617660589,4570.60609401263,0.5706162863422495,evaluated,,297,0.0
local_refinement,2.882768261504022,0.6476338137895749,4657.411270579115,0.56123636914497,evaluated,,787,0.0
local_refinement,3.110539815907294,0.7658997698390428,4565.663507956286,0.5710763484803361,evaluated,,316,0.0
local_refinement,2.7732229409068667,0.784900902731177,4570.133312518926,0.570532229494586,evaluated,,263,0.0
local_refinement,2.7206331126691308,0.927913696799428,4579.685732549129,0.5696719506313785,evaluated,,0,0.0
local_refinement,2.85526798896001,0.8426889158450587,4580.316888798761,0.5696383594749588,evaluated,,172,0.0
local_refinement,2.887026645653646,0.7934963470883429,4571.918783297585,0.5703696598473911,evaluated,,294,0.0
local_refinement,3.0280261676059674,0.6777397806727711,4642.7832078848505,0.5626736529325296,evaluated,,810,0.0
local_refinement,3.281750776658735,0.8815757947585275,4576.280200423852,0.5700121299120087,evaluated,,301,0.0
local_refinement,3.263699364938513,0.9229089294871201,4574.231909071018,0.5701908026922649,evaluated,,263,0.0
local_refinement,3.0587399872866508,0.9322488095331956,4573.366531621231,0.5702388367338591,evaluated,,115,0.0
local_refinement,2.7530955012311513,0.6815826626551096,4570.266133815389,0.5706235421536815,evaluated,,314,0.0
local_refinement,2.7271363733463225,0.7262491688596747,4580.06514134399,0.5696577823287448,evaluated,,301,0.0
local_refinement,2.9332063738136886,0.7076082471848537,4573.8032526430725,0.5701643350163494,evaluated,,371,1.0
local_refinement,3.197242505491157,0.7371002157387201,4623.343996144204,0.5646167180750963,evaluated,,661,1.0
local_refinement,2.868560705812428,0.8013103111634462,4562.490480893671,0.5711882482994606,evaluated,,281,1.0
local_refinement,2.7845545349848573,0.8909216394788612,4572.224089172414,0.5703677633915398,evaluated,,36,1.0
local_refinement,2.7447303862078622,0.9546991154847349,4579.685168511984,0.5697113370006885,evaluated,,0,1.0
local_refinement,3.163346861577994,0.682526364789523,4759.640907368755,0.5512746883409856,evaluated,,1175,1.0
local_refinement,2.703313270274161,0.8955021430102594,4577.389759815456,0.5699200253530299,evaluated,,0,1.0
local_refinement,3.12411440630857,0.8656475984364713,4569.865857575397,0.5705075572008218,evaluated,,287,1.0
local_refinement,3.162762208011567,0.6394747349634178,4971.466919857026,0.5331682160678122,evaluated,,2141,1.0
local_refinement,2.915079437126563,0.6539176165599144,4660.369804664984,0.5609670448066553,evaluated,,810,1.0
local_refinement,3.2178620555253556,0.829143957463177,4558.832629587641,0.571515856800451,evaluated,,301,1.0
local_refinement,2.898538814911589,0.6358535860171786,4689.422135967141,0.5579100879526194,evaluated,,1024,1.0
local_refinement,2.886589393029397,0.7261984035317881,4564.112028599422,0.571004224826445,evaluated,,301,1.0
local_refinement,3.137763707002838,0.8340680206007954,4562.9482911088235,0.5712862783284702,evaluated,,301,1.0
local_refinement,3.2323276455457957,0.7769716277609137,4571.8448529338875,0.5702566911050498,evaluated,,391,1.0
local_refinement,2.7717565475629806,0.8602045040364131,4579.1172010773125,0.5697412295202574,evaluated,,97,1.0
local_refinement,3.156471029170138,0.8077267758439123,4564.671108085753,0.5710057356271581,evaluated,,301,1.0
local_refinement,3.1625803079727364,0.7844239049218246,4574.468931695323,0.5701841874219009,evaluated,,314,1.0
local_refinement,3.013639697629196,0.7615447519127715,4568.79396505877,0.5706883035636421,evaluated,,301,1.0
local_refinement,2.715251476046457,0.6511627657882509,4574.9216396914835,0.5700227193053383,evaluated,,391,1.0
local_refinement,2.71885751141204,0.8336719156955592,4577.3920921834,0.5698681566599331,evaluated,,112,1.0
local_refinement,2.8886135886457955,0.7895260678943183,4570.241008790617,0.5705351315262002,evaluated,,297,1.0
local_refinement,3.2445398843556554,0.6999915514434085,4775.600498754185,0.5498509217640118,evaluated,,1175,1.0
local_refinement,2.9462297538213775,0.8748138112607521,4566.967232256051,0.5707990076828663,evaluated,,163,1.0
local_refinement,2.837278899294973,0.6404883436994637,4646.734432906774,0.5624086411258495,evaluated,,764,1.0
local_refinement,2.8738508717482603,0.6695787314404418,4625.072833836441,0.5646390057845678,evaluated,,583,1.0
local_refinement,3.2578185914055435,0.8929671184751099,4572.167003805171,0.5703740326832971,evaluated,,297,1.0
local_refinement,3.0800422539062535,0.9148398767673502,4579.30897061103,0.5697274665749443,evaluated,,156,1.0
local_refinement,3.1822032461394683,0.6783322159877233,4803.432539588494,0.547482340467558,evaluated,,1368,1.0
local_refinement,3.2355353990939864,0.800152156523163,4580.003934061653,0.5696685011266709,evaluated,,314,1.0
local_refinement,1.5844640930984375,0.40865759487993225,4564.003347285521,0.5710565982897502,evaluated,,301,2.0
local_refinement,1.2908020849831183,0.2885242034177248,4661.381511184833,0.5608658684938228,evaluated,,810,2.0
local_refinement,1.2367610975251648,0.3369810586712712,4568.23469562156,0.5706826057079193,evaluated,,297,2.0
local_refinement,1.5908088595534957,0.40325328187637594,4579.537003053167,0.5696971853399838,evaluated,,301,2.0
local_refinement,1.1041712783187143,0.34976400413906245,4582.964278743615,0.5694300130158318,evaluated,,50,2.0
local_refinement,1.3504466018892674,0.3056501312440027,4639.819553482392,0.5629972120021626,evaluated,,764,2.0
local_refinement,1.1719192204002096,0.323303561138314,4571.531340520662,0.5704404023485591,evaluated,,290,2.0
local_refinement,1.6657458223475115,0.3211008837027748,5007.242224829244,0.5300991634194514,evaluated,,2806,2.0
local_refinement,1.4112743730460195,0.37914961366257954,4579.396287303407,0.5697117696931776,evaluated,,301,2.0
local_refinement,1.3181777614275763,0.42022570549183413,4588.286000854023,0.5689501553781222,evaluated,,43,2.0
local_refinement,1.6774683769652667,0.3101853958594078,5022.93103493904,0.5277156070696927,evaluated,,3246,2.0
local_refinement,1.3983491035354312,0.317688926665474,4641.206027196926,0.562848547496561,evaluated,,736,2.0
local_refinement,1.2709042966264805,0.27734212129920655,4702.894444648593,0.5566280935687133,evaluated,,1024,2.0
local_refinement,1.465738600387938,0.3485308982772393,4602.569627402894,0.5671362977591992,evaluated,,452,2.0
local_refinement,1.1308872507499936,0.31429114903294303,4569.755729553608,0.570573613428017,evaluated,,287,2.0
local_refinement,1.644959531579992,0.30831770479624626,5021.8188545811845,0.5282317073702716,evaluated,,3144,2.0
local_refinement,1.1869369232547338,0.34650947813666394,4569.993316349369,0.5705422856257257,evaluated,,204,2.0
local_refinement,1.6913902724663603,0.3086987776870403,5088.449919077377,0.5211288276837212,evaluated,,3385,2.0
local_refinement,1.503281328443527,0.3881057751725901,4571.77504200765,0.5704943628166956,evaluated,,301,2.0
local_refinement,1.2425825263954398,0.38300062670010787,4578.416125292362,0.5698261652275002,evaluated,,105,2.0
local_refinement,1.320669879631552,0.3683422569452452,4563.269156562944,0.5711196004544514,evaluated,,281,2.0
local_refinement,1.4801178264565367,0.3535890341729106,4594.882807204572,0.5679376896017653,evaluated,,423,2.0
local_refinement,1.154173862032645,0.39936701039244493,4580.489319495435,0.5696395245090551,evaluated,,0,2.0
local_refinement,1.2924680389830414,0.3002108829682689,4626.344553198377,0.5646084511562777,evaluated,,583,2.0
local_refinement,1.1244650849328583,0.3620129676373902,4573.694626012904,0.5701993506470027,evaluated,,25,2.0
local_refinement,1.5065386171053694,0.27423972971855365,5092.494015545435,0.5208600590691987,evaluated,,3385,2.0
local_refinement,1.4072558349795685,0.3063207606053251,4749.111514635467,0.5522437979984253,evaluated,,1097,2.0
local_refinement,1.4871036742456698,0.2983536340861063,4978.646139528071,0.5327423797298434,evaluated,,2299,2.0
local_refinement,1.5145626428614793,0.3308107845475879,4697.64465218912,0.5570500717409584,evaluated,,1024,2.0
local_refinement,1.6620379932420406,0.2927223983048811,5409.743686120042,0.4887656060166964,evaluated,,3766,2.0
local_refinement,4.704639810630154,1.1245437763970025,4575.850370360045,0.5697594332315656,evaluated,,423,3.0
local_refinement,5.054816170967136,1.578740724196404,4573.138116250511,0.5703019004117161,evaluated,,70,3.0
local_refinement,4.654764976629092,1.4495005971595736,4586.323013283742,0.5691026048935333,evaluated,,89,3.0
local_refinement,4.990333320120729,1.3871961671689803,4564.360044039055,0.5710311131168091,evaluated,,287,3.0
local_refinement,4.817790347013603,1.2008781834202442,4577.275566453795,0.5698723233581724,evaluated,,308,3.0
local_refinement,4.555861660683538,1.5905592948277008,4584.998445677304,0.5692209988381782,evaluated,,0,3.0
local_refinement,5.040250834297997,1.4335161280939273,4581.925287896226,0.5694761162148945,evaluated,,258,3.0
local_refinement,4.70341787462922,1.264713150942601,4579.961097474238,0.5696435723404363,evaluated,,301,3.0
local_refinement,4.935573407322143,1.5904965653954843,4572.321237519036,0.5703671501400684,evaluated,,13,3.0
local_refinement,5.032251854559069,1.5207884477161528,4574.306200947677,0.5701560837176307,evaluated,,118,3.0
local_refinement,4.885218987692571,1.1071019546080976,4652.733252359047,0.5617637693661736,evaluated,,764,3.0
local_refinement,4.596977228456767,1.5913551297189361,4582.811040700151,0.569440558050458,evaluated,,0,3.0
local_refinement,4.863857435795753,1.062540670304682,4692.509544274476,0.5575278428273864,evaluated,,1024,3.0
local_refinement,4.560882925719619,1.4515922460017288,4572.019666958566,0.5703743207344139,evaluated,,43,3.0
local_refinement,4.50303695030773,1.1526890320522125,4571.204543242068,0.5704565612114276,evaluated,,301,3.0
local_refinement,4.82924027361995,1.4684750650231881,4588.271128591929,0.5689550126205001,evaluated,,115,3.0
local_refinement,4.891176755701559,1.1904232891610853,4580.761702510426,0.5695952007098672,evaluated,,337,3.0
local_refinement,4.927307532808521,1.1981411046715065,4581.72218574525,0.5694441955334784,evaluated,,353,3.0
local_refinement,4.695239818895559,1.500938136063458,4571.097499918837,0.5704470014440093,evaluated,,36,3.0
local_refinement,4.889779739428327,1.5620228990151082,4580.361471281313,0.5696428197912646,evaluated,,43,3.0
local_refinement,4.894567735380205,1.3949901000147573,4569.956177529558,0.5705246475373047,evaluated,,247,3.0
local_refinement,4.556204860696854,1.275717010680966,4569.381828392425,0.5705688377653568,evaluated,,272,3.0
local_refinement,4.659121420609035,1.2021490597067854,4583.569971033392,0.5693452866559394,evaluated,,301,3.0
local_refinement,5.083806332851466,1.290809178491416,4565.395145142391,0.5709340727776695,evaluated,,301,3.0
local_refinement,5.035227933106267,1.432349022645437,4582.699013453932,0.569427028129426,evaluated,,258,3.0
local_refinement,4.976886782124988,1.3559416202308254,4575.515213717727,0.5700412934640737,evaluated,,297,3.0
local_refinement,4.846142330775814,1.3499245946276055,4571.203933321019,0.5704697386101488,evaluated,,281,3.0
local_refinement,4.6171457926788255,1.4866443011769026,4574.473675328925,0.5701399644804194,evaluated,,13,3.0
local_refinement,4.668463417464513,1.0715304230518246,4631.656860132672,0.5639142058426372,evaluated,,661,3.0
local_refinement,4.8872833775443,1.1623826242544122,4599.167522922242,0.5674191612384076,evaluated,,452,3.0
local_refinement,3.0642751506117483,0.94331787399374,4581.85162810872,0.5695067596431738,evaluated,,109,4.0
local_refinement,3.048918634132269,0.7417293840482392,4566.356615715109,0.5709927059355251,evaluated,,337,4.0
local_refinement,2.50927396991732,0.9344741766071227,4580.68248099417,0.5695883292213229,evaluated,,0,4.0
local_refinement,2.7569104889903886,0.9477125233546112,4576.844025024289,0.5699392874715263,evaluated,,0,4.0
local_refinement,3.0781719862535515,0.9084682969133439,4575.561686373064,0.5700767778099118,evaluated,,172,4.0
local_refinement,2.676669335241751,0.746888156855087,4573.903762860702,0.5702115117252042,evaluated,,281,4.0
local_refinement,3.010682002910114,0.7233455903613673,4586.103278278612,0.5689701848692402,evaluated,,391,4.0
local_refinement,2.6016956480116553,0.8061811376805014,4566.3887865930055,0.5708764321281892,evaluated,,97,4.0
local_refinement,3.0616928644964685,0.8542597917666758,4578.132908740812,0.5698193143589749,evaluated,,281,4.0
local_refinement,2.842036702053619,0.6474626652961979,4633.259956751992,0.5635169130851321,evaluated,,736,4.0
local_refinement,2.8690043360195014,0.9557927198936595,4580.764260587325,0.5696109238584905,evaluated,,0,4.0
local_refinement,2.584050409141914,0.7928960503650001,4582.741604274177,0.5694300686471397,evaluated,,112,4.0
local_refinement,3.026423843156773,0.8697090839322095,4569.957548727401,0.570532184912792,evaluated,,229,4.0
local_refinement,2.9182094445971605,0.8564885981589787,4582.720045741799,0.5694492421053027,evaluated,,182,4.0
local_refinement,2.715694690731853,0.7152891761959658,4568.152410591357,0.570709905813115,evaluated,,301,4.0
local_refinement,2.985616693287108,0.8936553501284158,4581.935815194804,0.5694866793664152,evaluated,,151,4.0
local_refinement,3.020243391148062,0.9292674103886935,4575.894089708709,0.570023384092991,evaluated,,109,4.0
local_refinement,2.8068054393165625,0.7870900306988042,4577.904246392967,0.5698151930389882,evaluated,,272,4.0
local_refinement,2.978977107380065,0.8383522420383563,4580.635154154598,0.5695669296107395,evaluated,,266,4.0
local_refinement,2.921180126354622,0.8887100908889992,4581.796828605919,0.5694998105728328,evaluated,,115,4.0
local_refinement,3.0340032050905394,0.7306226099505087,4581.035460508534,0.569526963361322,evaluated,,371,4.0
local_refinement,2.725349771583966,0.646359516044362,4597.143269060638,0.5676359239166886,evaluated,,452,4.0
local_refinement,2.8469680845977043,0.6263171515770968,4670.812675189497,0.5596659532813837,evaluated,,957,4.0
local_refinement,2.779358810879476,0.8012925448896213,4577.028262049043,0.5699527758560883,evaluated,,223,4.0
local_refinement,2.6719247512769706,0.8179331300018314,4579.437265792745,0.569712043510371,evaluated,,112,4.0
local_refinement,2.5183001499634297,0.6268026447201139,4577.765119392365,0.5698403234786127,evaluated,,308,4.0
local_refinement,2.9935603363957948,0.7382871955932894,4584.2674439863185,0.5692830975293777,evaluated,,316,4.0
local_refinement,2.5762363075911305,0.7942475045871287,4567.470983385642,0.5707608243078093,evaluated,,105,4.0
local_refinement,2.9619961318591663,0.6884332143889307,4628.021267028605,0.5644609068580411,evaluated,,583,4.0
local_refinement,2.8737342854914,0.6433778432735804,4656.973287360022,0.5613091066188727,evaluated,,810,4.0
local_refinement,4.331009032701164,1.3730171559720146,4580.5414753781315,0.5696383340927886,evaluated,,48,5.0
local_refinement,4.624381072966064,1.4360898341990669,4583.30300484733,0.5693938220307624,evaluated,,97,5.0
local_refinement,4.735654800233597,1.6373166908426204,4578.024199426244,0.569859447975525,evaluated,,0,5.0
local_refinement,4.609780208980717,1.2491029768155397,4576.858836588577,0.5699455507465586,evaluated,,298,5.0
local_refinement,4.777111716861222,1.2181097560207812,4563.168749511127,0.5711330469773821,evaluated,,301,5.0
local_refinement,4.5633828524233815,1.1037224784762443,4578.700992293522,0.5697594562750272,evaluated,,371,5.0
local_refinement,4.315210446049274,1.629465751590459,4578.23395904669,0.5698376212825518,evaluated,,0,5.0
local_refinement,4.801588072307323,1.4709004558285252,4569.137666800983,0.5706153314515483,evaluated,,112,5.0
local_refinement,4.545371766648562,1.1601134053820976,4578.341115346738,0.5698236198353428,evaluated,,301,5.0
local_refinement,4.393862225602652,1.2058672640273438,4576.196231542775,0.5700056236747157,evaluated,,297,5.0
local_refinement,4.6295359988236715,1.4819729851779484,4579.729326686014,0.5697108323667621,evaluated,,36,5.0
local_refinement,4.696118426030639,1.223521622235534,4566.8485760483,0.570822608518991,evaluated,,301,5.0
local_refinement,4.8729191683979165,1.4958278270994507,4565.020201314841,0.5709847802310146,evaluated,,112,5.0
local_refinement,4.63261243150684,1.42080309226086,4585.077401022269,0.5692163568990709,evaluated,,112,5.0
local_refinement,4.551760037456674,1.2043736754937562,4572.06908456946,0.5703765069142384,evaluated,,301,5.0
local_refinement,4.513583607190757,1.507689678408297,4582.881290192147,0.5694190337695599,evaluated,,0,5.0
local_refinement,4.308636093177853,1.1260892206204005,4578.719622022023,0.5697424494017318,evaluated,,301,5.0
local_refinement,4.327601585213051,1.0812895452054545,4577.612086498707,0.5698252217502153,evaluated,,303,5.0
local_refinement,4.813276350406604,1.4754691794495558,4566.632534928281,0.5708226819124437,evaluated,,112,5.0
local_refinement,4.584504297452395,1.1152445650087657,4576.216292393132,0.5699298182849721,evaluated,,337,5.0
local_refinement,4.594969525070099,1.3385998308431357,4571.787611653846,0.570401913547955,evaluated,,204,5.0
local_refinement,4.403921121946008,1.315041586032443,4575.892550473042,0.5700260179167134,evaluated,,151,5.0
local_refinement,4.5391028406384235,1.4232584174150282,4573.520982598198,0.5702473921384551,evaluated,,61,5.0
local_refinement,4.681056190520586,1.0840099774768035,4630.1684691795435,0.5641125403593823,evaluated,,616,5.0
local_refinement,4.524767568775882,1.42921028545104,4580.455263427403,0.5696536328585853,evaluated,,50,5.0
local_refinement,4.601881755148052,1.566343540813457,4570.564005236771,0.5704934525983747,evaluated,,0,5.0
local_refinement,4.695216178971367,1.153953381491336,4561.176182750599,0.5713541635978842,evaluated,,316,5.0
local_refinement,4.342341248440258,1.4390565327695402,4578.590589844099,0.5698021261486601,evaluated,,0,5.0
local_refinement,4.315906786324973,1.4053760182387538,4578.98397861252,0.5697736154539236,evaluated,,2,5.0
local_refinement,4.864138144854974,1.399250772437246,4571.631611692255,0.5704047367716931,evaluated,,229,5.0
local_refinement,3.5329019557239127,0.9577043229978739,4574.854956467924,0.5701284472114263,evaluated,,298,6.0
local_refinement,3.5749517342949098,0.9190683047919307,4571.031758193907,0.5704457199011577,evaluated,,301,6.0
local_refinement,3.864878885265915,0.8559690779538709,4675.463355463094,0.5594326077608357,evaluated,,881,6.0
local_refinement,3.8767143382943483,1.0613687073171028,4578.45862472248,0.5697702537153276,evaluated,,297,6.0
local_refinement,3.4174746808735774,0.7306752825268251,4810.632382989073,0.546809220631878,evaluated,,1299,6.0
local_refinement,3.3604668008264555,0.7104459717298608,4856.849768074431,0.5424707521898411,evaluated,,1448,6.0
local_refinement,3.3566657764535566,0.9734158450551906,4575.642909359593,0.5700736047824208,evaluated,,214,6.0
local_refinement,3.3427131890761372,0.8294155575708058,4583.504832623248,0.5693989649168378,evaluated,,314,6.0
local_refinement,3.8069251865816724,0.7124436505485618,5025.358711451494,0.5278964692829917,evaluated,,3144,6.0
local_refinement,3.788681089553361,0.8147316109701213,4798.463605988212,0.5477980865996739,evaluated,,1244,6.0
local_refinement,3.3708988965729936,0.978847194611703,4575.065815191486,0.570118002022003,evaluated,,214,6.0
local_refinement,3.67736570806793,1.0503407208816238,4570.9246063570945,0.5704730997134845,evaluated,,247,6.0
local_refinement,3.741042626282331,1.0210719688941867,4574.196545684412,0.5701949814002651,evaluated,,297,6.0
local_refinement,3.4692207435427838,0.7734279380154853,4650.955757306063,0.5617961545636588,evaluated,,841,6.0
local_refinement,3.750368850984515,1.0223986395715712,4575.813310210859,0.5700297935345495,evaluated,,297,6.0
local_refinement,3.8943030852004035,0.8664576675339876,4661.403938014417,0.5608419693070573,evaluated,,841,6.0
local_refinement,3.5232108514756697,1.0103646558419168,4575.571846663037,0.5700824239140927,evaluated,,235,6.0
local_refinement,3.5044821241518105,1.0714188632402537,4578.908713872461,0.5697411990781845,evaluated,,112,6.0
local_refinement,3.815047651105807,0.8729356824490689,4631.449732225533,0.5638478922443513,evaluated,,696,6.0
local_refinement,3.750522640674898,1.0017134763330773,4574.593635754118,0.5701674175765477,evaluated,,301,6.0
local_refinement,3.3618743213015594,1.0602620034217574,4580.505189400889,0.5696361419486555,evaluated,,57,6.0
local_refinement,3.603151423468714,1.0301608279437477,4582.011604075819,0.569468645476276,evaluated,,235,6.0
local_refinement,3.4920297606183666,1.0574812641953155,4564.675838889007,0.5710152471215619,evaluated,,118,6.0
local_refinement,3.5335210072404974,0.7075250040500793,4976.008488268389,0.5329378522712371,evaluated,,2299,6.0
local_refinement,3.8432291858515577,0.7393483328798807,5006.434234636388,0.5302258719793258,evaluated,,2806,6.0
local_refinement,3.4915881825542487,1.0790552261468453,4588.375942613876,0.5689006376308674,evaluated,,105,6.0
local_refinement,3.8703642881625333,0.9300735341578172,4580.067263063533,0.5695054583605286,evaluated,,391,6.0
local_refinement,3.6791023273018792,0.8806301362555474,4587.312536939155,0.5686067387327665,evaluated,,423,6.0
local_refinement,3.4759264630188382,0.8332482147012101,4565.965032667673,0.5707794516103497,evaluated,,391,6.0
local_refinement,3.7035110736462227,1.0008557413331123,4573.239680745953,0.570274155211004,evaluated,,299,6.0
local_refinement,2.9749474262355085,0.3089138098383934,13093.929223850486,-0.19723464765142484,evaluated,,12622,7.0
local_refinement,2.5547236618292137,0.27339506179865986,13095.712646973832,-0.19741318526919016,evaluated,,12615,7.0
local_refinement,2.534535256009986,0.2800258274438473,13096.318398092339,-0.1974738267177848,evaluated,,12612,7.0
local_refinement,2.7649183008240255,0.3207157029762492,12939.439162998671,-0.18417515151430364,evaluated,,12562,7.0
local_refinement,2.7105490075312466,0.22799121854955073,13088.583597841356,-0.19669334650842596,evaluated,,12649,7.0
local_refinement,2.585795009231701,0.3055318622928973,12913.32607673038,-0.18194931805348624,evaluated,,12548,7.0
local_refinement,2.8709308379897562,0.22607276613266664,13088.788259232315,-0.19671089568074995,evaluated,,12650,7.0
local_refinement,2.550464083668998,0.29824739738108486,12939.439162998671,-0.18417515151430364,evaluated,,12562,7.0
local_refinement,2.5436578038185154,0.31279321666513216,12710.602918482575,-0.16445112772538206,evaluated,,12478,7.0
local_refinement,2.923745336293897,0.22369353457768842,13088.879557495562,-0.19671872426506243,evaluated,,12650,7.0
local_refinement,2.5509026284511145,0.3326197921671317,12991.102396965214,-0.1995134350103578,evaluated,,12086,7.0
local_refinement,2.7245624774536714,0.25850184570229146,13088.155171025823,-0.19665661004348334,evaluated,,12647,7.0
local_refinement,2.987679740354501,0.32788019430028376,13096.318398092339,-0.1974738267177848,evaluated,,12612,7.0
local_refinement,3.091600638293722,0.3045533513438531,13089.004720392946,-0.1967416580156638,evaluated,,12640,7.0
local_refinement,2.7257557513185486,0.2239524594908654,13088.6604005663,-0.19669993213871362,evaluated,,12650,7.0
local_refinement,2.9662881495564615,0.28109372801150373,13088.155171025823,-0.19665661004348334,evaluated,,12647,7.0
local_refinement,2.754533205548185,0.32295972970069814,12913.326076730382,-0.18194931805348635,evaluated,,12548,7.0
local_refinement,2.5667184893836903,0.27317905997589265,13095.712646973832,-0.19741318526919016,evaluated,,12615,7.0
local_refinement,2.5068121868604507,0.27029561169684346,13095.712646973832,-0.19741318526919016,evaluated,,12615,7.0
local_refinement,2.533781965409102,0.22820189004592178,13088.343748521424,-0.19667278006437128,evaluated,,12649,7.0
local_refinement,2.570515748066262,0.2920196796235625,13103.596943073597,-0.19820247830065385,evaluated,,12583,7.0
local_refinement,2.9476269275592535,0.28409750451876165,13088.15517102582,-0.19665661004348323,evaluated,,12645,7.0
local_refinement,3.0773035290847246,0.25901061849008467,13088.581156530736,-0.19669313717250492,evaluated,,12649,7.0
local_refinement,2.6714272517691158,0.31841694759273403,12894.100394034596,-0.1802813823054038,evaluated,,12545,7.0
local_refinement,2.634157503111671,0.32980221086096495,12427.907854791007,-0.1399277275010966,evaluated,,12314,7.0
local_refinement,2.5072926848138892,0.3306031076149716,12926.575858549117,-0.19382614761411887,evaluated,,12001,7.0
local_refinement,2.525895947170345,0.32112948148616405,12544.117163338591,-0.15417402689377824,evaluated,,12188,7.0
local_refinement,2.8166206654517794,0.3333808540106966,12894.100394034596,-0.1802813823054038,evaluated,,12545,7.0
local_refinement,2.5442779388412387,0.28054626779516323,13096.318398092339,-0.1974738267177848,evaluated,,12612,7.0
local_refinement,3.081581521371459,0.27684559621087557,13088.352056483574,-0.1966734924501259,evaluated,,12649,7.0
local_refinement,2.8776391828811567,1.410706174162394,4574.468089202632,0.5701529065235882,evaluated,,0,8.0
local_refinement,2.7727246388606632,1.3718155803933219,4577.4896113410505,0.5699711806816853,evaluated,,0,8.0
local_refinement,2.8505885871538594,1.5278555970504502,4583.7862317119625,0.569353288721338,evaluated,,0,8.0
local_refinement,2.527267828204874,1.1741449435434372,4576.796903733728,0.5699895926894395,evaluated,,0,8.0
local_refinement,3.070246890445935,1.5216423816537445,4579.087807666208,0.569774540320253,evaluated,,0,8.0
local_refinement,2.7733940516714273,1.367580665649998,4579.16579536142,0.569655604559723,evaluated,,0,8.0
local_refinement,2.666428709788679,1.1211951059261147,4572.999556202936,0.5702261261173127,evaluated,,0,8.0
local_refinement,2.778219042963989,1.2154299933832058,4573.396704589574,0.57025826516203,evaluated,,0,8.0
local_refinement,2.850193667110523,1.0582392607825009,4578.64668805174,0.5698004256186869,evaluated,,0,8.0
local_refinement,3.0846368845996994,1.5763630290829753,4569.427754511685,0.5705207908190256,evaluated,,0,8.0
local_refinement,2.9188970284118465,1.3196529672148616,4588.903692990719,0.5688027089017824,evaluated,,0,8.0
local_refinement,2.685716569771796,1.4780305751036862,4587.008134590669,0.5690616229723191,evaluated,,0,8.0
local_refinement,2.910838703532327,1.1066494919457788,4585.532272784911,0.5691409291506764,evaluated,,0,8.0
local_refinement,3.046556310696305,1.4830164559635624,4581.46977755281,0.5695120553337661,evaluated,,0,8.0
local_refinement,3.0698799479751537,1.4277991871322153,4590.223188797536,0.568683229753041,evaluated,,0,8.0
local_refinement,2.8680491175614735,1.2524386387707893,4580.993910379899,0.5696147389771382,evaluated,,0,8.0
local_refinement,3.0596370900124072,1.507840653275454,4577.495221749062,0.5698188564307194,evaluated,,0,8.0
local_refinement,2.527131202063713,1.0289431608340052,4586.435096569194,0.5690584510136981,evaluated,,0,8.0
local_refinement,2.7258780201268293,1.4761817691002634,4576.935873690808,0.5699623870208024,evaluated,,0,8.0
local_refinement,3.092365677588966,1.0996915379434926,4588.481248647217,0.5688957096782101,evaluated,,0,8.0
local_refinement,2.8564784292112804,1.2311358748132293,4581.389798922464,0.5694463022088054,evaluated,,0,8.0
local_refinement,3.081948638688761,1.4941843159187702,4572.305569398946,0.5703680606358417,evaluated,,0,8.0
local_refinement,3.002997222826682,1.2812114462063204,4576.515512528085,0.5699855796958253,evaluated,,0,8.0
local_refinement,2.7488917014025986,1.1698355245899534,4581.373948961282,0.569474174443491,evaluated,,0,8.0
local_refinement,2.5338252979905556,1.5070755589684501,4574.453921572809,0.5701748235709576,evaluated,,0,8.0
local_refinement,2.987740605478046,1.584066325618258,4578.5081533844605,0.5698208360471698,evaluated,,0,8.0
local_refinement,3.097982102244343,1.3306803335430668,4587.3095837240135,0.5689769131539657,evaluated,,0,8.0
local_refinement,2.9613924491083057,1.5527260319591838,4578.678349042366,0.5699080873692618,evaluated,,0,8.0
local_refinement,3.0097884344064463,1.1549735246761426,4578.004943269442,0.5698371676054426,evaluated,,0,8.0
local_refinement,2.7703264811860553,1.0875679350730154,4583.285365584398,0.5693843853746805,evaluated,,0,8.0
local_refinement,3.472430616355233,0.2868415487591856,13088.644748223622,-0.1966985899917768,evaluated,,12650,9.0
local_refinement,3.037185683302077,0.2947257638788935,13088.242808783112,-0.19666538341655893,evaluated,,12643,9.0
local_refinement,3.2708769442747374,0.25700029779663885,13088.795105077255,-0.19671148269382566,evaluated,,12650,9.0
local_refinement,2.9681345553197773,0.2947104241898967,13089.004720392946,-0.1967416580156638,evaluated,,12640,9.0
local_refinement,3.212184620542276,0.3068322719010449,13088.155171025823,-0.19665661004348334,evaluated,,12647,9.0
local_refinement,3.2120981006671956,0.3164415483434494,13089.004720392946,-0.1967416580156638,evaluated,,12640,9.0
local_refinement,3.231144103264691,0.2813985900890304,13088.458249190733,-0.1966825981935627,evaluated,,12649,9.0
local_refinement,3.4259921615950066,0.26245330156766083,13088.875452673627,-0.19671837228745115,evaluated,,12650,9.0
local_refinement,2.9804091370703842,0.2173686840057991,13089.04220138679,-0.19673267054804844,evaluated,,12651,9.0
local_refinement,3.353082353404171,0.28854228801686627,13088.500621804344,-0.1966862315329756,evaluated,,12649,9.0
local_refinement,3.322447860859534,0.23952973982019574,13089.090012000686,-0.19673677018158586,evaluated,,12651,9.0
local_refinement,2.9818228853520616,0.21565554031893552,13089.07684403533,-0.19673564106342578,evaluated,,12651,9.0
local_refinement,3.110352535283958,0.2848854828567438,13088.279905884894,-0.19666730572734648,evaluated,,12648,9.0
local_refinement,3.1353464270598392,0.26654328838300834,13088.544508727264,-0.19668999472040183,evaluated,,12649,9.0
local_refinement,3.4424952166962486,0.2558082390923857,13088.975835690264,-0.19672697986531007,evaluated,,12650,9.0
local_refinement,3.208393693495886,0.30819607439439145,13088.15517102582,-0.19665661004348323,evaluated,,12645,9.0
local_refinement,3.1379256693927617,0.2887561178453881,13088.260659470568,-0.1966656553982833,evaluated,,12648,9.0
local_refinement,3.417418225248047,0.32815357109618015,13088.15517102582,-0.19665661004348323,evaluated,,12645,9.0
local_refinement,2.9882440885574226,0.32539423044299254,13096.063923883143,-0.19744835142899997,evaluated,,12613,9.0
local_refinement,3.1952697758477226,0.24497794017604188,13088.872824725659,-0.1967181469478717,evaluated,,12650,9.0
local_refinement,3.1754814537429565,0.33182482536103003,13095.183105336548,-0.19736017311453602,evaluated,,12617,9.0
local_refinement,3.1955708563957215,0.25346149909700055,13088.765941816826,-0.19670898202146914,evaluated,,12650,9.0
local_refinement,3.2800405125900354,0.24280026286447234,13088.988820213064,-0.19672809325375684,evaluated,,12650,9.0
local_refinement,2.945517996865198,0.22941254504852424,13088.822628665373,-0.19671384276862347,evaluated,,12650,9.0
local_refinement,2.9768275033746634,0.23218271143161945,13088.818125687354,-0.19671345665018214,evaluated,,12650,9.0
local_refinement,2.983296303589646,0.2910167300021171,13088.242808783112,-0.19666538341655893,evaluated,,12643,9.0
local_refinement,3.009128050639487,0.25549682405867463,13088.549020505616,-0.19669038159344832,evaluated,,12649,9.0
local_refinement,3.438073045943607,0.2709334375802701,13088.78595857754,-0.19671069840569533,evaluated,,12650,9.0
local_refinement,3.300534643112616,0.23463934388772856,13089.148612691031,-0.19674179503560618,evaluated,,12651,9.0
local_refinement,3.015373411285202,0.21882288657988835,13089.062804751975,-0.19673443723205464,evaluated,,12651,9.0
local_refinement,3.0013610378432984,1.172791655037848,4581.509339382284,0.5695636567851508,evaluated,,0,10.0
local_refinement,3.006206290566048,1.0644944918989085,4589.137127563145,0.5688087658362841,evaluated,,0,10.0
local_refinement,2.9723815226603603,1.27669769570728,4568.189114276618,0.5707025639928449,evaluated,,0,10.0
local_refinement,3.023800231043475,1.2216565579736247,4576.466864220183,0.5700445097098161,evaluated,,0,10.0
local_refinement,3.2020503625129138,1.4076527506554108,4589.086926060185,0.56882306562811,evaluated,,0,10.0
local_refinement,2.9235872839046593,1.4698267116539645,4586.768669125178,0.5690587298768113,evaluated,,0,10.0
local_refinement,3.2767402336945444,1.060534461148183,4579.01749778712,0.5697637075650761,evaluated,,3,10.0
local_refinement,3.424147174464066,1.5390991443195594,4582.754754411399,0.5694289692850867,evaluated,,0,10.0
local_refinement,2.936646775912918,1.1718148700153221,4585.729414279369,0.5691231278700436,evaluated,,0,10.0
local_refinement,3.3837207678758365,1.4406543452777967,4575.686527684086,0.5700539863981945,evaluated,,0,10.0
local_refinement,3.010712611613826,1.1333019913293316,4575.920456686975,0.5700297146604867,evaluated,,0,10.0
local_refinement,3.122283261674829,1.2902395414065109,4564.909934110862,0.5709866036828961,evaluated,,0,10.0
local_refinement,3.270952862918177,1.224305006300347,4579.609164553604,0.5697122517771203,evaluated,,0,10.0
local_refinement,3.1775208296798887,1.4402045026406658,4573.213068351082,0.5702545626330957,evaluated,,0,10.0
local_refinement,2.9220099217343583,1.1578758027688925,4580.4390473567255,0.5696590668369456,evaluated,,0,10.0
local_refinement,3.328009751530731,1.5244615132067456,4575.734870160455,0.5700196541964562,evaluated,,0,10.0
local_refinement,3.2070064652693993,1.3173814431360515,4575.837791842996,0.570035370291547,evaluated,,0,10.0
local_refinement,2.9643032068038653,1.2690745451303098,4587.626418339402,0.5690107739233147,evaluated,,0,10.0
local_refinement,3.2195703598730137,1.1521917239316755,4563.475466162823,0.5711179125034715,evaluated,,0,10.0
local_refinement,3.0615459385696284,1.2290788987127623,4568.226959972517,0.5706965318932874,evaluated,,0,10.0
local_refinement,2.9120427186666356,1.197594282762784,4570.2910092030925,0.5705320356619765,evaluated,,0,10.0
local_refinement,3.0268688041979264,1.200684392929247,4586.108739401841,0.5691527037773423,evaluated,,0,10.0
local_refinement,2.9718572790915503,1.5217926596623776,4585.354756914434,0.5692020601156977,evaluated,,0,10.0
local_refinement,3.256155472132429,1.4012123858296595,4580.191158980731,0.5696120593011332,evaluated,,0,10.0
local_refinement,3.3735027431644027,1.2981779730439273,4585.948293766309,0.569140598196063,evaluated,,0,10.0
local_refinement,2.952152172852454,1.3202290923535696,4573.751149730346,0.570210720095927,evaluated,,0,10.0
local_refinement,3.2521046708125274,1.4390459143762777,4590.950855672079,0.5686924094229224,evaluated,,0,10.0
local_refinement,3.1589957277378073,1.0866673328032834,4576.655069179235,0.5699730069077298,evaluated,,0,10.0
local_refinement,3.0702655434792345,1.220979263913628,4565.238791204347,0.5709652499769167,evaluated,,0,10.0
local_refinement,3.2875503447989605,1.3394328342120974,4574.357454596159,0.5701754503890307,evaluated,,0,10.0
