phase,alpha,beta,cv_mse,cv_r2,evaluation,reuse_alpha,clipped_count,seed_index
coarse_grid,1.0,0.1,24657.62027121194,-3.24858074232584,evaluated,,13670,
coarse_grid,1.0,0.11455149701087121,20706.876406433446,-2.5616442803665054,evaluated,,12943,
coarse_grid,1.0,0.13122045467431637,14097.62139343503,-1.2971997771870312,evaluated,,11625,
coarse_grid,1.0,0.1503149952139011,10963.447427654943,-0.749900255419254,evaluated,,8670,
coarse_grid,1.0,0.17218807724934312,6904.946988867974,-0.07255833219177665,evaluated,,3775,
coarse_grid,1.0,0.1972440201633579,4805.079997686107,0.28602378464563005,evaluated,,1762,
coarse_grid,1.0,0.22594597786155107,4413.275361719354,0.3572647699894603,evaluated,,628,
coarse_grid,1.0,0.2588245000762584,3993.6643533851975,0.4213845335277041,evaluated,,248,
coarse_grid,1.0,0.29648733946825756,3995.15597024367,0.42105513928821814,evaluated,,163,
coarse_grid,1.0,0.3396306858085926,3996.7268937860913,0.4207464129902539,evaluated,,0,
coarse_grid,1.0,0.3890520349020314,3991.5879706589885,0.42172111175458243,evaluated,,0,
coarse_grid,1.0,0.445664930131534,3994.7099538356656,0.42117284854239334,evaluated,,0,
coarse_grid,1.0,0.5105158491181254,3993.6995067474463,0.4213775671937069,evaluated,,0,
coarse_grid,1.0,0.5848035476425733,3995.67238925262,0.42091823505774156,evaluated,,0,
coarse_grid,1.0,0.6,3993.6166069809615,0.42135757670807295,evaluated,,0,
coarse_grid,1.0,0.669901218397251,3995.9467475334486,0.4208996736978917,evaluated,,0,
coarse_grid,1.0,0.7673818741681168,3995.058826856629,0.4210214244375338,evaluated,,0,
coarse_grid,1.0,0.8790474246496578,3995.0424333342003,0.4210738302073719,evaluated,,0,
coarse_grid,1.0,1.0069619843716933,3993.7249940056045,0.4213726745306084,evaluated,,0,
coarse_grid,1.0,1.1,3994.3190805518598,0.4212211555552401,evaluated,,0,
coarse_grid,1.0,1.1534900274281497,3993.4738594403743,0.42138726292944617,evaluated,,0,
coarse_grid,1.0,1.3213400942900544,3994.5318315216455,0.4212116582416475,evaluated,,0,
coarse_grid,1.0,1.5136148586141145,3994.281888003881,0.42122550720954965,evaluated,,0,
coarse_grid,1.0,1.6,3993.28685819644,0.4213888120345321,evaluated,,0,
coarse_grid,1.0,1.733868479521449,3991.500065779924,0.42172232885368355,evaluated,,0,
coarse_grid,1.0,1.9861722994914508,3993.620149688872,0.42138710962383286,evaluated,,0,
coarse_grid,1.0,2.1,3993.6838340839886,0.4213807342101444,evaluated,,0,
coarse_grid,1.0,2.2751901022827012,3993.382025806385,0.4213991242907422,evaluated,,0,
coarse_grid,1.0,2.6,3993.9779552513573,0.4212820090483858,evaluated,,0,
coarse_grid,1.0,2.6062643220080064,3992.8963647929454,0.4214637655585489,evaluated,,0,
coarse_grid,1.0,2.9855147969204046,3995.310051272149,0.42100938940107185,evaluated,,0,
coarse_grid,1.0,3.1,3994.2101203987518,0.4212396113632191,evaluated,,0,
coarse_grid,1.0,3.419951893353395,3995.852629885533,0.42094825505659567,evaluated,,0,
coarse_grid,1.0,3.6,4000.024740486008,0.42014688939336986,evaluated,,0,
coarse_grid,1.0,3.9176060908879475,3999.879867699032,0.42017552407775793,evaluated,,0,
coarse_grid,1.0,4.1,3999.7594995208574,0.4201875740772812,evaluated,,0,
coarse_grid,1.0,4.487676424101213,3999.268662401737,0.4202698297918637,evaluated,,0,
coarse_grid,1.0,4.6,4000.4231292359154,0.42007231942842965,evaluated,,0,
coarse_grid,1.0,5.1,4003.982657999244,0.4194052139841356,evaluated,,0,
coarse_grid,1.0,5.140700524811874,4005.094932567675,0.41915419164659773,evaluated,,0,
coarse_grid,1.0,5.6,4006.0132546524983,0.4189240477713292,evaluated,,0,
coarse_grid,1.0,5.8887494080177145,4003.955469931935,0.41934513376366384,evaluated,,0,
coarse_grid,1.0,6.1,4005.114222058296,0.41910171637270116,evaluated,,0,
coarse_grid,1.0,6.6,4004.259375872093,0.41925729527190386,evaluated,,0,
coarse_grid,1.0,6.745650602103109,4004.804774212079,0.4192026957104877,evaluated,,0,
coarse_grid,1.0,7.1,4004.3885644986094,0.4192762590404318,evaluated,,0,
coarse_grid,1.0,7.6,4004.787826858398,0.4192043923017867,evaluated,,0,
coarse_grid,1.0,7.727243747831959,4004.6024493157192,0.41922295035703666,evaluated,,0,
coarse_grid,1.0,8.1,4004.801002003311,0.4192030733444649,evaluated,,0,
coarse_grid,1.0,8.6,4003.903034365818,0.41936553588579834,evaluated,,0,
coarse_grid,1.0,8.851673390820459,4004.0322140023873,0.41934014881259374,evaluated,,0,
coarse_grid,1.0,9.1,4003.7434608621866,0.41939970069349786,evaluated,,0,
coarse_grid,1.0,9.6,4002.887303531915,0.4195534381711547,evaluated,,0,
coarse_grid,1.0,10.1,4002.7319351592073,0.4195839719948779,evaluated,,0,
coarse_grid,1.0,10.13972437969778,4002.38020863361,0.4196530951731938,evaluated,,0,
coarse_grid,1.0,10.6,4003.4768664536114,0.41945209325277577,evaluated,,0,
coarse_grid,1.0,11.1,4003.1137442081213,0.41950730540194214,evaluated,,0,
coarse_grid,1.0,11.6,4003.2030817277982,0.41953052251940054,evaluated,,0,
coarse_grid,1.0,11.615206069720077,4003.0809904208872,0.4195551571913758,evaluated,,0,
coarse_grid,1.0,12.1,3999.826249671677,0.4198364148742091,evaluated,,0,
coarse_grid,1.0,12.6,3998.9338709590065,0.4200140619839111,evaluated,,0,
coarse_grid,1.0,13.1,4002.9610023002224,0.41955826387155104,evaluated,,0,
coarse_grid,1.0,13.305392433761932,4000.045396607824,0.4197933469460256,evaluated,,0,
coarse_grid,1.0,13.6,4002.215567444256,0.4197070327884805,evaluated,,0,
coarse_grid,1.0,14.1,3999.110619643699,0.41997932638690616,evaluated,,0,
coarse_grid,1.0,14.6,4000.391873426409,0.41972525546821415,evaluated,,0,
coarse_grid,1.0,15.1,4004.021380545866,0.41937034669354634,evaluated,,0,
coarse_grid,1.0,15.241526216045477,3999.236549564972,0.41983104758186285,evaluated,,0,
coarse_grid,1.0,15.6,3999.236549564972,0.41983104758186285,evaluated,,0,
coarse_grid,1.0,16.1,4000.4210748149926,0.41971246533766454,evaluated,,0,
coarse_grid,1.0,16.6,4039.550550935388,0.41203085298361963,evaluated,,0,
coarse_grid,1.0,17.1,4038.2672458111297,0.4121158238617953,evaluated,,0,
coarse_grid,1.0,17.459396447784496,3999.1596844058004,0.41996868213857974,evaluated,,0,
coarse_grid,1.0,17.6,3998.57250041077,0.41996155007387276,evaluated,,0,
coarse_grid,1.0,18.1,3999.42326984343,0.41986385680305294,evaluated,,0,
coarse_grid,1.0,18.6,4039.8854244623562,0.4119248330598879,evaluated,,0,
coarse_grid,1.0,19.1,4037.2565899609317,0.41237196118949976,evaluated,,0,
coarse_grid,1.0,19.6,3997.42142003571,0.4201430640414791,evaluated,,0,
coarse_grid,1.0,20.000000000000004,4036.693946177228,0.4124378324504239,evaluated,,0,
coarse_grid,1.2,0.1,29808.409326001158,-3.8419517102178453,evaluated,,14178,
coarse_grid,1.2,0.11455149701087121,27597.74371761838,-3.5702430138667527,evaluated,,13934,
coarse_grid,1.2,0.13122045467431637,23494.737314616315,-3.1030681310106916,evaluated,,13119,
coarse_grid,1.2,0.1503149952139011,15776.055680827134,-1.6144025274331475,evaluated,,12154,
coarse_grid,1.2,0.17218807724934312,11958.93256147474,-0.9232073210828446,evaluated,,9725,
coarse_grid,1.2,0.1972440201633579,9312.767008554663,-0.4864272800353178,evaluated,,5533,
coarse_grid,1.2,0.22594597786155107,5085.61081441077,0.23586366544823867,evaluated,,2248,
coarse_grid,1.2,0.2588245000762584,4726.588118870327,0.301449515033538,evaluated,,1120,
coarse_grid,1.2,0.29648733946825756,3994.9293867829037,0.4211178428139224,evaluated,,250,
coarse_grid,1.2,0.3396306858085926,3995.908050534482,0.4209097823393174,evaluated,,241,
coarse_grid,1.2,0.3890520349020314,3991.587673239878,0.4217211415290643,evaluated,,3,
coarse_grid,1.2,0.445664930131534,3994.7099538356656,0.42117284854239334,positive_alpha_scaling_without_clipping,1.0,0,
coarse_grid,1.2,0.5105158491181254,3993.6995067474463,0.4213775671937069,positive_alpha_scaling_without_clipping,1.0,0,
coarse_grid,1.2,0.5848035476425733,3995.67238925262,0.42091823505774156,positive_alpha_scaling_without_clipping,1.0,0,
coarse_grid,1.2,0.6,3993.6166069809615,0.42135757670807295,positive_alpha_scaling_without_clipping,1.0,0,
coarse_grid,1.2,0.669901218397251,3995.9467475334486,0.4208996736978917,positive_alpha_scaling_without_clipping,1.0,0,
coarse_grid,1.2,0.7673818741681168,3995.058826856629,0.4210214244375338,positive_alpha_scaling_without_clipping,1.0,0,
coarse_grid,1.2,0.8790474246496578,3995.0424333342003,0.4210738302073719,positive_alpha_scaling_without_clipping,1.0,0,
coarse_grid,1.2,1.0069619843716933,3993.7249940056045,0.4213726745306084,positive_alpha_scaling_without_clipping,1.0,0,
coarse_grid,1.2,1.1,3994.3190805518598,0.4212211555552401,positive_alpha_scaling_without_clipping,1.0,0,
coarse_grid,1.2,1.1534900274281497,3993.4738594403743,0.42138726292944617,positive_alpha_scaling_without_clipping,1.0,0,
coarse_grid,1.2,1.3213400942900544,3994.5318315216455,0.4212116582416475,positive_alpha_scaling_without_clipping,1.0,0,
coarse_grid,1.2,1.5136148586141145,3994.281888003881,0.42122550720954965,positive_alpha_scaling_without_clipping,1.0,0,
coarse_grid,1.2,1.6,3993.28685819644,0.4213888120345321,positive_alpha_scaling_without_clipping,1.0,0,
coarse_grid,1.2,1.733868479521449,3991.500065779924,0.42172232885368355,positive_alpha_scaling_without_clipping,1.0,0,
coarse_grid,1.2,1.9861722994914508,3993.620149688872,0.42138710962383286,positive_alpha_scaling_without_clipping,1.0,0,
coarse_grid,1.2,2.1,3993.6838340839886,0.4213807342101444,positive_alpha_scaling_without_clipping,1.0,0,
coarse_grid,1.2,2.2751901022827012,3993.382025806385,0.4213991242907422,positive_alpha_scaling_without_clipping,1.0,0,
coarse_grid,1.2,2.6,3993.9779552513573,0.4212820090483858,positive_alpha_scaling_without_clipping,1.0,0,
coarse_grid,1.2,2.6062643220080064,3992.8963647929454,0.4214637655585489,positive_alpha_scaling_without_clipping,1.0,0,
coarse_grid,1.2,2.9855147969204046,3995.310051272149,0.42100938940107185,positive_alpha_scaling_without_clipping,1.0,0,
coarse_grid,1.2,3.1,3994.2101203987518,0.4212396113632191,positive_alpha_scaling_without_clipping,1.0,0,
coarse_grid,1.2,3.419951893353395,3995.852629885533,0.42094825505659567,positive_alpha_scaling_without_clipping,1.0,0,
coarse_grid,1.2,3.6,4000.024740486008,0.42014688939336986,positive_alpha_scaling_without_clipping,1.0,0,
coarse_grid,1.2,3.9176060908879475,3999.879867699032,0.42017552407775793,positive_alpha_scaling_without_clipping,1.0,0,
coarse_grid,1.2,4.1,3999.7594995208574,0.4201875740772812,positive_alpha_scaling_without_clipping,1.0,0,
coarse_grid,1.2,4.487676424101213,3999.268662401737,0.4202698297918637,positive_alpha_scaling_without_clipping,1.0,0,
coarse_grid,1.2,4.6,4000.4231292359154,0.42007231942842965,positive_alpha_scaling_without_clipping,1.0,0,
coarse_grid,1.2,5.1,4003.982657999244,0.4194052139841356,positive_alpha_scaling_without_clipping,1.0,0,
coarse_grid,1.2,5.140700524811874,4005.094932567675,0.41915419164659773,positive_alpha_scaling_without_clipping,1.0,0,
coarse_grid,1.2,5.6,4006.0132546524983,0.4189240477713292,positive_alpha_scaling_without_clipping,1.0,0,
coarse_grid,1.2,5.8887494080177145,4003.955469931935,0.41934513376366384,positive_alpha_scaling_without_clipping,1.0,0,
coarse_grid,1.2,6.1,4005.114222058296,0.41910171637270116,positive_alpha_scaling_without_clipping,1.0,0,
coarse_grid,1.2,6.6,4004.259375872093,0.41925729527190386,positive_alpha_scaling_without_clipping,1.0,0,
coarse_grid,1.2,6.745650602103109,4004.804774212079,0.4192026957104877,positive_alpha_scaling_without_clipping,1.0,0,
coarse_grid,1.2,7.1,4004.3885644986094,0.4192762590404318,positive_alpha_scaling_without_clipping,1.0,0,
coarse_grid,1.2,7.6,4004.787826858398,0.4192043923017867,positive_alpha_scaling_without_clipping,1.0,0,
coarse_grid,1.2,7.727243747831959,4004.6024493157192,0.41922295035703666,positive_alpha_scaling_without_clipping,1.0,0,
coarse_grid,1.2,8.1,4004.801002003311,0.4192030733444649,positive_alpha_scaling_without_clipping,1.0,0,
coarse_grid,1.2,8.6,4003.903034365818,0.41936553588579834,positive_alpha_scaling_without_clipping,1.0,0,
coarse_grid,1.2,8.851673390820459,4004.0322140023873,0.41934014881259374,positive_alpha_scaling_without_clipping,1.0,0,
coarse_grid,1.2,9.1,4003.7434608621866,0.41939970069349786,positive_alpha_scaling_without_clipping,1.0,0,
coarse_grid,1.2,9.6,4002.887303531915,0.4195534381711547,positive_alpha_scaling_without_clipping,1.0,0,
coarse_grid,1.2,10.1,4002.7319351592073,0.4195839719948779,positive_alpha_scaling_without_clipping,1.0,0,
coarse_grid,1.2,10.13972437969778,4002.38020863361,0.4196530951731938,positive_alpha_scaling_without_clipping,1.0,0,
coarse_grid,1.2,10.6,4003.4768664536114,0.41945209325277577,positive_alpha_scaling_without_clipping,1.0,0,
coarse_grid,1.2,11.1,4003.1137442081213,0.41950730540194214,positive_alpha_scaling_without_clipping,1.0,0,
coarse_grid,1.2,11.6,4003.2030817277982,0.41953052251940054,positive_alpha_scaling_without_clipping,1.0,0,
coarse_grid,1.2,11.615206069720077,4003.0809904208872,0.4195551571913758,positive_alpha_scaling_without_clipping,1.0,0,
coarse_grid,1.2,12.1,3999.826249671677,0.4198364148742091,positive_alpha_scaling_without_clipping,1.0,0,
coarse_grid,1.2,12.6,3998.9338709590065,0.4200140619839111,positive_alpha_scaling_without_clipping,1.0,0,
coarse_grid,1.2,13.1,4002.9610023002224,0.41955826387155104,positive_alpha_scaling_without_clipping,1.0,0,
coarse_grid,1.2,13.305392433761932,4000.045396607824,0.4197933469460256,positive_alpha_scaling_without_clipping,1.0,0,
coarse_grid,1.2,13.6,4002.215567444256,0.4197070327884805,positive_alpha_scaling_without_clipping,1.0,0,
coarse_grid,1.2,14.1,3999.110619643699,0.41997932638690616,positive_alpha_scaling_without_clipping,1.0,0,
coarse_grid,1.2,14.6,4000.391873426409,0.41972525546821415,positive_alpha_scaling_without_clipping,1.0,0,
coarse_grid,1.2,15.1,4004.021380545866,0.41937034669354634,positive_alpha_scaling_without_clipping,1.0,0,
coarse_grid,1.2,15.241526216045477,3999.236549564972,0.41983104758186285,positive_alpha_scaling_without_clipping,1.0,0,
coarse_grid,1.2,15.6,3999.236549564972,0.41983104758186285,positive_alpha_scaling_without_clipping,1.0,0,
coarse_grid,1.2,16.1,4000.4210748149926,0.41971246533766454,positive_alpha_scaling_without_clipping,1.0,0,
coarse_grid,1.2,16.6,4039.550550935388,0.41203085298361963,positive_alpha_scaling_without_clipping,1.0,0,
coarse_grid,1.2,17.1,4038.2672458111297,0.4121158238617953,positive_alpha_scaling_without_clipping,1.0,0,
coarse_grid,1.2,17.459396447784496,3999.1596844058004,0.41996868213857974,positive_alpha_scaling_without_clipping,1.0,0,
coarse_grid,1.2,17.6,3998.57250041077,0.41996155007387276,positive_alpha_scaling_without_clipping,1.0,0,
coarse_grid,1.2,18.1,3999.42326984343,0.41986385680305294,positive_alpha_scaling_without_clipping,1.0,0,
coarse_grid,1.2,18.6,4039.8854244623562,0.4119248330598879,positive_alpha_scaling_without_clipping,1.0,0,
coarse_grid,1.2,19.1,4037.2565899609317,0.41237196118949976,positive_alpha_scaling_without_clipping,1.0,0,
coarse_grid,1.2,19.6,3997.42142003571,0.4201430640414791,positive_alpha_scaling_without_clipping,1.0,0,
coarse_grid,1.2,20.000000000000004,4036.693946177228,0.4124378324504239,positive_alpha_scaling_without_clipping,1.0,0,
coarse_grid,1.4,0.1,30272.816265175872,-3.8893866223701927,evaluated,,14205,
coarse_grid,1.4,0.11455149701087121,29857.726014223692,-3.8470819597241395,evaluated,,14185,
coarse_grid,1.4,0.13122045467431637,28472.16989949912,-3.7027429494536874,evaluated,,14027,
coarse_grid,1.4,0.1503149952139011,23667.901903169797,-3.1312719520957337,evaluated,,13202,
coarse_grid,1.4,0.17218807724934312,16612.346729235665,-1.7733892893815124,evaluated,,12359,
coarse_grid,1.4,0.1972440201633579,12304.280548616065,-0.9823185366707223,evaluated,,10199,
coarse_grid,1.4,0.22594597786155107,9906.830585847672,-0.5876290959349415,evaluated,,6303,
coarse_grid,1.4,0.2588245000762584,5149.499702423027,0.22461458319381422,evaluated,,2377,
coarse_grid,1.4,0.29648733946825756,4736.003631903424,0.2995694430633628,evaluated,,1248,
coarse_grid,1.4,0.3396306858085926,4000.710545725041,0.4199918107630013,evaluated,,261,
coarse_grid,1.4,0.3890520349020314,3994.767710910266,0.42109621219088267,evaluated,,247,
coarse_grid,1.4,0.445664930131534,3994.74790656441,0.42116904911325675,evaluated,,43,
coarse_grid,1.4,0.5105158491181254,3993.6995067474463,0.4213775671937069,positive_alpha_scaling_without_clipping,1.0,0,
coarse_grid,1.4,0.5848035476425733,3995.67238925262,0.42091823505774156,positive_alpha_scaling_without_clipping,1.0,0,
coarse_grid,1.4,0.6,3993.6166069809615,0.42135757670807295,positive_alpha_scaling_without_clipping,1.0,0,
coarse_grid,1.4,0.669901218397251,3995.9467475334486,0.4208996736978917,positive_alpha_scaling_without_clipping,1.0,0,
coarse_grid,1.4,0.7673818741681168,3995.058826856629,0.4210214244375338,positive_alpha_scaling_without_clipping,1.0,0,
coarse_grid,1.4,0.8790474246496578,3995.0424333342003,0.4210738302073719,positive_alpha_scaling_without_clipping,1.0,0,
coarse_grid,1.4,1.0069619843716933,3993.7249940056045,0.4213726745306084,positive_alpha_scaling_without_clipping,1.0,0,
coarse_grid,1.4,1.1,3994.3190805518598,0.4212211555552401,positive_alpha_scaling_without_clipping,1.0,0,
coarse_grid,1.4,1.1534900274281497,3993.4738594403743,0.42138726292944617,positive_alpha_scaling_without_clipping,1.0,0,
coarse_grid,1.4,1.3213400942900544,3994.5318315216455,0.4212116582416475,positive_alpha_scaling_without_clipping,1.0,0,
coarse_grid,1.4,1.5136148586141145,3994.281888003881,0.42122550720954965,positive_alpha_scaling_without_clipping,1.0,0,
coarse_grid,1.4,1.6,3993.28685819644,0.4213888120345321,positive_alpha_scaling_without_clipping,1.0,0,
coarse_grid,1.4,1.733868479521449,3991.500065779924,0.42172232885368355,positive_alpha_scaling_without_clipping,1.0,0,
coarse_grid,1.4,1.9861722994914508,3993.620149688872,0.42138710962383286,positive_alpha_scaling_without_clipping,1.0,0,
coarse_grid,1.4,2.1,3993.6838340839886,0.4213807342101444,positive_alpha_scaling_without_clipping,1.0,0,
coarse_grid,1.4,2.2751901022827012,3993.382025806385,0.4213991242907422,positive_alpha_scaling_without_clipping,1.0,0,
coarse_grid,1.4,2.6,3993.9779552513573,0.4212820090483858,positive_alpha_scaling_without_clipping,1.0,0,
coarse_grid,1.4,2.6062643220080064,3992.8963647929454,0.4214637655585489,positive_alpha_scaling_without_clipping,1.0,0,
coarse_grid,1.4,2.9855147969204046,3995.310051272149,0.42100938940107185,positive_alpha_scaling_without_clipping,1.0,0,
coarse_grid,1.4,3.1,3994.2101203987518,0.4212396113632191,positive_alpha_scaling_without_clipping,1.0,0,
coarse_grid,1.4,3.419951893353395,3995.852629885533,0.42094825505659567,positive_alpha_scaling_without_clipping,1.0,0,
coarse_grid,1.4,3.6,4000.024740486008,0.42014688939336986,positive_alpha_scaling_without_clipping,1.0,0,
coarse_grid,1.4,3.9176060908879475,3999.879867699032,0.42017552407775793,positive_alpha_scaling_without_clipping,1.0,0,
coarse_grid,1.4,4.1,3999.7594995208574,0.4201875740772812,positive_alpha_scaling_without_clipping,1.0,0,
coarse_grid,1.4,4.487676424101213,3999.268662401737,0.4202698297918637,positive_alpha_scaling_without_clipping,1.0,0,
coarse_grid,1.4,4.6,4000.4231292359154,0.42007231942842965,positive_alpha_scaling_without_clipping,1.0,0,
coarse_grid,1.4,5.1,4003.982657999244,0.4194052139841356,positive_alpha_scaling_without_clipping,1.0,0,
coarse_grid,1.4,5.140700524811874,4005.094932567675,0.41915419164659773,positive_alpha_scaling_without_clipping,1.0,0,
coarse_grid,1.4,5.6,4006.0132546524983,0.4189240477713292,positive_alpha_scaling_without_clipping,1.0,0,
coarse_grid,1.4,5.8887494080177145,4003.955469931935,0.41934513376366384,positive_alpha_scaling_without_clipping,1.0,0,
coarse_grid,1.4,6.1,4005.114222058296,0.41910171637270116,positive_alpha_scaling_without_clipping,1.0,0,
coarse_grid,1.4,6.6,4004.259375872093,0.41925729527190386,positive_alpha_scaling_without_clipping,1.0,0,
coarse_grid,1.4,6.745650602103109,4004.804774212079,0.4192026957104877,positive_alpha_scaling_without_clipping,1.0,0,
coarse_grid,1.4,7.1,4004.3885644986094,0.4192762590404318,positive_alpha_scaling_without_clipping,1.0,0,
coarse_grid,1.4,7.6,4004.787826858398,0.4192043923017867,positive_alpha_scaling_without_clipping,1.0,0,
coarse_grid,1.4,7.727243747831959,4004.6024493157192,0.41922295035703666,positive_alpha_scaling_without_clipping,1.0,0,
coarse_grid,1.4,8.1,4004.801002003311,0.4192030733444649,positive_alpha_scaling_without_clipping,1.0,0,
coarse_grid,1.4,8.6,4003.903034365818,0.41936553588579834,positive_alpha_scaling_without_clipping,1.0,0,
coarse_grid,1.4,8.851673390820459,4004.0322140023873,0.41934014881259374,positive_alpha_scaling_without_clipping,1.0,0,
coarse_grid,1.4,9.1,4003.7434608621866,0.41939970069349786,positive_alpha_scaling_without_clipping,1.0,0,
coarse_grid,1.4,9.6,4002.887303531915,0.4195534381711547,positive_alpha_scaling_without_clipping,1.0,0,
coarse_grid,1.4,10.1,4002.7319351592073,0.4195839719948779,positive_alpha_scaling_without_clipping,1.0,0,
coarse_grid,1.4,10.13972437969778,4002.38020863361,0.4196530951731938,positive_alpha_scaling_without_clipping,1.0,0,
coarse_grid,1.4,10.6,4003.4768664536114,0.41945209325277577,positive_alpha_scaling_without_clipping,1.0,0,
coarse_grid,1.4,11.1,4003.1137442081213,0.41950730540194214,positive_alpha_scaling_without_clipping,1.0,0,
coarse_grid,1.4,11.6,4003.2030817277982,0.41953052251940054,positive_alpha_scaling_without_clipping,1.0,0,
coarse_grid,1.4,11.615206069720077,4003.0809904208872,0.4195551571913758,positive_alpha_scaling_without_clipping,1.0,0,
coarse_grid,1.4,12.1,3999.826249671677,0.4198364148742091,positive_alpha_scaling_without_clipping,1.0,0,
coarse_grid,1.4,12.6,3998.9338709590065,0.4200140619839111,positive_alpha_scaling_without_clipping,1.0,0,
coarse_grid,1.4,13.1,4002.9610023002224,0.41955826387155104,positive_alpha_scaling_without_clipping,1.0,0,
coarse_grid,1.4,13.305392433761932,4000.045396607824,0.4197933469460256,positive_alpha_scaling_without_clipping,1.0,0,
coarse_grid,1.4,13.6,4002.215567444256,0.4197070327884805,positive_alpha_scaling_without_clipping,1.0,0,
coarse_grid,1.4,14.1,3999.110619643699,0.41997932638690616,positive_alpha_scaling_without_clipping,1.0,0,
coarse_grid,1.4,14.6,4000.391873426409,0.41972525546821415,positive_alpha_scaling_without_clipping,1.0,0,
coarse_grid,1.4,15.1,4004.021380545866,0.41937034669354634,positive_alpha_scaling_without_clipping,1.0,0,
coarse_grid,1.4,15.241526216045477,3999.236549564972,0.41983104758186285,positive_alpha_scaling_without_clipping,1.0,0,
coarse_grid,1.4,15.6,3999.236549564972,0.41983104758186285,positive_alpha_scaling_without_clipping,1.0,0,
coarse_grid,1.4,16.1,4000.4210748149926,0.41971246533766454,positive_alpha_scaling_without_clipping,1.0,0,
coarse_grid,1.4,16.6,4039.550550935388,0.41203085298361963,positive_alpha_scaling_without_clipping,1.0,0,
coarse_grid,1.4,17.1,4038.2672458111297,0.4121158238617953,positive_alpha_scaling_without_clipping,1.0,0,
coarse_grid,1.4,17.459396447784496,3999.1596844058004,0.41996868213857974,positive_alpha_scaling_without_clipping,1.0,0,
coarse_grid,1.4,17.6,3998.57250041077,0.41996155007387276,positive_alpha_scaling_without_clipping,1.0,0,
coarse_grid,1.4,18.1,3999.42326984343,0.41986385680305294,positive_alpha_scaling_without_clipping,1.0,0,
coarse_grid,1.4,18.6,4039.8854244623562,0.4119248330598879,positive_alpha_scaling_without_clipping,1.0,0,
coarse_grid,1.4,19.1,4037.2565899609317,0.41237196118949976,positive_alpha_scaling_without_clipping,1.0,0,
coarse_grid,1.4,19.6,3997.42142003571,0.4201430640414791,positive_alpha_scaling_without_clipping,1.0,0,
coarse_grid,1.4,20.000000000000004,4036.693946177228,0.4124378324504239,positive_alpha_scaling_without_clipping,1.0,0,
coarse_grid,1.5999999999999999,0.1,30278.50585144997,-3.89000583545322,evaluated,,14206,
coarse_grid,1.5999999999999999,0.11455149701087121,30272.80211517096,-3.889383841535534,evaluated,,14205,
coarse_grid,1.5999999999999999,0.13122045467431637,29843.994180666305,-3.8456846143430994,evaluated,,14183,
coarse_grid,1.5999999999999999,0.1503149952139011,28470.27266673359,-3.7023700951216574,evaluated,,14027,
coarse_grid,1.5999999999999999,0.17218807724934312,23653.22841034115,-3.128388238791514,evaluated,,13202,
coarse_grid,1.5999999999999999,0.1972440201633579,16443.14235630866,-1.7417126345014533,evaluated,,12294,
coarse_grid,1.5999999999999999,0.22594597786155107,12301.167583679606,-0.9817066736659816,evaluated,,10199,
coarse_grid,1.5999999999999999,0.2588245000762584,9907.726880375605,-0.5877817736853681,evaluated,,6303,
coarse_grid,1.5999999999999999,0.29648733946825756,5151.105824956128,0.2242651454872726,evaluated,,2377,
coarse_grid,1.5999999999999999,0.3396306858085926,4735.595424588992,0.2996492375995651,evaluated,,1185,
coarse_grid,1.5999999999999999,0.3890520349020314,3996.9558317711035,0.4206895932466855,evaluated,,261,
coarse_grid,1.5999999999999999,0.445664930131534,3990.885461478112,0.42155571660423496,evaluated,,245,
coarse_grid,1.5999999999999999,0.5105158491181254,3993.8198749256208,0.4213655171941837,evaluated,,43,
coarse_grid,1.5999999999999999,0.5848035476425733,3995.67238925262,0.42091823505774156,positive_alpha_scaling_without_clipping,1.0,0,
coarse_grid,1.5999999999999999,0.6,3993.6166069809615,0.42135757670807295,positive_alpha_scaling_without_clipping,1.0,0,
coarse_grid,1.5999999999999999,0.669901218397251,3995.9467475334486,0.4208996736978917,positive_alpha_scaling_without_clipping,1.0,0,
coarse_grid,1.5999999999999999,0.7673818741681168,3995.058826856629,0.4210214244375338,positive_alpha_scaling_without_clipping,1.0,0,
coarse_grid,1.5999999999999999,0.8790474246496578,3995.0424333342003,0.4210738302073719,positive_alpha_scaling_without_clipping,1.0,0,
coarse_grid,1.5999999999999999,1.0069619843716933,3993.7249940056045,0.4213726745306084,positive_alpha_scaling_without_clipping,1.0,0,
coarse_grid,1.5999999999999999,1.1,3994.3190805518598,0.4212211555552401,positive_alpha_scaling_without_clipping,1.0,0,
coarse_grid,1.5999999999999999,1.1534900274281497,3993.4738594403743,0.42138726292944617,positive_alpha_scaling_without_clipping,1.0,0,
coarse_grid,1.5999999999999999,1.3213400942900544,3994.5318315216455,0.4212116582416475,positive_alpha_scaling_without_clipping,1.0,0,
coarse_grid,1.5999999999999999,1.5136148586141145,3994.281888003881,0.42122550720954965,positive_alpha_scaling_without_clipping,1.0,0,
coarse_grid,1.5999999999999999,1.6,3993.28685819644,0.4213888120345321,positive_alpha_scaling_without_clipping,1.0,0,
coarse_grid,1.5999999999999999,1.733868479521449,3991.500065779924,0.42172232885368355,positive_alpha_scaling_without_clipping,1.0,0,
coarse_grid,1.5999999999999999,1.9861722994914508,3993.620149688872,0.42138710962383286,positive_alpha_scaling_without_clipping,1.0,0,
coarse_grid,1.5999999999999999,2.1,3993.6838340839886,0.4213807342101444,positive_alpha_scaling_without_clipping,1.0,0,
coarse_grid,1.5999999999999999,2.2751901022827012,3993.382025806385,0.4213991242907422,positive_alpha_scaling_without_clipping,1.0,0,
coarse_grid,1.5999999999999999,2.6,3993.9779552513573,0.4212820090483858,positive_alpha_scaling_without_clipping,1.0,0,
coarse_grid,1.5999999999999999,2.6062643220080064,3992.8963647929454,0.4214637655585489,positive_alpha_scaling_without_clipping,1.0,0,
coarse_grid,1.5999999999999999,2.9855147969204046,3995.310051272149,0.42100938940107185,positive_alpha_scaling_without_clipping,1.0,0,
coarse_grid,1.5999999999999999,3.1,3994.2101203987518,0.4212396113632191,positive_alpha_scaling_without_clipping,1.0,0,
coarse_grid,1.5999999999999999,3.419951893353395,3995.852629885533,0.42094825505659567,positive_alpha_scaling_without_clipping,1.0,0,
coarse_grid,1.5999999999999999,3.6,4000.024740486008,0.42014688939336986,positive_alpha_scaling_without_clipping,1.0,0,
coarse_grid,1.5999999999999999,3.9176060908879475,3999.879867699032,0.42017552407775793,positive_alpha_scaling_without_clipping,1.0,0,
coarse_grid,1.5999999999999999,4.1,3999.7594995208574,0.4201875740772812,positive_alpha_scaling_without_clipping,1.0,0,
coarse_grid,1.5999999999999999,4.487676424101213,3999.268662401737,0.4202698297918637,positive_alpha_scaling_without_clipping,1.0,0,
coarse_grid,1.5999999999999999,4.6,4000.4231292359154,0.42007231942842965,positive_alpha_scaling_without_clipping,1.0,0,
coarse_grid,1.5999999999999999,5.1,4003.982657999244,0.4194052139841356,positive_alpha_scaling_without_clipping,1.0,0,
coarse_grid,1.5999999999999999,5.140700524811874,4005.094932567675,0.41915419164659773,positive_alpha_scaling_without_clipping,1.0,0,
coarse_grid,1.5999999999999999,5.6,4006.0132546524983,0.4189240477713292,positive_alpha_scaling_without_clipping,1.0,0,
coarse_grid,1.5999999999999999,5.8887494080177145,4003.955469931935,0.41934513376366384,positive_alpha_scaling_without_clipping,1.0,0,
coarse_grid,1.5999999999999999,6.1,4005.114222058296,0.41910171637270116,positive_alpha_scaling_without_clipping,1.0,0,
coarse_grid,1.5999999999999999,6.6,4004.259375872093,0.41925729527190386,positive_alpha_scaling_without_clipping,1.0,0,
coarse_grid,1.5999999999999999,6.745650602103109,4004.804774212079,0.4192026957104877,positive_alpha_scaling_without_clipping,1.0,0,
coarse_grid,1.5999999999999999,7.1,4004.3885644986094,0.4192762590404318,positive_alpha_scaling_without_clipping,1.0,0,
coarse_grid,1.5999999999999999,7.6,4004.787826858398,0.4192043923017867,positive_alpha_scaling_without_clipping,1.0,0,
coarse_grid,1.5999999999999999,7.727243747831959,4004.6024493157192,0.41922295035703666,positive_alpha_scaling_without_clipping,1.0,0,
coarse_grid,1.5999999999999999,8.1,4004.801002003311,0.4192030733444649,positive_alpha_scaling_without_clipping,1.0,0,
coarse_grid,1.5999999999999999,8.6,4003.903034365818,0.41936553588579834,positive_alpha_scaling_without_clipping,1.0,0,
coarse_grid,1.5999999999999999,8.851673390820459,4004.0322140023873,0.41934014881259374,positive_alpha_scaling_without_clipping,1.0,0,
coarse_grid,1.5999999999999999,9.1,4003.7434608621866,0.41939970069349786,positive_alpha_scaling_without_clipping,1.0,0,
coarse_grid,1.5999999999999999,9.6,4002.887303531915,0.4195534381711547,positive_alpha_scaling_without_clipping,1.0,0,
coarse_grid,1.5999999999999999,10.1,4002.7319351592073,0.4195839719948779,positive_alpha_scaling_without_clipping,1.0,0,
coarse_grid,1.5999999999999999,10.13972437969778,4002.38020863361,0.4196530951731938,positive_alpha_scaling_without_clipping,1.0,0,
coarse_grid,1.5999999999999999,10.6,4003.4768664536114,0.41945209325277577,positive_alpha_scaling_without_clipping,1.0,0,
coarse_grid,1.5999999999999999,11.1,4003.1137442081213,0.41950730540194214,positive_alpha_scaling_without_clipping,1.0,0,
coarse_grid,1.5999999999999999,11.6,4003.2030817277982,0.41953052251940054,positive_alpha_scaling_without_clipping,1.0,0,
coarse_grid,1.5999999999999999,11.615206069720077,4003.0809904208872,0.4195551571913758,positive_alpha_scaling_without_clipping,1.0,0,
coarse_grid,1.5999999999999999,12.1,3999.826249671677,0.4198364148742091,positive_alpha_scaling_without_clipping,1.0,0,
coarse_grid,1.5999999999999999,12.6,3998.9338709590065,0.4200140619839111,positive_alpha_scaling_without_clipping,1.0,0,
coarse_grid,1.5999999999999999,13.1,4002.9610023002224,0.41955826387155104,positive_alpha_scaling_without_clipping,1.0,0,
coarse_grid,1.5999999999999999,13.305392433761932,4000.045396607824,0.4197933469460256,positive_alpha_scaling_without_clipping,1.0,0,
coarse_grid,1.5999999999999999,13.6,4002.215567444256,0.4197070327884805,positive_alpha_scaling_without_clipping,1.0,0,
coarse_grid,1.5999999999999999,14.1,3999.110619643699,0.41997932638690616,positive_alpha_scaling_without_clipping,1.0,0,
coarse_grid,1.5999999999999999,14.6,4000.391873426409,0.41972525546821415,positive_alpha_scaling_without_clipping,1.0,0,
coarse_grid,1.5999999999999999,15.1,4004.021380545866,0.41937034669354634,positive_alpha_scaling_without_clipping,1.0,0,
coarse_grid,1.5999999999999999,15.241526216045477,3999.236549564972,0.41983104758186285,positive_alpha_scaling_without_clipping,1.0,0,
coarse_grid,1.5999999999999999,15.6,3999.236549564972,0.41983104758186285,positive_alpha_scaling_without_clipping,1.0,0,
coarse_grid,1.5999999999999999,16.1,4000.4210748149926,0.41971246533766454,positive_alpha_scaling_without_clipping,1.0,0,
coarse_grid,1.5999999999999999,16.6,4039.550550935388,0.41203085298361963,positive_alpha_scaling_without_clipping,1.0,0,
coarse_grid,1.5999999999999999,17.1,4038.2672458111297,0.4121158238617953,positive_alpha_scaling_without_clipping,1.0,0,
coarse_grid,1.5999999999999999,17.459396447784496,3999.1596844058004,0.41996868213857974,positive_alpha_scaling_without_clipping,1.0,0,
coarse_grid,1.5999999999999999,17.6,3998.57250041077,0.41996155007387276,positive_alpha_scaling_without_clipping,1.0,0,
coarse_grid,1.5999999999999999,18.1,3999.42326984343,0.41986385680305294,positive_alpha_scaling_without_clipping,1.0,0,
coarse_grid,1.5999999999999999,18.6,4039.8854244623562,0.4119248330598879,positive_alpha_scaling_without_clipping,1.0,0,
coarse_grid,1.5999999999999999,19.1,4037.2565899609317,0.41237196118949976,positive_alpha_scaling_without_clipping,1.0,0,
coarse_grid,1.5999999999999999,19.6,3997.42142003571,0.4201430640414791,positive_alpha_scaling_without_clipping,1.0,0,
coarse_grid,1.5999999999999999,20.000000000000004,4036.693946177228,0.4124378324504239,positive_alpha_scaling_without_clipping,1.0,0,
coarse_grid,1.7999999999999998,0.1,30278.71394280999,-3.890046730680443,evaluated,,14206,
coarse_grid,1.7999999999999998,0.11455149701087121,30278.47543836652,-3.88999985851137,evaluated,,14206,
coarse_grid,1.7999999999999998,0.13122045467431637,30266.236678952715,-3.8887100394368357,evaluated,,14204,
coarse_grid,1.7999999999999998,0.1503149952139011,29808.129068961825,-3.841896632605285,evaluated,,14178,
coarse_grid,1.7999999999999998,0.17218807724934312,27597.74371761838,-3.5702430138667527,evaluated,,13934,
coarse_grid,1.7999999999999998,0.1972440201633579,23465.23026599125,-3.0989330777651625,evaluated,,13093,
coarse_grid,1.7999999999999998,0.22594597786155107,15776.055680827134,-1.6144025274331475,evaluated,,12154,
coarse_grid,1.7999999999999998,0.2588245000762584,11964.404386831982,-0.9242826734727161,evaluated,,9725,
coarse_grid,1.7999999999999998,0.29648733946825756,8586.579445712086,-0.35478062922425113,evaluated,,4964,
coarse_grid,1.7999999999999998,0.3396306858085926,5086.383180439639,0.2356780744935636,evaluated,,2248,
coarse_grid,1.7999999999999998,0.3890520349020314,4725.2458716771525,0.30169714122974717,evaluated,,1080,
coarse_grid,1.7999999999999998,0.445664930131534,3994.941697945983,0.42114505053320694,evaluated,,250,
coarse_grid,1.7999999999999998,0.5105158491181254,3990.3953952191423,0.4216607582989883,evaluated,,237,
coarse_grid,1.7999999999999998,0.5848035476425733,3992.2062971564656,0.42130241789887307,evaluated,,2,
coarse_grid,1.7999999999999998,0.6,3993.6166069809615,0.42135757670807295,positive_alpha_scaling_without_clipping,1.0,0,
coarse_grid,1.7999999999999998,0.669901218397251,3995.9467475334486,0.4208996736978917,positive_alpha_scaling_without_clipping,1.0,0,
coarse_grid,1.7999999999999998,0.7673818741681168,3995.058826856629,0.4210214244375338,positive_alpha_scaling_without_clipping,1.0,0,
coarse_grid,1.7999999999999998,0.8790474246496578,3995.0424333342003,0.4210738302073719,positive_alpha_scaling_without_clipping,1.0,0,
coarse_grid,1.7999999999999998,1.0069619843716933,3993.7249940056045,0.4213726745306084,positive_alpha_scaling_without_clipping,1.0,0,
coarse_grid,1.7999999999999998,1.1,3994.3190805518598,0.4212211555552401,positive_alpha_scaling_without_clipping,1.0,0,
coarse_grid,1.7999999999999998,1.1534900274281497,3993.4738594403743,0.42138726292944617,positive_alpha_scaling_without_clipping,1.0,0,
coarse_grid,1.7999999999999998,1.3213400942900544,3994.5318315216455,0.4212116582416475,positive_alpha_scaling_without_clipping,1.0,0,
coarse_grid,1.7999999999999998,1.5136148586141145,3994.281888003881,0.42122550720954965,positive_alpha_scaling_without_clipping,1.0,0,
coarse_grid,1.7999999999999998,1.6,3993.28685819644,0.4213888120345321,positive_alpha_scaling_without_clipping,1.0,0,
coarse_grid,1.7999999999999998,1.733868479521449,3991.500065779924,0.42172232885368355,positive_alpha_scaling_without_clipping,1.0,0,
coarse_grid,1.7999999999999998,1.9861722994914508,3993.620149688872,0.42138710962383286,positive_alpha_scaling_without_clipping,1.0,0,
coarse_grid,1.7999999999999998,2.1,3993.6838340839886,0.4213807342101444,positive_alpha_scaling_without_clipping,1.0,0,
coarse_grid,1.7999999999999998,2.2751901022827012,3993.382025806385,0.4213991242907422,positive_alpha_scaling_without_clipping,1.0,0,
coarse_grid,1.7999999999999998,2.6,3993.9779552513573,0.4212820090483858,positive_alpha_scaling_without_clipping,1.0,0,
coarse_grid,1.7999999999999998,2.6062643220080064,3992.8963647929454,0.4214637655585489,positive_alpha_scaling_without_clipping,1.0,0,
coarse_grid,1.7999999999999998,2.9855147969204046,3995.310051272149,0.42100938940107185,positive_alpha_scaling_without_clipping,1.0,0,
coarse_grid,1.7999999999999998,3.1,3994.2101203987518,0.4212396113632191,positive_alpha_scaling_without_clipping,1.0,0,
coarse_grid,1.7999999999999998,3.419951893353395,3995.852629885533,0.42094825505659567,positive_alpha_scaling_without_clipping,1.0,0,
coarse_grid,1.7999999999999998,3.6,4000.024740486008,0.42014688939336986,positive_alpha_scaling_without_clipping,1.0,0,
coarse_grid,1.7999999999999998,3.9176060908879475,3999.879867699032,0.42017552407775793,positive_alpha_scaling_without_clipping,1.0,0,
coarse_grid,1.7999999999999998,4.1,3999.7594995208574,0.4201875740772812,positive_alpha_scaling_without_clipping,1.0,0,
coarse_grid,1.7999999999999998,4.487676424101213,3999.268662401737,0.4202698297918637,positive_alpha_scaling_without_clipping,1.0,0,
coarse_grid,1.7999999999999998,4.6,4000.4231292359154,0.42007231942842965,positive_alpha_scaling_without_clipping,1.0,0,
coarse_grid,1.7999999999999998,5.1,4003.982657999244,0.4194052139841356,positive_alpha_scaling_without_clipping,1.0,0,
coarse_grid,1.7999999999999998,5.140700524811874,4005.094932567675,0.41915419164659773,positive_alpha_scaling_without_clipping,1.0,0,
coarse_grid,1.7999999999999998,5.6,4006.0132546524983,0.4189240477713292,positive_alpha_scaling_without_clipping,1.0,0,
coarse_grid,1.7999999999999998,5.8887494080177145,4003.955469931935,0.41934513376366384,positive_alpha_scaling_without_clipping,1.0,0,
coarse_grid,1.7999999999999998,6.1,4005.114222058296,0.41910171637270116,positive_alpha_scaling_without_clipping,1.0,0,
coarse_grid,1.7999999999999998,6.6,4004.259375872093,0.41925729527190386,positive_alpha_scaling_without_clipping,1.0,0,
coarse_grid,1.7999999999999998,6.745650602103109,4004.804774212079,0.4192026957104877,positive_alpha_scaling_without_clipping,1.0,0,
coarse_grid,1.7999999999999998,7.1,4004.3885644986094,0.4192762590404318,positive_alpha_scaling_without_clipping,1.0,0,
coarse_grid,1.7999999999999998,7.6,4004.787826858398,0.4192043923017867,positive_alpha_scaling_without_clipping,1.0,0,
coarse_grid,1.7999999999999998,7.727243747831959,4004.6024493157192,0.41922295035703666,positive_alpha_scaling_without_clipping,1.0,0,
coarse_grid,1.7999999999999998,8.1,4004.801002003311,0.4192030733444649,positive_alpha_scaling_without_clipping,1.0,0,
coarse_grid,1.7999999999999998,8.6,4003.903034365818,0.41936553588579834,positive_alpha_scaling_without_clipping,1.0,0,
coarse_grid,1.7999999999999998,8.851673390820459,4004.0322140023873,0.41934014881259374,positive_alpha_scaling_without_clipping,1.0,0,
coarse_grid,1.7999999999999998,9.1,4003.7434608621866,0.41939970069349786,positive_alpha_scaling_without_clipping,1.0,0,
coarse_grid,1.7999999999999998,9.6,4002.887303531915,0.4195534381711547,positive_alpha_scaling_without_clipping,1.0,0,
coarse_grid,1.7999999999999998,10.1,4002.7319351592073,0.4195839719948779,positive_alpha_scaling_without_clipping,1.0,0,
coarse_grid,1.7999999999999998,10.13972437969778,4002.38020863361,0.4196530951731938,positive_alpha_scaling_without_clipping,1.0,0,
coarse_grid,1.7999999999999998,10.6,4003.4768664536114,0.41945209325277577,positive_alpha_scaling_without_clipping,1.0,0,
coarse_grid,1.7999999999999998,11.1,4003.1137442081213,0.41950730540194214,positive_alpha_scaling_without_clipping,1.0,0,
coarse_grid,1.7999999999999998,11.6,4003.2030817277982,0.41953052251940054,positive_alpha_scaling_without_clipping,1.0,0,
coarse_grid,1.7999999999999998,11.615206069720077,4003.0809904208872,0.4195551571913758,positive_alpha_scaling_without_clipping,1.0,0,
coarse_grid,1.7999999999999998,12.1,3999.826249671677,0.4198364148742091,positive_alpha_scaling_without_clipping,1.0,0,
coarse_grid,1.7999999999999998,12.6,3998.9338709590065,0.4200140619839111,positive_alpha_scaling_without_clipping,1.0,0,
coarse_grid,1.7999999999999998,13.1,4002.9610023002224,0.41955826387155104,positive_alpha_scaling_without_clipping,1.0,0,
coarse_grid,1.7999999999999998,13.305392433761932,4000.045396607824,0.4197933469460256,positive_alpha_scaling_without_clipping,1.0,0,
coarse_grid,1.7999999999999998,13.6,4002.215567444256,0.4197070327884805,positive_alpha_scaling_without_clipping,1.0,0,
coarse_grid,1.7999999999999998,14.1,3999.110619643699,0.41997932638690616,positive_alpha_scaling_without_clipping,1.0,0,
coarse_grid,1.7999999999999998,14.6,4000.391873426409,0.41972525546821415,positive_alpha_scaling_without_clipping,1.0,0,
coarse_grid,1.7999999999999998,15.1,4004.021380545866,0.41937034669354634,positive_alpha_scaling_without_clipping,1.0,0,
coarse_grid,1.7999999999999998,15.241526216045477,3999.236549564972,0.41983104758186285,positive_alpha_scaling_without_clipping,1.0,0,
coarse_grid,1.7999999999999998,15.6,3999.236549564972,0.41983104758186285,positive_alpha_scaling_without_clipping,1.0,0,
coarse_grid,1.7999999999999998,16.1,4000.4210748149926,0.41971246533766454,positive_alpha_scaling_without_clipping,1.0,0,
coarse_grid,1.7999999999999998,16.6,4039.550550935388,0.41203085298361963,positive_alpha_scaling_without_clipping,1.0,0,
coarse_grid,1.7999999999999998,17.1,4038.2672458111297,0.4121158238617953,positive_alpha_scaling_without_clipping,1.0,0,
coarse_grid,1.7999999999999998,17.459396447784496,3999.1596844058004,0.41996868213857974,positive_alpha_scaling_without_clipping,1.0,0,
coarse_grid,1.7999999999999998,17.6,3998.57250041077,0.41996155007387276,positive_alpha_scaling_without_clipping,1.0,0,
coarse_grid,1.7999999999999998,18.1,3999.42326984343,0.41986385680305294,positive_alpha_scaling_without_clipping,1.0,0,
coarse_grid,1.7999999999999998,18.6,4039.8854244623562,0.4119248330598879,positive_alpha_scaling_without_clipping,1.0,0,
coarse_grid,1.7999999999999998,19.1,4037.2565899609317,0.41237196118949976,positive_alpha_scaling_without_clipping,1.0,0,
coarse_grid,1.7999999999999998,19.6,3997.42142003571,0.4201430640414791,positive_alpha_scaling_without_clipping,1.0,0,
coarse_grid,1.7999999999999998,20.000000000000004,4036.693946177228,0.4124378324504239,positive_alpha_scaling_without_clipping,1.0,0,
coarse_grid,1.9999999999999998,0.1,30278.914107159653,-3.890086068049187,evaluated,,14206,
coarse_grid,1.9999999999999998,0.11455149701087121,30278.658446926005,-3.8900358243324558,evaluated,,14206,
coarse_grid,1.9999999999999998,0.13122045467431637,30278.425046479795,-3.889989955228227,evaluated,,14206,
coarse_grid,1.9999999999999998,0.1503149952139011,30252.823424098515,-3.887326945231692,evaluated,,14202,
coarse_grid,1.9999999999999998,0.17218807724934312,29230.60141053755,-3.7834382923986807,evaluated,,14121,
coarse_grid,1.9999999999999998,0.1972440201633579,24722.268222715,-3.260197436704333,evaluated,,13681,
coarse_grid,1.9999999999999998,0.22594597786155107,23315.618004968717,-3.069643272578129,evaluated,,13088,
coarse_grid,1.9999999999999998,0.2588245000762584,14099.345519735569,-1.2946226400943275,evaluated,,11703,
coarse_grid,1.9999999999999998,0.29648733946825756,10900.265162202202,-0.7357483774490698,evaluated,,8794,
coarse_grid,1.9999999999999998,0.3396306858085926,7482.319142517532,-0.17198186686719913,evaluated,,4183,
coarse_grid,1.9999999999999998,0.3890520349020314,4806.035818593977,0.28581986868858306,evaluated,,1812,
coarse_grid,1.9999999999999998,0.445664930131534,4587.200378709533,0.32884268155545204,evaluated,,744,
coarse_grid,1.9999999999999998,0.5105158491181254,3993.6995067474463,0.4213775671937069,evaluated,,248,
coarse_grid,1.9999999999999998,0.5848035476425733,3995.67238925262,0.42091823505774156,evaluated,,191,
coarse_grid,1.9999999999999998,0.6,3993.6166069809615,0.42135757670807295,evaluated,,136,
coarse_grid,1.9999999999999998,0.669901218397251,3995.9467475334486,0.4208996736978917,positive_alpha_scaling_without_clipping,1.0,0,
coarse_grid,1.9999999999999998,0.7673818741681168,3995.058826856629,0.4210214244375338,positive_alpha_scaling_without_clipping,1.0,0,
coarse_grid,1.9999999999999998,0.8790474246496578,3995.0424333342003,0.4210738302073719,positive_alpha_scaling_without_clipping,1.0,0,
coarse_grid,1.9999999999999998,1.0069619843716933,3993.7249940056045,0.4213726745306084,positive_alpha_scaling_without_clipping,1.0,0,
coarse_grid,1.9999999999999998,1.1,3994.3190805518598,0.4212211555552401,positive_alpha_scaling_without_clipping,1.0,0,
coarse_grid,1.9999999999999998,1.1534900274281497,3993.4738594403743,0.42138726292944617,positive_alpha_scaling_without_clipping,1.0,0,
coarse_grid,1.9999999999999998,1.3213400942900544,3994.5318315216455,0.4212116582416475,positive_alpha_scaling_without_clipping,1.0,0,
coarse_grid,1.9999999999999998,1.5136148586141145,3994.281888003881,0.42122550720954965,positive_alpha_scaling_without_clipping,1.0,0,
coarse_grid,1.9999999999999998,1.6,3993.28685819644,0.4213888120345321,positive_alpha_scaling_without_clipping,1.0,0,
coarse_grid,1.9999999999999998,1.733868479521449,3991.500065779924,0.42172232885368355,positive_alpha_scaling_without_clipping,1.0,0,
coarse_grid,1.9999999999999998,1.9861722994914508,3993.620149688872,0.42138710962383286,positive_alpha_scaling_without_clipping,1.0,0,
coarse_grid,1.9999999999999998,2.1,3993.6838340839886,0.4213807342101444,positive_alpha_scaling_without_clipping,1.0,0,
coarse_grid,1.9999999999999998,2.2751901022827012,3993.382025806385,0.4213991242907422,positive_alpha_scaling_without_clipping,1.0,0,
coarse_grid,1.9999999999999998,2.6,3993.9779552513573,0.4212820090483858,positive_alpha_scaling_without_clipping,1.0,0,
coarse_grid,1.9999999999999998,2.6062643220080064,3992.8963647929454,0.4214637655585489,positive_alpha_scaling_without_clipping,1.0,0,
coarse_grid,1.9999999999999998,2.9855147969204046,3995.310051272149,0.42100938940107185,positive_alpha_scaling_without_clipping,1.0,0,
coarse_grid,1.9999999999999998,3.1,3994.2101203987518,0.4212396113632191,positive_alpha_scaling_without_clipping,1.0,0,
coarse_grid,1.9999999999999998,3.419951893353395,3995.852629885533,0.42094825505659567,positive_alpha_scaling_without_clipping,1.0,0,
coarse_grid,1.9999999999999998,3.6,4000.024740486008,0.42014688939336986,positive_alpha_scaling_without_clipping,1.0,0,
coarse_grid,1.9999999999999998,3.9176060908879475,3999.879867699032,0.42017552407775793,positive_alpha_scaling_without_clipping,1.0,0,
coarse_grid,1.9999999999999998,4.1,3999.7594995208574,0.4201875740772812,positive_alpha_scaling_without_clipping,1.0,0,
coarse_grid,1.9999999999999998,4.487676424101213,3999.268662401737,0.4202698297918637,positive_alpha_scaling_without_clipping,1.0,0,
coarse_grid,1.9999999999999998,4.6,4000.4231292359154,0.42007231942842965,positive_alpha_scaling_without_clipping,1.0,0,
coarse_grid,1.9999999999999998,5.1,4003.982657999244,0.4194052139841356,positive_alpha_scaling_without_clipping,1.0,0,
coarse_grid,1.9999999999999998,5.140700524811874,4005.094932567675,0.41915419164659773,positive_alpha_scaling_without_clipping,1.0,0,
coarse_grid,1.9999999999999998,5.6,4006.0132546524983,0.4189240477713292,positive_alpha_scaling_without_clipping,1.0,0,
coarse_grid,1.9999999999999998,5.8887494080177145,4003.955469931935,0.41934513376366384,positive_alpha_scaling_without_clipping,1.0,0,
coarse_grid,1.9999999999999998,6.1,4005.114222058296,0.41910171637270116,positive_alpha_scaling_without_clipping,1.0,0,
coarse_grid,1.9999999999999998,6.6,4004.259375872093,0.41925729527190386,positive_alpha_scaling_without_clipping,1.0,0,
coarse_grid,1.9999999999999998,6.745650602103109,4004.804774212079,0.4192026957104877,positive_alpha_scaling_without_clipping,1.0,0,
coarse_grid,1.9999999999999998,7.1,4004.3885644986094,0.4192762590404318,positive_alpha_scaling_without_clipping,1.0,0,
coarse_grid,1.9999999999999998,7.6,4004.787826858398,0.4192043923017867,positive_alpha_scaling_without_clipping,1.0,0,
coarse_grid,1.9999999999999998,7.727243747831959,4004.6024493157192,0.41922295035703666,positive_alpha_scaling_without_clipping,1.0,0,
coarse_grid,1.9999999999999998,8.1,4004.801002003311,0.4192030733444649,positive_alpha_scaling_without_clipping,1.0,0,
coarse_grid,1.9999999999999998,8.6,4003.903034365818,0.41936553588579834,positive_alpha_scaling_without_clipping,1.0,0,
coarse_grid,1.9999999999999998,8.851673390820459,4004.0322140023873,0.41934014881259374,positive_alpha_scaling_without_clipping,1.0,0,
coarse_grid,1.9999999999999998,9.1,4003.7434608621866,0.41939970069349786,positive_alpha_scaling_without_clipping,1.0,0,
coarse_grid,1.9999999999999998,9.6,4002.887303531915,0.4195534381711547,positive_alpha_scaling_without_clipping,1.0,0,
coarse_grid,1.9999999999999998,10.1,4002.7319351592073,0.4195839719948779,positive_alpha_scaling_without_clipping,1.0,0,
coarse_grid,1.9999999999999998,10.13972437969778,4002.38020863361,0.4196530951731938,positive_alpha_scaling_without_clipping,1.0,0,
coarse_grid,1.9999999999999998,10.6,4003.4768664536114,0.41945209325277577,positive_alpha_scaling_without_clipping,1.0,0,
coarse_grid,1.9999999999999998,11.1,4003.1137442081213,0.41950730540194214,positive_alpha_scaling_without_clipping,1.0,0,
coarse_grid,1.9999999999999998,11.6,4003.2030817277982,0.41953052251940054,positive_alpha_scaling_without_clipping,1.0,0,
coarse_grid,1.9999999999999998,11.615206069720077,4003.0809904208872,0.4195551571913758,positive_alpha_scaling_without_clipping,1.0,0,
coarse_grid,1.9999999999999998,12.1,3999.826249671677,0.4198364148742091,positive_alpha_scaling_without_clipping,1.0,0,
coarse_grid,1.9999999999999998,12.6,3998.9338709590065,0.4200140619839111,positive_alpha_scaling_without_clipping,1.0,0,
coarse_grid,1.9999999999999998,13.1,4002.9610023002224,0.41955826387155104,positive_alpha_scaling_without_clipping,1.0,0,
coarse_grid,1.9999999999999998,13.305392433761932,4000.045396607824,0.4197933469460256,positive_alpha_scaling_without_clipping,1.0,0,
coarse_grid,1.9999999999999998,13.6,4002.215567444256,0.4197070327884805,positive_alpha_scaling_without_clipping,1.0,0,
coarse_grid,1.9999999999999998,14.1,3999.110619643699,0.41997932638690616,positive_alpha_scaling_without_clipping,1.0,0,
coarse_grid,1.9999999999999998,14.6,4000.391873426409,0.41972525546821415,positive_alpha_scaling_without_clipping,1.0,0,
coarse_grid,1.9999999999999998,15.1,4004.021380545866,0.41937034669354634,positive_alpha_scaling_without_clipping,1.0,0,
coarse_grid,1.9999999999999998,15.241526216045477,3999.236549564972,0.41983104758186285,positive_alpha_scaling_without_clipping,1.0,0,
coarse_grid,1.9999999999999998,15.6,3999.236549564972,0.41983104758186285,positive_alpha_scaling_without_clipping,1.0,0,
coarse_grid,1.9999999999999998,16.1,4000.4210748149926,0.41971246533766454,positive_alpha_scaling_without_clipping,1.0,0,
coarse_grid,1.9999999999999998,16.6,4039.550550935388,0.41203085298361963,positive_alpha_scaling_without_clipping,1.0,0,
coarse_grid,1.9999999999999998,17.1,4038.2672458111297,0.4121158238617953,positive_alpha_scaling_without_clipping,1.0,0,
coarse_grid,1.9999999999999998,17.459396447784496,3999.1596844058004,0.41996868213857974,positive_alpha_scaling_without_clipping,1.0,0,
coarse_grid,1.9999999999999998,17.6,3998.57250041077,0.41996155007387276,positive_alpha_scaling_without_clipping,1.0,0,
coarse_grid,1.9999999999999998,18.1,3999.42326984343,0.41986385680305294,positive_alpha_scaling_without_clipping,1.0,0,
coarse_grid,1.9999999999999998,18.6,4039.8854244623562,0.4119248330598879,positive_alpha_scaling_without_clipping,1.0,0,
coarse_grid,1.9999999999999998,19.1,4037.2565899609317,0.41237196118949976,positive_alpha_scaling_without_clipping,1.0,0,
coarse_grid,1.9999999999999998,19.6,3997.42142003571,0.4201430640414791,positive_alpha_scaling_without_clipping,1.0,0,
coarse_grid,1.9999999999999998,20.000000000000004,4036.693946177228,0.4124378324504239,positive_alpha_scaling_without_clipping,1.0,0,
coarse_grid,2.1999999999999997,0.1,30279.105693359386,-3.8901237195940173,evaluated,,14207,
coarse_grid,2.1999999999999997,0.11455149701087121,30278.83556381635,-3.890070632291205,evaluated,,14206,
coarse_grid,2.1999999999999997,0.13122045467431637,30278.586404413058,-3.890021666152431,evaluated,,14206,
coarse_grid,2.1999999999999997,0.1503149952139011,30273.090865265738,-3.8894405882487835,evaluated,,14205,
coarse_grid,2.1999999999999997,0.17218807724934312,29862.2934404641,-3.8479576772213906,evaluated,,14186,
coarse_grid,2.1999999999999997,0.1972440201633579,28740.176175715715,-3.7322957799811274,evaluated,,14077,
coarse_grid,2.1999999999999997,0.22594597786155107,24593.936939159164,-3.236835296781864,evaluated,,13667,
coarse_grid,2.1999999999999997,0.2588245000762584,18984.74369882264,-2.2352266389851607,evaluated,,12506,
coarse_grid,2.1999999999999997,0.29648733946825756,13321.987116589578,-1.1565815066315448,evaluated,,10997,
coarse_grid,2.1999999999999997,0.3396306858085926,10715.287698665703,-0.7139621006069985,evaluated,,7760,
coarse_grid,2.1999999999999997,0.3890520349020314,5707.32341591671,0.1292824596658808,evaluated,,3072,
coarse_grid,2.1999999999999997,0.445664930131534,4805.819872716829,0.28588209704271184,evaluated,,1628,
coarse_grid,2.1999999999999997,0.5105158491181254,4016.965435257841,0.41786122163243616,evaluated,,403,
coarse_grid,2.1999999999999997,0.5848035476425733,3994.8281778349456,0.4210841440015188,evaluated,,248,
coarse_grid,2.1999999999999997,0.6,3993.6166069809615,0.42135757670807295,evaluated,,247,
coarse_grid,2.1999999999999997,0.669901218397251,3995.972115699514,0.4208971341031781,evaluated,,115,
coarse_grid,2.1999999999999997,0.7673818741681168,3995.058826856629,0.4210214244375338,positive_alpha_scaling_without_clipping,1.0,0,
coarse_grid,2.1999999999999997,0.8790474246496578,3995.0424333342003,0.4210738302073719,positive_alpha_scaling_without_clipping,1.0,0,
coarse_grid,2.1999999999999997,1.0069619843716933,3993.7249940056045,0.4213726745306084,positive_alpha_scaling_without_clipping,1.0,0,
coarse_grid,2.1999999999999997,1.1,3994.3190805518598,0.4212211555552401,positive_alpha_scaling_without_clipping,1.0,0,
coarse_grid,2.1999999999999997,1.1534900274281497,3993.4738594403743,0.42138726292944617,positive_alpha_scaling_without_clipping,1.0,0,
coarse_grid,2.1999999999999997,1.3213400942900544,3994.5318315216455,0.4212116582416475,positive_alpha_scaling_without_clipping,1.0,0,
coarse_grid,2.1999999999999997,1.5136148586141145,3994.281888003881,0.42122550720954965,positive_alpha_scaling_without_clipping,1.0,0,
coarse_grid,2.1999999999999997,1.6,3993.28685819644,0.4213888120345321,positive_alpha_scaling_without_clipping,1.0,0,
coarse_grid,2.1999999999999997,1.733868479521449,3991.500065779924,0.42172232885368355,positive_alpha_scaling_without_clipping,1.0,0,
coarse_grid,2.1999999999999997,1.9861722994914508,3993.620149688872,0.42138710962383286,positive_alpha_scaling_without_clipping,1.0,0,
coarse_grid,2.1999999999999997,2.1,3993.6838340839886,0.4213807342101444,positive_alpha_scaling_without_clipping,1.0,0,
coarse_grid,2.1999999999999997,2.2751901022827012,3993.382025806385,0.4213991242907422,positive_alpha_scaling_without_clipping,1.0,0,
coarse_grid,2.1999999999999997,2.6,3993.9779552513573,0.4212820090483858,positive_alpha_scaling_without_clipping,1.0,0,
coarse_grid,2.1999999999999997,2.6062643220080064,3992.8963647929454,0.4214637655585489,positive_alpha_scaling_without_clipping,1.0,0,
coarse_grid,2.1999999999999997,2.9855147969204046,3995.310051272149,0.42100938940107185,positive_alpha_scaling_without_clipping,1.0,0,
coarse_grid,2.1999999999999997,3.1,3994.2101203987518,0.4212396113632191,positive_alpha_scaling_without_clipping,1.0,0,
coarse_grid,2.1999999999999997,3.419951893353395,3995.852629885533,0.42094825505659567,positive_alpha_scaling_without_clipping,1.0,0,
coarse_grid,2.1999999999999997,3.6,4000.024740486008,0.42014688939336986,positive_alpha_scaling_without_clipping,1.0,0,
coarse_grid,2.1999999999999997,3.9176060908879475,3999.879867699032,0.42017552407775793,positive_alpha_scaling_without_clipping,1.0,0,
coarse_grid,2.1999999999999997,4.1,3999.7594995208574,0.4201875740772812,positive_alpha_scaling_without_clipping,1.0,0,
coarse_grid,2.1999999999999997,4.487676424101213,3999.268662401737,0.4202698297918637,positive_alpha_scaling_without_clipping,1.0,0,
coarse_grid,2.1999999999999997,4.6,4000.4231292359154,0.42007231942842965,positive_alpha_scaling_without_clipping,1.0,0,
coarse_grid,2.1999999999999997,5.1,4003.982657999244,0.4194052139841356,positive_alpha_scaling_without_clipping,1.0,0,
coarse_grid,2.1999999999999997,5.140700524811874,4005.094932567675,0.41915419164659773,positive_alpha_scaling_without_clipping,1.0,0,
coarse_grid,2.1999999999999997,5.6,4006.0132546524983,0.4189240477713292,positive_alpha_scaling_without_clipping,1.0,0,
coarse_grid,2.1999999999999997,5.8887494080177145,4003.955469931935,0.41934513376366384,positive_alpha_scaling_without_clipping,1.0,0,
coarse_grid,2.1999999999999997,6.1,4005.114222058296,0.41910171637270116,positive_alpha_scaling_without_clipping,1.0,0,
coarse_grid,2.1999999999999997,6.6,4004.259375872093,0.41925729527190386,positive_alpha_scaling_without_clipping,1.0,0,
coarse_grid,2.1999999999999997,6.745650602103109,4004.804774212079,0.4192026957104877,positive_alpha_scaling_without_clipping,1.0,0,
coarse_grid,2.1999999999999997,7.1,4004.3885644986094,0.4192762590404318,positive_alpha_scaling_without_clipping,1.0,0,
coarse_grid,2.1999999999999997,7.6,4004.787826858398,0.4192043923017867,positive_alpha_scaling_without_clipping,1.0,0,
coarse_grid,2.1999999999999997,7.727243747831959,4004.6024493157192,0.41922295035703666,positive_alpha_scaling_without_clipping,1.0,0,
coarse_grid,2.1999999999999997,8.1,4004.801002003311,0.4192030733444649,positive_alpha_scaling_without_clipping,1.0,0,
coarse_grid,2.1999999999999997,8.6,4003.903034365818,0.41936553588579834,positive_alpha_scaling_without_clipping,1.0,0,
coarse_grid,2.1999999999999997,8.851673390820459,4004.0322140023873,0.41934014881259374,positive_alpha_scaling_without_clipping,1.0,0,
coarse_grid,2.1999999999999997,9.1,4003.7434608621866,0.41939970069349786,positive_alpha_scaling_without_clipping,1.0,0,
coarse_grid,2.1999999999999997,9.6,4002.887303531915,0.4195534381711547,positive_alpha_scaling_without_clipping,1.0,0,
coarse_grid,2.1999999999999997,10.1,4002.7319351592073,0.4195839719948779,positive_alpha_scaling_without_clipping,1.0,0,
coarse_grid,2.1999999999999997,10.13972437969778,4002.38020863361,0.4196530951731938,positive_alpha_scaling_without_clipping,1.0,0,
coarse_grid,2.1999999999999997,10.6,4003.4768664536114,0.41945209325277577,positive_alpha_scaling_without_clipping,1.0,0,
coarse_grid,2.1999999999999997,11.1,4003.1137442081213,0.41950730540194214,positive_alpha_scaling_without_clipping,1.0,0,
coarse_grid,2.1999999999999997,11.6,4003.2030817277982,0.41953052251940054,positive_alpha_scaling_without_clipping,1.0,0,
coarse_grid,2.1999999999999997,11.615206069720077,4003.0809904208872,0.4195551571913758,positive_alpha_scaling_without_clipping,1.0,0,
coarse_grid,2.1999999999999997,12.1,3999.826249671677,0.4198364148742091,positive_alpha_scaling_without_clipping,1.0,0,
coarse_grid,2.1999999999999997,12.6,3998.9338709590065,0.4200140619839111,positive_alpha_scaling_without_clipping,1.0,0,
coarse_grid,2.1999999999999997,13.1,4002.9610023002224,0.41955826387155104,positive_alpha_scaling_without_clipping,1.0,0,
coarse_grid,2.1999999999999997,13.305392433761932,4000.045396607824,0.4197933469460256,positive_alpha_scaling_without_clipping,1.0,0,
coarse_grid,2.1999999999999997,13.6,4002.215567444256,0.4197070327884805,positive_alpha_scaling_without_clipping,1.0,0,
coarse_grid,2.1999999999999997,14.1,3999.110619643699,0.41997932638690616,positive_alpha_scaling_without_clipping,1.0,0,
coarse_grid,2.1999999999999997,14.6,4000.391873426409,0.41972525546821415,positive_alpha_scaling_without_clipping,1.0,0,
coarse_grid,2.1999999999999997,15.1,4004.021380545866,0.41937034669354634,positive_alpha_scaling_without_clipping,1.0,0,
coarse_grid,2.1999999999999997,15.241526216045477,3999.236549564972,0.41983104758186285,positive_alpha_scaling_without_clipping,1.0,0,
coarse_grid,2.1999999999999997,15.6,3999.236549564972,0.41983104758186285,positive_alpha_scaling_without_clipping,1.0,0,
coarse_grid,2.1999999999999997,16.1,4000.4210748149926,0.41971246533766454,positive_alpha_scaling_without_clipping,1.0,0,
coarse_grid,2.1999999999999997,16.6,4039.550550935388,0.41203085298361963,positive_alpha_scaling_without_clipping,1.0,0,
coarse_grid,2.1999999999999997,17.1,4038.2672458111297,0.4121158238617953,positive_alpha_scaling_without_clipping,1.0,0,
coarse_grid,2.1999999999999997,17.459396447784496,3999.1596844058004,0.41996868213857974,positive_alpha_scaling_without_clipping,1.0,0,
coarse_grid,2.1999999999999997,17.6,3998.57250041077,0.41996155007387276,positive_alpha_scaling_without_clipping,1.0,0,
coarse_grid,2.1999999999999997,18.1,3999.42326984343,0.41986385680305294,positive_alpha_scaling_without_clipping,1.0,0,
coarse_grid,2.1999999999999997,18.6,4039.8854244623562,0.4119248330598879,positive_alpha_scaling_without_clipping,1.0,0,
coarse_grid,2.1999999999999997,19.1,4037.2565899609317,0.41237196118949976,positive_alpha_scaling_without_clipping,1.0,0,
coarse_grid,2.1999999999999997,19.6,3997.42142003571,0.4201430640414791,positive_alpha_scaling_without_clipping,1.0,0,
coarse_grid,2.1999999999999997,20.000000000000004,4036.693946177228,0.4124378324504239,positive_alpha_scaling_without_clipping,1.0,0,
coarse_grid,2.3999999999999995,0.1,30279.28683821501,-3.890159319150052,evaluated,,14207,
coarse_grid,2.3999999999999995,0.11455149701087121,30279.006380552673,-3.8901042021099848,evaluated,,14206,
coarse_grid,2.3999999999999995,0.13122045467431637,30278.74345672415,-3.890052530912734,evaluated,,14206,
coarse_grid,2.3999999999999995,0.1503149952139011,30278.502300089254,-3.8900051375208147,evaluated,,14206,
coarse_grid,2.3999999999999995,0.17218807724934312,30272.789354508823,-3.88938133374195,evaluated,,14205,
coarse_grid,2.3999999999999995,0.1972440201633579,29843.765357652337,-3.8456396448203423,evaluated,,14183,
coarse_grid,2.3999999999999995,0.22594597786155107,28468.562186022667,-3.7020339423024007,evaluated,,14027,
coarse_grid,2.3999999999999995,0.2588245000762584,23640.457216071416,-3.125878375376138,evaluated,,13202,
coarse_grid,2.3999999999999995,0.29648733946825756,16430.269122444915,-1.7391826312361045,evaluated,,12294,
coarse_grid,2.3999999999999995,0.3396306858085926,12301.237902147048,-0.9817204930273609,evaluated,,10199,
coarse_grid,2.3999999999999995,0.3890520349020314,9706.692674175596,-0.5543811690211624,evaluated,,6012,
coarse_grid,2.3999999999999995,0.445664930131534,5151.406740283061,0.22423974410496172,evaluated,,2377,
coarse_grid,2.3999999999999995,0.5105158491181254,4729.8725495203,0.3008039833454613,evaluated,,1185,
coarse_grid,2.3999999999999995,0.5848035476425733,3996.7853362869346,0.4207314666228624,evaluated,,259,
coarse_grid,2.3999999999999995,0.6,3993.6847361735345,0.4213507563278822,evaluated,,248,
coarse_grid,2.3999999999999995,0.669901218397251,3995.8817354302428,0.4209061820277885,evaluated,,245,
coarse_grid,2.3999999999999995,0.7673818741681168,3995.0969988389634,0.42101760305902747,evaluated,,36,
coarse_grid,2.3999999999999995,0.8790474246496578,3995.0424333342003,0.4210738302073719,positive_alpha_scaling_without_clipping,1.0,0,
coarse_grid,2.3999999999999995,1.0069619843716933,3993.7249940056045,0.4213726745306084,positive_alpha_scaling_without_clipping,1.0,0,
coarse_grid,2.3999999999999995,1.1,3994.3190805518598,0.4212211555552401,positive_alpha_scaling_without_clipping,1.0,0,
coarse_grid,2.3999999999999995,1.1534900274281497,3993.4738594403743,0.42138726292944617,positive_alpha_scaling_without_clipping,1.0,0,
coarse_grid,2.3999999999999995,1.3213400942900544,3994.5318315216455,0.4212116582416475,positive_alpha_scaling_without_clipping,1.0,0,
coarse_grid,2.3999999999999995,1.5136148586141145,3994.281888003881,0.42122550720954965,positive_alpha_scaling_without_clipping,1.0,0,
coarse_grid,2.3999999999999995,1.6,3993.28685819644,0.4213888120345321,positive_alpha_scaling_without_clipping,1.0,0,
coarse_grid,2.3999999999999995,1.733868479521449,3991.500065779924,0.42172232885368355,positive_alpha_scaling_without_clipping,1.0,0,
coarse_grid,2.3999999999999995,1.9861722994914508,3993.620149688872,0.42138710962383286,positive_alpha_scaling_without_clipping,1.0,0,
coarse_grid,2.3999999999999995,2.1,3993.6838340839886,0.4213807342101444,positive_alpha_scaling_without_clipping,1.0,0,
coarse_grid,2.3999999999999995,2.2751901022827012,3993.382025806385,0.4213991242907422,positive_alpha_scaling_without_clipping,1.0,0,
coarse_grid,2.3999999999999995,2.6,3993.9779552513573,0.4212820090483858,positive_alpha_scaling_without_clipping,1.0,0,
coarse_grid,2.3999999999999995,2.6062643220080064,3992.8963647929454,0.4214637655585489,positive_alpha_scaling_without_clipping,1.0,0,
coarse_grid,2.3999999999999995,2.9855147969204046,3995.310051272149,0.42100938940107185,positive_alpha_scaling_without_clipping,1.0,0,
coarse_grid,2.3999999999999995,3.1,3994.2101203987518,0.4212396113632191,positive_alpha_scaling_without_clipping,1.0,0,
coarse_grid,2.3999999999999995,3.419951893353395,3995.852629885533,0.42094825505659567,positive_alpha_scaling_without_clipping,1.0,0,
coarse_grid,2.3999999999999995,3.6,4000.024740486008,0.42014688939336986,positive_alpha_scaling_without_clipping,1.0,0,
coarse_grid,2.3999999999999995,3.9176060908879475,3999.879867699032,0.42017552407775793,positive_alpha_scaling_without_clipping,1.0,0,
coarse_grid,2.3999999999999995,4.1,3999.7594995208574,0.4201875740772812,positive_alpha_scaling_without_clipping,1.0,0,
coarse_grid,2.3999999999999995,4.487676424101213,3999.268662401737,0.4202698297918637,positive_alpha_scaling_without_clipping,1.0,0,
coarse_grid,2.3999999999999995,4.6,4000.4231292359154,0.42007231942842965,positive_alpha_scaling_without_clipping,1.0,0,
coarse_grid,2.3999999999999995,5.1,4003.982657999244,0.4194052139841356,positive_alpha_scaling_without_clipping,1.0,0,
coarse_grid,2.3999999999999995,5.140700524811874,4005.094932567675,0.41915419164659773,positive_alpha_scaling_without_clipping,1.0,0,
coarse_grid,2.3999999999999995,5.6,4006.0132546524983,0.4189240477713292,positive_alpha_scaling_without_clipping,1.0,0,
coarse_grid,2.3999999999999995,5.8887494080177145,4003.955469931935,0.41934513376366384,positive_alpha_scaling_without_clipping,1.0,0,
coarse_grid,2.3999999999999995,6.1,4005.114222058296,0.41910171637270116,positive_alpha_scaling_without_clipping,1.0,0,
coarse_grid,2.3999999999999995,6.6,4004.259375872093,0.41925729527190386,positive_alpha_scaling_without_clipping,1.0,0,
coarse_grid,2.3999999999999995,6.745650602103109,4004.804774212079,0.4192026957104877,positive_alpha_scaling_without_clipping,1.0,0,
coarse_grid,2.3999999999999995,7.1,4004.3885644986094,0.4192762590404318,positive_alpha_scaling_without_clipping,1.0,0,
coarse_grid,2.3999999999999995,7.6,4004.787826858398,0.4192043923017867,positive_alpha_scaling_without_clipping,1.0,0,
coarse_grid,2.3999999999999995,7.727243747831959,4004.6024493157192,0.41922295035703666,positive_alpha_scaling_without_clipping,1.0,0,
coarse_grid,2.3999999999999995,8.1,4004.801002003311,0.4192030733444649,positive_alpha_scaling_without_clipping,1.0,0,
coarse_grid,2.3999999999999995,8.6,4003.903034365818,0.41936553588579834,positive_alpha_scaling_without_clipping,1.0,0,
coarse_grid,2.3999999999999995,8.851673390820459,4004.0322140023873,0.41934014881259374,positive_alpha_scaling_without_clipping,1.0,0,
coarse_grid,2.3999999999999995,9.1,4003.7434608621866,0.41939970069349786,positive_alpha_scaling_without_clipping,1.0,0,
coarse_grid,2.3999999999999995,9.6,4002.887303531915,0.4195534381711547,positive_alpha_scaling_without_clipping,1.0,0,
coarse_grid,2.3999999999999995,10.1,4002.7319351592073,0.4195839719948779,positive_alpha_scaling_without_clipping,1.0,0,
coarse_grid,2.3999999999999995,10.13972437969778,4002.38020863361,0.4196530951731938,positive_alpha_scaling_without_clipping,1.0,0,
coarse_grid,2.3999999999999995,10.6,4003.4768664536114,0.41945209325277577,positive_alpha_scaling_without_clipping,1.0,0,
coarse_grid,2.3999999999999995,11.1,4003.1137442081213,0.41950730540194214,positive_alpha_scaling_without_clipping,1.0,0,
coarse_grid,2.3999999999999995,11.6,4003.2030817277982,0.41953052251940054,positive_alpha_scaling_without_clipping,1.0,0,
coarse_grid,2.3999999999999995,11.615206069720077,4003.0809904208872,0.4195551571913758,positive_alpha_scaling_without_clipping,1.0,0,
coarse_grid,2.3999999999999995,12.1,3999.826249671677,0.4198364148742091,positive_alpha_scaling_without_clipping,1.0,0,
coarse_grid,2.3999999999999995,12.6,3998.9338709590065,0.4200140619839111,positive_alpha_scaling_without_clipping,1.0,0,
coarse_grid,2.3999999999999995,13.1,4002.9610023002224,0.41955826387155104,positive_alpha_scaling_without_clipping,1.0,0,
coarse_grid,2.3999999999999995,13.305392433761932,4000.045396607824,0.4197933469460256,positive_alpha_scaling_without_clipping,1.0,0,
coarse_grid,2.3999999999999995,13.6,4002.215567444256,0.4197070327884805,positive_alpha_scaling_without_clipping,1.0,0,
coarse_grid,2.3999999999999995,14.1,3999.110619643699,0.41997932638690616,positive_alpha_scaling_without_clipping,1.0,0,
coarse_grid,2.3999999999999995,14.6,4000.391873426409,0.41972525546821415,positive_alpha_scaling_without_clipping,1.0,0,
coarse_grid,2.3999999999999995,15.1,4004.021380545866,0.41937034669354634,positive_alpha_scaling_without_clipping,1.0,0,
coarse_grid,2.3999999999999995,15.241526216045477,3999.236549564972,0.41983104758186285,positive_alpha_scaling_without_clipping,1.0,0,
coarse_grid,2.3999999999999995,15.6,3999.236549564972,0.41983104758186285,positive_alpha_scaling_without_clipping,1.0,0,
coarse_grid,2.3999999999999995,16.1,4000.4210748149926,0.41971246533766454,positive_alpha_scaling_without_clipping,1.0,0,
coarse_grid,2.3999999999999995,16.6,4039.550550935388,0.41203085298361963,positive_alpha_scaling_without_clipping,1.0,0,
coarse_grid,2.3999999999999995,17.1,4038.2672458111297,0.4121158238617953,positive_alpha_scaling_without_clipping,1.0,0,
coarse_grid,2.3999999999999995,17.459396447784496,3999.1596844058004,0.41996868213857974,positive_alpha_scaling_without_clipping,1.0,0,
coarse_grid,2.3999999999999995,17.6,3998.57250041077,0.41996155007387276,positive_alpha_scaling_without_clipping,1.0,0,
coarse_grid,2.3999999999999995,18.1,3999.42326984343,0.41986385680305294,positive_alpha_scaling_without_clipping,1.0,0,
coarse_grid,2.3999999999999995,18.6,4039.8854244623562,0.4119248330598879,positive_alpha_scaling_without_clipping,1.0,0,
coarse_grid,2.3999999999999995,19.1,4037.2565899609317,0.41237196118949976,positive_alpha_scaling_without_clipping,1.0,0,
coarse_grid,2.3999999999999995,19.6,3997.42142003571,0.4201430640414791,positive_alpha_scaling_without_clipping,1.0,0,
coarse_grid,2.3999999999999995,20.000000000000004,4036.693946177228,0.4124378324504239,positive_alpha_scaling_without_clipping,1.0,0,
coarse_grid,2.5999999999999996,0.1,30279.33859230383,-3.890169490140438,evaluated,,14208,
coarse_grid,2.5999999999999996,0.11455149701087121,30279.167976889054,-3.890135959886444,evaluated,,14207,
coarse_grid,2.5999999999999996,0.13122045467431637,30278.895840165656,-3.89008247812181,evaluated,,14206,
coarse_grid,2.5999999999999996,0.1503149952139011,30278.641665552102,-3.8900325263670874,evaluated,,14206,
coarse_grid,2.5999999999999996,0.17218807724934312,30278.409838818632,-3.889986966537305,evaluated,,14206,
coarse_grid,2.5999999999999996,0.1972440201633579,30193.345082824075,-3.8813455195840687,evaluated,,14192,
coarse_grid,2.5999999999999996,0.22594597786155107,29226.84181704997,-3.7826994369751503,evaluated,,14121,
coarse_grid,2.5999999999999996,0.2588245000762584,24672.820234719096,-3.2515679204640726,evaluated,,13670,
coarse_grid,2.5999999999999996,0.29648733946825756,23267.77622124392,-3.0612208463365578,evaluated,,13055,
coarse_grid,2.5999999999999996,0.3396306858085926,14093.50761895052,-1.2950665332853797,evaluated,,11666,
coarse_grid,2.5999999999999996,0.3890520349020314,10963.446530674579,-0.7499001656229878,evaluated,,8670,
coarse_grid,2.5999999999999996,0.445664930131534,7292.366216860342,-0.1393424978406544,evaluated,,4003,
coarse_grid,2.5999999999999996,0.5105158491181254,4805.9862896545055,0.28584570397584713,evaluated,,1790,
coarse_grid,2.5999999999999996,0.5848035476425733,4516.512272186299,0.34070109763907996,evaluated,,673,
coarse_grid,2.5999999999999996,0.6,4026.363370313582,0.41632176409556876,evaluated,,430,
coarse_grid,2.5999999999999996,0.669901218397251,3997.9550013223297,0.4205115696536441,evaluated,,248,
coarse_grid,2.5999999999999996,0.7673818741681168,3994.7892165763215,0.42104841499100437,evaluated,,171,
coarse_grid,2.5999999999999996,0.8790474246496578,3995.0424333342003,0.4210738302073719,positive_alpha_scaling_without_clipping,1.0,0,
coarse_grid,2.5999999999999996,1.0069619843716933,3993.7249940056045,0.4213726745306084,positive_alpha_scaling_without_clipping,1.0,0,
coarse_grid,2.5999999999999996,1.1,3994.3190805518598,0.4212211555552401,positive_alpha_scaling_without_clipping,1.0,0,
coarse_grid,2.5999999999999996,1.1534900274281497,3993.4738594403743,0.42138726292944617,positive_alpha_scaling_without_clipping,1.0,0,
coarse_grid,2.5999999999999996,1.3213400942900544,3994.5318315216455,0.4212116582416475,positive_alpha_scaling_without_clipping,1.0,0,
coarse_grid,2.5999999999999996,1.5136148586141145,3994.281888003881,0.42122550720954965,positive_alpha_scaling_without_clipping,1.0,0,
coarse_grid,2.5999999999999996,1.6,3993.28685819644,0.4213888120345321,positive_alpha_scaling_without_clipping,1.0,0,
coarse_grid,2.5999999999999996,1.733868479521449,3991.500065779924,0.42172232885368355,positive_alpha_scaling_without_clipping,1.0,0,
coarse_grid,2.5999999999999996,1.9861722994914508,3993.620149688872,0.42138710962383286,positive_alpha_scaling_without_clipping,1.0,0,
coarse_grid,2.5999999999999996,2.1,3993.6838340839886,0.4213807342101444,positive_alpha_scaling_without_clipping,1.0,0,
coarse_grid,2.5999999999999996,2.2751901022827012,3993.382025806385,0.4213991242907422,positive_alpha_scaling_without_clipping,1.0,0,
coarse_grid,2.5999999999999996,2.6,3993.9779552513573,0.4212820090483858,positive_alpha_scaling_without_clipping,1.0,0,
coarse_grid,2.5999999999999996,2.6062643220080064,3992.8963647929454,0.4214637655585489,positive_alpha_scaling_without_clipping,1.0,0,
coarse_grid,2.5999999999999996,2.9855147969204046,3995.310051272149,0.42100938940107185,positive_alpha_scaling_without_clipping,1.0,0,
coarse_grid,2.5999999999999996,3.1,3994.2101203987518,0.4212396113632191,positive_alpha_scaling_without_clipping,1.0,0,
coarse_grid,2.5999999999999996,3.419951893353395,3995.852629885533,0.42094825505659567,positive_alpha_scaling_without_clipping,1.0,0,
coarse_grid,2.5999999999999996,3.6,4000.024740486008,0.42014688939336986,positive_alpha_scaling_without_clipping,1.0,0,
coarse_grid,2.5999999999999996,3.9176060908879475,3999.879867699032,0.42017552407775793,positive_alpha_scaling_without_clipping,1.0,0,
coarse_grid,2.5999999999999996,4.1,3999.7594995208574,0.4201875740772812,positive_alpha_scaling_without_clipping,1.0,0,
coarse_grid,2.5999999999999996,4.487676424101213,3999.268662401737,0.4202698297918637,positive_alpha_scaling_without_clipping,1.0,0,
coarse_grid,2.5999999999999996,4.6,4000.4231292359154,0.42007231942842965,positive_alpha_scaling_without_clipping,1.0,0,
coarse_grid,2.5999999999999996,5.1,4003.982657999244,0.4194052139841356,positive_alpha_scaling_without_clipping,1.0,0,
coarse_grid,2.5999999999999996,5.140700524811874,4005.094932567675,0.41915419164659773,positive_alpha_scaling_without_clipping,1.0,0,
coarse_grid,2.5999999999999996,5.6,4006.0132546524983,0.4189240477713292,positive_alpha_scaling_without_clipping,1.0,0,
coarse_grid,2.5999999999999996,5.8887494080177145,4003.955469931935,0.41934513376366384,positive_alpha_scaling_without_clipping,1.0,0,
coarse_grid,2.5999999999999996,6.1,4005.114222058296,0.41910171637270116,positive_alpha_scaling_without_clipping,1.0,0,
coarse_grid,2.5999999999999996,6.6,4004.259375872093,0.41925729527190386,positive_alpha_scaling_without_clipping,1.0,0,
coarse_grid,2.5999999999999996,6.745650602103109,4004.804774212079,0.4192026957104877,positive_alpha_scaling_without_clipping,1.0,0,
coarse_grid,2.5999999999999996,7.1,4004.3885644986094,0.4192762590404318,positive_alpha_scaling_without_clipping,1.0,0,
coarse_grid,2.5999999999999996,7.6,4004.787826858398,0.4192043923017867,positive_alpha_scaling_without_clipping,1.0,0,
coarse_grid,2.5999999999999996,7.727243747831959,4004.6024493157192,0.41922295035703666,positive_alpha_scaling_without_clipping,1.0,0,
coarse_grid,2.5999999999999996,8.1,4004.801002003311,0.4192030733444649,positive_alpha_scaling_without_clipping,1.0,0,
coarse_grid,2.5999999999999996,8.6,4003.903034365818,0.41936553588579834,positive_alpha_scaling_without_clipping,1.0,0,
coarse_grid,2.5999999999999996,8.851673390820459,4004.0322140023873,0.41934014881259374,positive_alpha_scaling_without_clipping,1.0,0,
coarse_grid,2.5999999999999996,9.1,4003.7434608621866,0.41939970069349786,positive_alpha_scaling_without_clipping,1.0,0,
coarse_grid,2.5999999999999996,9.6,4002.887303531915,0.4195534381711547,positive_alpha_scaling_without_clipping,1.0,0,
coarse_grid,2.5999999999999996,10.1,4002.7319351592073,0.4195839719948779,positive_alpha_scaling_without_clipping,1.0,0,
coarse_grid,2.5999999999999996,10.13972437969778,4002.38020863361,0.4196530951731938,positive_alpha_scaling_without_clipping,1.0,0,
coarse_grid,2.5999999999999996,10.6,4003.4768664536114,0.41945209325277577,positive_alpha_scaling_without_clipping,1.0,0,
coarse_grid,2.5999999999999996,11.1,4003.1137442081213,0.41950730540194214,positive_alpha_scaling_without_clipping,1.0,0,
coarse_grid,2.5999999999999996,11.6,4003.2030817277982,0.41953052251940054,positive_alpha_scaling_without_clipping,1.0,0,
coarse_grid,2.5999999999999996,11.615206069720077,4003.0809904208872,0.4195551571913758,positive_alpha_scaling_without_clipping,1.0,0,
coarse_grid,2.5999999999999996,12.1,3999.826249671677,0.4198364148742091,positive_alpha_scaling_without_clipping,1.0,0,
coarse_grid,2.5999999999999996,12.6,3998.9338709590065,0.4200140619839111,positive_alpha_scaling_without_clipping,1.0,0,
coarse_grid,2.5999999999999996,13.1,4002.9610023002224,0.41955826387155104,positive_alpha_scaling_without_clipping,1.0,0,
coarse_grid,2.5999999999999996,13.305392433761932,4000.045396607824,0.4197933469460256,positive_alpha_scaling_without_clipping,1.0,0,
coarse_grid,2.5999999999999996,13.6,4002.215567444256,0.4197070327884805,positive_alpha_scaling_without_clipping,1.0,0,
coarse_grid,2.5999999999999996,14.1,3999.110619643699,0.41997932638690616,positive_alpha_scaling_without_clipping,1.0,0,
coarse_grid,2.5999999999999996,14.6,4000.391873426409,0.41972525546821415,positive_alpha_scaling_without_clipping,1.0,0,
coarse_grid,2.5999999999999996,15.1,4004.021380545866,0.41937034669354634,positive_alpha_scaling_without_clipping,1.0,0,
coarse_grid,2.5999999999999996,15.241526216045477,3999.236549564972,0.41983104758186285,positive_alpha_scaling_without_clipping,1.0,0,
coarse_grid,2.5999999999999996,15.6,3999.236549564972,0.41983104758186285,positive_alpha_scaling_without_clipping,1.0,0,
coarse_grid,2.5999999999999996,16.1,4000.4210748149926,0.41971246533766454,positive_alpha_scaling_without_clipping,1.0,0,
coarse_grid,2.5999999999999996,16.6,4039.550550935388,0.41203085298361963,positive_alpha_scaling_without_clipping,1.0,0,
coarse_grid,2.5999999999999996,17.1,4038.2672458111297,0.4121158238617953,positive_alpha_scaling_without_clipping,1.0,0,
coarse_grid,2.5999999999999996,17.459396447784496,3999.1596844058004,0.41996868213857974,positive_alpha_scaling_without_clipping,1.0,0,
coarse_grid,2.5999999999999996,17.6,3998.57250041077,0.41996155007387276,positive_alpha_scaling_without_clipping,1.0,0,
coarse_grid,2.5999999999999996,18.1,3999.42326984343,0.41986385680305294,positive_alpha_scaling_without_clipping,1.0,0,
coarse_grid,2.5999999999999996,18.6,4039.8854244623562,0.4119248330598879,positive_alpha_scaling_without_clipping,1.0,0,
coarse_grid,2.5999999999999996,19.1,4037.2565899609317,0.41237196118949976,positive_alpha_scaling_without_clipping,1.0,0,
coarse_grid,2.5999999999999996,19.6,3997.42142003571,0.4201430640414791,positive_alpha_scaling_without_clipping,1.0,0,
coarse_grid,2.5999999999999996,20.000000000000004,4036.693946177228,0.4124378324504239,positive_alpha_scaling_without_clipping,1.0,0,
coarse_grid,2.8,0.1,30279.33859230383,-3.890169490140438,evaluated,,14208,
coarse_grid,2.8,0.11455149701087121,30279.32800685258,-3.890167409830932,evaluated,,14207,
coarse_grid,2.8,0.13122045467431637,30279.043355982198,-3.890111468719188,evaluated,,14206,
coarse_grid,2.8,0.1503149952139011,30278.777633289756,-3.8900592474742286,evaluated,,14206,
coarse_grid,2.8,0.17218807724934312,30278.533458970625,-3.8900112610308613,evaluated,,14206,
coarse_grid,2.8,0.1972440201633579,30272.901223749883,-3.88940331888363,evaluated,,14205,
coarse_grid,2.8,0.22594597786155107,29859.33285839732,-3.8473758477964615,evaluated,,14186,
coarse_grid,2.8,0.2588245000762584,28662.267655820928,-3.7227245641541007,evaluated,,14064,
coarse_grid,2.8,0.29648733946825756,23908.45471994016,-3.162127681949805,evaluated,,13389,
coarse_grid,2.8,0.3396306858085926,17522.14393811116,-1.9513355799294678,evaluated,,12374,
coarse_grid,2.8,0.3890520349020314,12275.80421006705,-0.9703375026665186,evaluated,,10358,
coarse_grid,2.8,0.445664930131534,9839.853114017405,-0.5713088652612162,evaluated,,6616,
coarse_grid,2.8,0.5105158491181254,5351.36916365125,0.1898739717192749,evaluated,,2575,
coarse_grid,2.8,0.5848035476425733,4773.960507621324,0.292139581977875,evaluated,,1378,
coarse_grid,2.8,0.6,4726.879255801232,0.3013584188487346,evaluated,,1147,
coarse_grid,2.8,0.669901218397251,4015.0335816539655,0.41820708592217803,evaluated,,296,
coarse_grid,2.8,0.7673818741681168,3996.1751321303327,0.42085490656441954,evaluated,,247,
coarse_grid,2.8,0.8790474246496578,3995.7392420337874,0.42093101425938556,evaluated,,61,
coarse_grid,2.8,1.0069619843716933,3993.7249940056045,0.4213726745306084,positive_alpha_scaling_without_clipping,1.0,0,
coarse_grid,2.8,1.1,3994.3190805518598,0.4212211555552401,positive_alpha_scaling_without_clipping,1.0,0,
coarse_grid,2.8,1.1534900274281497,3993.4738594403743,0.42138726292944617,positive_alpha_scaling_without_clipping,1.0,0,
coarse_grid,2.8,1.3213400942900544,3994.5318315216455,0.4212116582416475,positive_alpha_scaling_without_clipping,1.0,0,
coarse_grid,2.8,1.5136148586141145,3994.281888003881,0.42122550720954965,positive_alpha_scaling_without_clipping,1.0,0,
coarse_grid,2.8,1.6,3993.28685819644,0.4213888120345321,positive_alpha_scaling_without_clipping,1.0,0,
coarse_grid,2.8,1.733868479521449,3991.500065779924,0.42172232885368355,positive_alpha_scaling_without_clipping,1.0,0,
coarse_grid,2.8,1.9861722994914508,3993.620149688872,0.42138710962383286,positive_alpha_scaling_without_clipping,1.0,0,
coarse_grid,2.8,2.1,3993.6838340839886,0.4213807342101444,positive_alpha_scaling_without_clipping,1.0,0,
coarse_grid,2.8,2.2751901022827012,3993.382025806385,0.4213991242907422,positive_alpha_scaling_without_clipping,1.0,0,
coarse_grid,2.8,2.6,3993.9779552513573,0.4212820090483858,positive_alpha_scaling_without_clipping,1.0,0,
coarse_grid,2.8,2.6062643220080064,3992.8963647929454,0.4214637655585489,positive_alpha_scaling_without_clipping,1.0,0,
coarse_grid,2.8,2.9855147969204046,3995.310051272149,0.42100938940107185,positive_alpha_scaling_without_clipping,1.0,0,
coarse_grid,2.8,3.1,3994.2101203987518,0.4212396113632191,positive_alpha_scaling_without_clipping,1.0,0,
coarse_grid,2.8,3.419951893353395,3995.852629885533,0.42094825505659567,positive_alpha_scaling_without_clipping,1.0,0,
coarse_grid,2.8,3.6,4000.024740486008,0.42014688939336986,positive_alpha_scaling_without_clipping,1.0,0,
coarse_grid,2.8,3.9176060908879475,3999.879867699032,0.42017552407775793,positive_alpha_scaling_without_clipping,1.0,0,
coarse_grid,2.8,4.1,3999.7594995208574,0.4201875740772812,positive_alpha_scaling_without_clipping,1.0,0,
coarse_grid,2.8,4.487676424101213,3999.268662401737,0.4202698297918637,positive_alpha_scaling_without_clipping,1.0,0,
coarse_grid,2.8,4.6,4000.4231292359154,0.42007231942842965,positive_alpha_scaling_without_clipping,1.0,0,
coarse_grid,2.8,5.1,4003.982657999244,0.4194052139841356,positive_alpha_scaling_without_clipping,1.0,0,
coarse_grid,2.8,5.140700524811874,4005.094932567675,0.41915419164659773,positive_alpha_scaling_without_clipping,1.0,0,
coarse_grid,2.8,5.6,4006.0132546524983,0.4189240477713292,positive_alpha_scaling_without_clipping,1.0,0,
coarse_grid,2.8,5.8887494080177145,4003.955469931935,0.41934513376366384,positive_alpha_scaling_without_clipping,1.0,0,
coarse_grid,2.8,6.1,4005.114222058296,0.41910171637270116,positive_alpha_scaling_without_clipping,1.0,0,
coarse_grid,2.8,6.6,4004.259375872093,0.41925729527190386,positive_alpha_scaling_without_clipping,1.0,0,
coarse_grid,2.8,6.745650602103109,4004.804774212079,0.4192026957104877,positive_alpha_scaling_without_clipping,1.0,0,
coarse_grid,2.8,7.1,4004.3885644986094,0.4192762590404318,positive_alpha_scaling_without_clipping,1.0,0,
coarse_grid,2.8,7.6,4004.787826858398,0.4192043923017867,positive_alpha_scaling_without_clipping,1.0,0,
coarse_grid,2.8,7.727243747831959,4004.6024493157192,0.41922295035703666,positive_alpha_scaling_without_clipping,1.0,0,
coarse_grid,2.8,8.1,4004.801002003311,0.4192030733444649,positive_alpha_scaling_without_clipping,1.0,0,
coarse_grid,2.8,8.6,4003.903034365818,0.41936553588579834,positive_alpha_scaling_without_clipping,1.0,0,
coarse_grid,2.8,8.851673390820459,4004.0322140023873,0.41934014881259374,positive_alpha_scaling_without_clipping,1.0,0,
coarse_grid,2.8,9.1,4003.7434608621866,0.41939970069349786,positive_alpha_scaling_without_clipping,1.0,0,
coarse_grid,2.8,9.6,4002.887303531915,0.4195534381711547,positive_alpha_scaling_without_clipping,1.0,0,
coarse_grid,2.8,10.1,4002.7319351592073,0.4195839719948779,positive_alpha_scaling_without_clipping,1.0,0,
coarse_grid,2.8,10.13972437969778,4002.38020863361,0.4196530951731938,positive_alpha_scaling_without_clipping,1.0,0,
coarse_grid,2.8,10.6,4003.4768664536114,0.41945209325277577,positive_alpha_scaling_without_clipping,1.0,0,
coarse_grid,2.8,11.1,4003.1137442081213,0.41950730540194214,positive_alpha_scaling_without_clipping,1.0,0,
coarse_grid,2.8,11.6,4003.2030817277982,0.41953052251940054,positive_alpha_scaling_without_clipping,1.0,0,
coarse_grid,2.8,11.615206069720077,4003.0809904208872,0.4195551571913758,positive_alpha_scaling_without_clipping,1.0,0,
coarse_grid,2.8,12.1,3999.826249671677,0.4198364148742091,positive_alpha_scaling_without_clipping,1.0,0,
coarse_grid,2.8,12.6,3998.9338709590065,0.4200140619839111,positive_alpha_scaling_without_clipping,1.0,0,
coarse_grid,2.8,13.1,4002.9610023002224,0.41955826387155104,positive_alpha_scaling_without_clipping,1.0,0,
coarse_grid,2.8,13.305392433761932,4000.045396607824,0.4197933469460256,positive_alpha_scaling_without_clipping,1.0,0,
coarse_grid,2.8,13.6,4002.215567444256,0.4197070327884805,positive_alpha_scaling_without_clipping,1.0,0,
coarse_grid,2.8,14.1,3999.110619643699,0.41997932638690616,positive_alpha_scaling_without_clipping,1.0,0,
coarse_grid,2.8,14.6,4000.391873426409,0.41972525546821415,positive_alpha_scaling_without_clipping,1.0,0,
coarse_grid,2.8,15.1,4004.021380545866,0.41937034669354634,positive_alpha_scaling_without_clipping,1.0,0,
coarse_grid,2.8,15.241526216045477,3999.236549564972,0.41983104758186285,positive_alpha_scaling_without_clipping,1.0,0,
coarse_grid,2.8,15.6,3999.236549564972,0.41983104758186285,positive_alpha_scaling_without_clipping,1.0,0,
coarse_grid,2.8,16.1,4000.4210748149926,0.41971246533766454,positive_alpha_scaling_without_clipping,1.0,0,
coarse_grid,2.8,16.6,4039.550550935388,0.41203085298361963,positive_alpha_scaling_without_clipping,1.0,0,
coarse_grid,2.8,17.1,4038.2672458111297,0.4121158238617953,positive_alpha_scaling_without_clipping,1.0,0,
coarse_grid,2.8,17.459396447784496,3999.1596844058004,0.41996868213857974,positive_alpha_scaling_without_clipping,1.0,0,
coarse_grid,2.8,17.6,3998.57250041077,0.41996155007387276,positive_alpha_scaling_without_clipping,1.0,0,
coarse_grid,2.8,18.1,3999.42326984343,0.41986385680305294,positive_alpha_scaling_without_clipping,1.0,0,
coarse_grid,2.8,18.6,4039.8854244623562,0.4119248330598879,positive_alpha_scaling_without_clipping,1.0,0,
coarse_grid,2.8,19.1,4037.2565899609317,0.41237196118949976,positive_alpha_scaling_without_clipping,1.0,0,
coarse_grid,2.8,19.6,3997.42142003571,0.4201430640414791,positive_alpha_scaling_without_clipping,1.0,0,
coarse_grid,2.8,20.000000000000004,4036.693946177228,0.4124378324504239,positive_alpha_scaling_without_clipping,1.0,0,
coarse_grid,2.9999999999999996,0.1,30279.33859230383,-3.890169490140438,evaluated,,14208,
coarse_grid,2.9999999999999996,0.11455149701087121,30279.33859230383,-3.890169490140438,evaluated,,14208,
coarse_grid,2.9999999999999996,0.13122045467431637,30279.18285879367,-3.890138884557947,evaluated,,14207,
coarse_grid,2.9999999999999996,0.1503149952139011,30278.90999776512,-3.8900852604489904,evaluated,,14206,
coarse_grid,2.9999999999999996,0.17218807724934312,30278.65467035846,-3.890035082141199,evaluated,,14206,
coarse_grid,2.9999999999999996,0.1972440201633579,30278.421622835434,-3.889989282395323,evaluated,,14206,
coarse_grid,2.9999999999999996,0.22594597786155107,30252.780517434017,-3.8873185129844625,evaluated,,14202,
coarse_grid,2.9999999999999996,0.2588245000762584,29229.75523683497,-3.7832719978161773,evaluated,,14121,
coarse_grid,2.9999999999999996,0.29648733946825756,24712.320025801317,-3.2582423638305475,evaluated,,13681,
coarse_grid,2.9999999999999996,0.3396306858085926,23307.334184594045,-3.068015291885109,evaluated,,13088,
coarse_grid,2.9999999999999996,0.3890520349020314,14093.507019389264,-1.2950664732635953,evaluated,,11666,
coarse_grid,2.9999999999999996,0.445664930131534,10900.614594880068,-0.7358171076353575,evaluated,,8794,
coarse_grid,2.9999999999999996,0.5105158491181254,7483.1109670572405,-0.17206414746997983,evaluated,,4183,
coarse_grid,2.9999999999999996,0.5848035476425733,4807.918326897372,0.28546600968175073,evaluated,,1812,
coarse_grid,2.9999999999999996,0.6,4803.5044753755155,0.28630372973600543,evaluated,,1697,
coarse_grid,2.9999999999999996,0.669901218397251,4554.5752092131115,0.33429359352582316,evaluated,,706,
coarse_grid,2.9999999999999996,0.7673818741681168,3994.709728859464,0.42109356652191104,evaluated,,248,
coarse_grid,2.9999999999999996,0.8790474246496578,3995.079102398232,0.4210701592852826,evaluated,,191,
coarse_grid,2.9999999999999996,1.0069619843716933,3993.7249940056045,0.4213726745306084,positive_alpha_scaling_without_clipping,1.0,0,
coarse_grid,2.9999999999999996,1.1,3994.3190805518598,0.4212211555552401,positive_alpha_scaling_without_clipping,1.0,0,
coarse_grid,2.9999999999999996,1.1534900274281497,3993.4738594403743,0.42138726292944617,positive_alpha_scaling_without_clipping,1.0,0,
coarse_grid,2.9999999999999996,1.3213400942900544,3994.5318315216455,0.4212116582416475,positive_alpha_scaling_without_clipping,1.0,0,
coarse_grid,2.9999999999999996,1.5136148586141145,3994.281888003881,0.42122550720954965,positive_alpha_scaling_without_clipping,1.0,0,
coarse_grid,2.9999999999999996,1.6,3993.28685819644,0.4213888120345321,positive_alpha_scaling_without_clipping,1.0,0,
coarse_grid,2.9999999999999996,1.733868479521449,3991.500065779924,0.42172232885368355,positive_alpha_scaling_without_clipping,1.0,0,
coarse_grid,2.9999999999999996,1.9861722994914508,3993.620149688872,0.42138710962383286,positive_alpha_scaling_without_clipping,1.0,0,
coarse_grid,2.9999999999999996,2.1,3993.6838340839886,0.4213807342101444,positive_alpha_scaling_without_clipping,1.0,0,
coarse_grid,2.9999999999999996,2.2751901022827012,3993.382025806385,0.4213991242907422,positive_alpha_scaling_without_clipping,1.0,0,
coarse_grid,2.9999999999999996,2.6,3993.9779552513573,0.4212820090483858,positive_alpha_scaling_without_clipping,1.0,0,
coarse_grid,2.9999999999999996,2.6062643220080064,3992.8963647929454,0.4214637655585489,positive_alpha_scaling_without_clipping,1.0,0,
coarse_grid,2.9999999999999996,2.9855147969204046,3995.310051272149,0.42100938940107185,positive_alpha_scaling_without_clipping,1.0,0,
coarse_grid,2.9999999999999996,3.1,3994.2101203987518,0.4212396113632191,positive_alpha_scaling_without_clipping,1.0,0,
coarse_grid,2.9999999999999996,3.419951893353395,3995.852629885533,0.42094825505659567,positive_alpha_scaling_without_clipping,1.0,0,
coarse_grid,2.9999999999999996,3.6,4000.024740486008,0.42014688939336986,positive_alpha_scaling_without_clipping,1.0,0,
coarse_grid,2.9999999999999996,3.9176060908879475,3999.879867699032,0.42017552407775793,positive_alpha_scaling_without_clipping,1.0,0,
coarse_grid,2.9999999999999996,4.1,3999.7594995208574,0.4201875740772812,positive_alpha_scaling_without_clipping,1.0,0,
coarse_grid,2.9999999999999996,4.487676424101213,3999.268662401737,0.4202698297918637,positive_alpha_scaling_without_clipping,1.0,0,
coarse_grid,2.9999999999999996,4.6,4000.4231292359154,0.42007231942842965,positive_alpha_scaling_without_clipping,1.0,0,
coarse_grid,2.9999999999999996,5.1,4003.982657999244,0.4194052139841356,positive_alpha_scaling_without_clipping,1.0,0,
coarse_grid,2.9999999999999996,5.140700524811874,4005.094932567675,0.41915419164659773,positive_alpha_scaling_without_clipping,1.0,0,
coarse_grid,2.9999999999999996,5.6,4006.0132546524983,0.4189240477713292,positive_alpha_scaling_without_clipping,1.0,0,
coarse_grid,2.9999999999999996,5.8887494080177145,4003.955469931935,0.41934513376366384,positive_alpha_scaling_without_clipping,1.0,0,
coarse_grid,2.9999999999999996,6.1,4005.114222058296,0.41910171637270116,positive_alpha_scaling_without_clipping,1.0,0,
coarse_grid,2.9999999999999996,6.6,4004.259375872093,0.41925729527190386,positive_alpha_scaling_without_clipping,1.0,0,
coarse_grid,2.9999999999999996,6.745650602103109,4004.804774212079,0.4192026957104877,positive_alpha_scaling_without_clipping,1.0,0,
coarse_grid,2.9999999999999996,7.1,4004.3885644986094,0.4192762590404318,positive_alpha_scaling_without_clipping,1.0,0,
coarse_grid,2.9999999999999996,7.6,4004.787826858398,0.4192043923017867,positive_alpha_scaling_without_clipping,1.0,0,
coarse_grid,2.9999999999999996,7.727243747831959,4004.6024493157192,0.41922295035703666,positive_alpha_scaling_without_clipping,1.0,0,
coarse_grid,2.9999999999999996,8.1,4004.801002003311,0.4192030733444649,positive_alpha_scaling_without_clipping,1.0,0,
coarse_grid,2.9999999999999996,8.6,4003.903034365818,0.41936553588579834,positive_alpha_scaling_without_clipping,1.0,0,
coarse_grid,2.9999999999999996,8.851673390820459,4004.0322140023873,0.41934014881259374,positive_alpha_scaling_without_clipping,1.0,0,
coarse_grid,2.9999999999999996,9.1,4003.7434608621866,0.41939970069349786,positive_alpha_scaling_without_clipping,1.0,0,
coarse_grid,2.9999999999999996,9.6,4002.887303531915,0.4195534381711547,positive_alpha_scaling_without_clipping,1.0,0,
coarse_grid,2.9999999999999996,10.1,4002.7319351592073,0.4195839719948779,positive_alpha_scaling_without_clipping,1.0,0,
coarse_grid,2.9999999999999996,10.13972437969778,4002.38020863361,0.4196530951731938,positive_alpha_scaling_without_clipping,1.0,0,
coarse_grid,2.9999999999999996,10.6,4003.4768664536114,0.41945209325277577,positive_alpha_scaling_without_clipping,1.0,0,
coarse_grid,2.9999999999999996,11.1,4003.1137442081213,0.41950730540194214,positive_alpha_scaling_without_clipping,1.0,0,
coarse_grid,2.9999999999999996,11.6,4003.2030817277982,0.41953052251940054,positive_alpha_scaling_without_clipping,1.0,0,
coarse_grid,2.9999999999999996,11.615206069720077,4003.0809904208872,0.4195551571913758,positive_alpha_scaling_without_clipping,1.0,0,
coarse_grid,2.9999999999999996,12.1,3999.826249671677,0.4198364148742091,positive_alpha_scaling_without_clipping,1.0,0,
coarse_grid,2.9999999999999996,12.6,3998.9338709590065,0.4200140619839111,positive_alpha_scaling_without_clipping,1.0,0,
coarse_grid,2.9999999999999996,13.1,4002.9610023002224,0.41955826387155104,positive_alpha_scaling_without_clipping,1.0,0,
coarse_grid,2.9999999999999996,13.305392433761932,4000.045396607824,0.4197933469460256,positive_alpha_scaling_without_clipping,1.0,0,
coarse_grid,2.9999999999999996,13.6,4002.215567444256,0.4197070327884805,positive_alpha_scaling_without_clipping,1.0,0,
coarse_grid,2.9999999999999996,14.1,3999.110619643699,0.41997932638690616,positive_alpha_scaling_without_clipping,1.0,0,
coarse_grid,2.9999999999999996,14.6,4000.391873426409,0.41972525546821415,positive_alpha_scaling_without_clipping,1.0,0,
coarse_grid,2.9999999999999996,15.1,4004.021380545866,0.41937034669354634,positive_alpha_scaling_without_clipping,1.0,0,
coarse_grid,2.9999999999999996,15.241526216045477,3999.236549564972,0.41983104758186285,positive_alpha_scaling_without_clipping,1.0,0,
coarse_grid,2.9999999999999996,15.6,3999.236549564972,0.41983104758186285,positive_alpha_scaling_without_clipping,1.0,0,
coarse_grid,2.9999999999999996,16.1,4000.4210748149926,0.41971246533766454,positive_alpha_scaling_without_clipping,1.0,0,
coarse_grid,2.9999999999999996,16.6,4039.550550935388,0.41203085298361963,positive_alpha_scaling_without_clipping,1.0,0,
coarse_grid,2.9999999999999996,17.1,4038.2672458111297,0.4121158238617953,positive_alpha_scaling_without_clipping,1.0,0,
coarse_grid,2.9999999999999996,17.459396447784496,3999.1596844058004,0.41996868213857974,positive_alpha_scaling_without_clipping,1.0,0,
coarse_grid,2.9999999999999996,17.6,3998.57250041077,0.41996155007387276,positive_alpha_scaling_without_clipping,1.0,0,
coarse_grid,2.9999999999999996,18.1,3999.42326984343,0.41986385680305294,positive_alpha_scaling_without_clipping,1.0,0,
coarse_grid,2.9999999999999996,18.6,4039.8854244623562,0.4119248330598879,positive_alpha_scaling_without_clipping,1.0,0,
coarse_grid,2.9999999999999996,19.1,4037.2565899609317,0.41237196118949976,positive_alpha_scaling_without_clipping,1.0,0,
coarse_grid,2.9999999999999996,19.6,3997.42142003571,0.4201430640414791,positive_alpha_scaling_without_clipping,1.0,0,
coarse_grid,2.9999999999999996,20.000000000000004,4036.693946177228,0.4124378324504239,positive_alpha_scaling_without_clipping,1.0,0,
coarse_grid,3.1999999999999993,0.1,30279.33859230383,-3.890169490140438,evaluated,,14208,
coarse_grid,3.1999999999999993,0.11455149701087121,30279.33859230383,-3.890169490140438,evaluated,,14208,
coarse_grid,3.1999999999999993,0.13122045467431637,30279.322717396695,-3.8901663703187666,evaluated,,14207,
coarse_grid,3.1999999999999993,0.1503149952139011,30279.038641826213,-3.8901105422680375,evaluated,,14206,
coarse_grid,3.1999999999999993,0.17218807724934312,30278.773272443555,-3.8900583904574058,evaluated,,14206,
coarse_grid,3.1999999999999993,0.1972440201633579,30278.529479991514,-3.890010479060601,evaluated,,14206,
coarse_grid,3.1999999999999993,0.22594597786155107,30272.886949273387,-3.8894005135871494,evaluated,,14205,
coarse_grid,3.1999999999999993,0.2588245000762584,29858.87502998823,-3.8473077704486647,evaluated,,14185,
coarse_grid,3.1999999999999993,0.29648733946825756,28660.774074266803,-3.7224310375174037,evaluated,,14064,
coarse_grid,3.1999999999999993,0.3396306858085926,23897.26304006768,-3.1599282331531393,evaluated,,13389,
coarse_grid,3.1999999999999993,0.3890520349020314,17520.452720188096,-1.951003299219438,evaluated,,12374,
coarse_grid,3.1999999999999993,0.445664930131534,12275.80421006705,-0.9703375026665186,evaluated,,10358,
coarse_grid,3.1999999999999993,0.5105158491181254,9887.345475578233,-0.5817108554028272,evaluated,,6488,
coarse_grid,3.1999999999999993,0.5848035476425733,5351.04444110599,0.18994147585097265,evaluated,,2575,
coarse_grid,3.1999999999999993,0.6,5114.560188959651,0.23014049156763805,evaluated,,2293,
coarse_grid,3.1999999999999993,0.669901218397251,4768.951868979987,0.29310780484146026,evaluated,,1378,
coarse_grid,3.1999999999999993,0.7673818741681168,4012.8441415239276,0.4185860875133501,evaluated,,274,
coarse_grid,3.1999999999999993,0.8790474246496578,3995.0806053165347,0.42107000882886547,evaluated,,247,
coarse_grid,3.1999999999999993,1.0069619843716933,3994.2623607544583,0.42126447117317917,evaluated,,57,
coarse_grid,3.1999999999999993,1.1,3994.3190805518598,0.4212211555552401,positive_alpha_scaling_without_clipping,1.0,0,
coarse_grid,3.1999999999999993,1.1534900274281497,3993.4738594403743,0.42138726292944617,positive_alpha_scaling_without_clipping,1.0,0,
coarse_grid,3.1999999999999993,1.3213400942900544,3994.5318315216455,0.4212116582416475,positive_alpha_scaling_without_clipping,1.0,0,
coarse_grid,3.1999999999999993,1.5136148586141145,3994.281888003881,0.42122550720954965,positive_alpha_scaling_without_clipping,1.0,0,
coarse_grid,3.1999999999999993,1.6,3993.28685819644,0.4213888120345321,positive_alpha_scaling_without_clipping,1.0,0,
coarse_grid,3.1999999999999993,1.733868479521449,3991.500065779924,0.42172232885368355,positive_alpha_scaling_without_clipping,1.0,0,
coarse_grid,3.1999999999999993,1.9861722994914508,3993.620149688872,0.42138710962383286,positive_alpha_scaling_without_clipping,1.0,0,
coarse_grid,3.1999999999999993,2.1,3993.6838340839886,0.4213807342101444,positive_alpha_scaling_without_clipping,1.0,0,
coarse_grid,3.1999999999999993,2.2751901022827012,3993.382025806385,0.4213991242907422,positive_alpha_scaling_without_clipping,1.0,0,
coarse_grid,3.1999999999999993,2.6,3993.9779552513573,0.4212820090483858,positive_alpha_scaling_without_clipping,1.0,0,
coarse_grid,3.1999999999999993,2.6062643220080064,3992.8963647929454,0.4214637655585489,positive_alpha_scaling_without_clipping,1.0,0,
coarse_grid,3.1999999999999993,2.9855147969204046,3995.310051272149,0.42100938940107185,positive_alpha_scaling_without_clipping,1.0,0,
coarse_grid,3.1999999999999993,3.1,3994.2101203987518,0.4212396113632191,positive_alpha_scaling_without_clipping,1.0,0,
coarse_grid,3.1999999999999993,3.419951893353395,3995.852629885533,0.42094825505659567,positive_alpha_scaling_without_clipping,1.0,0,
coarse_grid,3.1999999999999993,3.6,4000.024740486008,0.42014688939336986,positive_alpha_scaling_without_clipping,1.0,0,
coarse_grid,3.1999999999999993,3.9176060908879475,3999.879867699032,0.42017552407775793,positive_alpha_scaling_without_clipping,1.0,0,
coarse_grid,3.1999999999999993,4.1,3999.7594995208574,0.4201875740772812,positive_alpha_scaling_without_clipping,1.0,0,
coarse_grid,3.1999999999999993,4.487676424101213,3999.268662401737,0.4202698297918637,positive_alpha_scaling_without_clipping,1.0,0,
coarse_grid,3.1999999999999993,4.6,4000.4231292359154,0.42007231942842965,positive_alpha_scaling_without_clipping,1.0,0,
coarse_grid,3.1999999999999993,5.1,4003.982657999244,0.4194052139841356,positive_alpha_scaling_without_clipping,1.0,0,
coarse_grid,3.1999999999999993,5.140700524811874,4005.094932567675,0.41915419164659773,positive_alpha_scaling_without_clipping,1.0,0,
coarse_grid,3.1999999999999993,5.6,4006.0132546524983,0.4189240477713292,positive_alpha_scaling_without_clipping,1.0,0,
coarse_grid,3.1999999999999993,5.8887494080177145,4003.955469931935,0.41934513376366384,positive_alpha_scaling_without_clipping,1.0,0,
coarse_grid,3.1999999999999993,6.1,4005.114222058296,0.41910171637270116,positive_alpha_scaling_without_clipping,1.0,0,
coarse_grid,3.1999999999999993,6.6,4004.259375872093,0.41925729527190386,positive_alpha_scaling_without_clipping,1.0,0,
coarse_grid,3.1999999999999993,6.745650602103109,4004.804774212079,0.4192026957104877,positive_alpha_scaling_without_clipping,1.0,0,
coarse_grid,3.1999999999999993,7.1,4004.3885644986094,0.4192762590404318,positive_alpha_scaling_without_clipping,1.0,0,
coarse_grid,3.1999999999999993,7.6,4004.787826858398,0.4192043923017867,positive_alpha_scaling_without_clipping,1.0,0,
coarse_grid,3.1999999999999993,7.727243747831959,4004.6024493157192,0.41922295035703666,positive_alpha_scaling_without_clipping,1.0,0,
coarse_grid,3.1999999999999993,8.1,4004.801002003311,0.4192030733444649,positive_alpha_scaling_without_clipping,1.0,0,
coarse_grid,3.1999999999999993,8.6,4003.903034365818,0.41936553588579834,positive_alpha_scaling_without_clipping,1.0,0,
coarse_grid,3.1999999999999993,8.851673390820459,4004.0322140023873,0.41934014881259374,positive_alpha_scaling_without_clipping,1.0,0,
coarse_grid,3.1999999999999993,9.1,4003.7434608621866,0.41939970069349786,positive_alpha_scaling_without_clipping,1.0,0,
coarse_grid,3.1999999999999993,9.6,4002.887303531915,0.4195534381711547,positive_alpha_scaling_without_clipping,1.0,0,
coarse_grid,3.1999999999999993,10.1,4002.7319351592073,0.4195839719948779,positive_alpha_scaling_without_clipping,1.0,0,
coarse_grid,3.1999999999999993,10.13972437969778,4002.38020863361,0.4196530951731938,positive_alpha_scaling_without_clipping,1.0,0,
coarse_grid,3.1999999999999993,10.6,4003.4768664536114,0.41945209325277577,positive_alpha_scaling_without_clipping,1.0,0,
coarse_grid,3.1999999999999993,11.1,4003.1137442081213,0.41950730540194214,positive_alpha_scaling_without_clipping,1.0,0,
coarse_grid,3.1999999999999993,11.6,4003.2030817277982,0.41953052251940054,positive_alpha_scaling_without_clipping,1.0,0,
coarse_grid,3.1999999999999993,11.615206069720077,4003.0809904208872,0.4195551571913758,positive_alpha_scaling_without_clipping,1.0,0,
coarse_grid,3.1999999999999993,12.1,3999.826249671677,0.4198364148742091,positive_alpha_scaling_without_clipping,1.0,0,
coarse_grid,3.1999999999999993,12.6,3998.9338709590065,0.4200140619839111,positive_alpha_scaling_without_clipping,1.0,0,
coarse_grid,3.1999999999999993,13.1,4002.9610023002224,0.41955826387155104,positive_alpha_scaling_without_clipping,1.0,0,
coarse_grid,3.1999999999999993,13.305392433761932,4000.045396607824,0.4197933469460256,positive_alpha_scaling_without_clipping,1.0,0,
coarse_grid,3.1999999999999993,13.6,4002.215567444256,0.4197070327884805,positive_alpha_scaling_without_clipping,1.0,0,
coarse_grid,3.1999999999999993,14.1,3999.110619643699,0.41997932638690616,positive_alpha_scaling_without_clipping,1.0,0,
coarse_grid,3.1999999999999993,14.6,4000.391873426409,0.41972525546821415,positive_alpha_scaling_without_clipping,1.0,0,
coarse_grid,3.1999999999999993,15.1,4004.021380545866,0.41937034669354634,positive_alpha_scaling_without_clipping,1.0,0,
coarse_grid,3.1999999999999993,15.241526216045477,3999.236549564972,0.41983104758186285,positive_alpha_scaling_without_clipping,1.0,0,
coarse_grid,3.1999999999999993,15.6,3999.236549564972,0.41983104758186285,positive_alpha_scaling_without_clipping,1.0,0,
coarse_grid,3.1999999999999993,16.1,4000.4210748149926,0.41971246533766454,positive_alpha_scaling_without_clipping,1.0,0,
coarse_grid,3.1999999999999993,16.6,4039.550550935388,0.41203085298361963,positive_alpha_scaling_without_clipping,1.0,0,
coarse_grid,3.1999999999999993,17.1,4038.2672458111297,0.4121158238617953,positive_alpha_scaling_without_clipping,1.0,0,
coarse_grid,3.1999999999999993,17.459396447784496,3999.1596844058004,0.41996868213857974,positive_alpha_scaling_without_clipping,1.0,0,
coarse_grid,3.1999999999999993,17.6,3998.57250041077,0.41996155007387276,positive_alpha_scaling_without_clipping,1.0,0,
coarse_grid,3.1999999999999993,18.1,3999.42326984343,0.41986385680305294,positive_alpha_scaling_without_clipping,1.0,0,
coarse_grid,3.1999999999999993,18.6,4039.8854244623562,0.4119248330598879,positive_alpha_scaling_without_clipping,1.0,0,
coarse_grid,3.1999999999999993,19.1,4037.2565899609317,0.41237196118949976,positive_alpha_scaling_without_clipping,1.0,0,
coarse_grid,3.1999999999999993,19.6,3997.42142003571,0.4201430640414791,positive_alpha_scaling_without_clipping,1.0,0,
coarse_grid,3.1999999999999993,20.000000000000004,4036.693946177228,0.4124378324504239,positive_alpha_scaling_without_clipping,1.0,0,
coarse_grid,3.3999999999999995,0.1,30279.33859230383,-3.890169490140438,evaluated,,14208,
coarse_grid,3.3999999999999995,0.11455149701087121,30279.33859230383,-3.890169490140438,evaluated,,14208,
coarse_grid,3.3999999999999995,0.13122045467431637,30279.33859230383,-3.890169490140438,evaluated,,14208,
coarse_grid,3.3999999999999995,0.1503149952139011,30279.160958678127,-3.8901345806300895,evaluated,,14207,
coarse_grid,3.3999999999999995,0.17218807724934312,30278.889131155614,-3.8900811596312677,evaluated,,14206,
coarse_grid,3.3999999999999995,0.1972440201633579,30278.635506159946,-3.8900313158903916,evaluated,,14206,
coarse_grid,3.3999999999999995,0.22594597786155107,30278.404260591575,-3.889985870274284,evaluated,,14206,
coarse_grid,3.3999999999999995,0.2588245000762584,30193.107934625,-3.881298913951399,evaluated,,14192,
coarse_grid,3.3999999999999995,0.29648733946825756,28801.929278581483,-3.7399926254298625,evaluated,,14091,
coarse_grid,3.3999999999999995,0.3396306858085926,24661.02912598823,-3.2492506687016074,evaluated,,13670,
coarse_grid,3.3999999999999995,0.3890520349020314,23254.621159885395,-3.0586355433074557,evaluated,,13055,
coarse_grid,3.3999999999999995,0.445664930131534,14097.620496454667,-1.297199687390765,evaluated,,11625,
coarse_grid,3.3999999999999995,0.5105158491181254,10963.446828093689,-0.7499001953974697,evaluated,,8670,
coarse_grid,3.3999999999999995,0.5848035476425733,6904.8344260995145,-0.07255032622458363,evaluated,,3775,
coarse_grid,3.3999999999999995,0.6,5708.464026720198,0.12905827205334947,evaluated,,3072,
coarse_grid,3.3999999999999995,0.669901218397251,4805.995338472027,0.2858138121228421,evaluated,,1762,
coarse_grid,3.3999999999999995,0.7673818741681168,4516.264500157169,0.3407576146442114,evaluated,,673,
coarse_grid,3.3999999999999995,0.8790474246496578,3995.0424333342007,0.4210738302073718,evaluated,,248,
coarse_grid,3.3999999999999995,1.0069619843716933,3994.6734831644617,0.4211978777660589,evaluated,,163,
coarse_grid,3.3999999999999995,1.1,3994.1147849540644,0.4212576244353089,evaluated,,3,
coarse_grid,3.3999999999999995,1.1534900274281497,3993.4738594403743,0.42138726292944617,positive_alpha_scaling_without_clipping,1.0,0,
coarse_grid,3.3999999999999995,1.3213400942900544,3994.5318315216455,0.4212116582416475,positive_alpha_scaling_without_clipping,1.0,0,
coarse_grid,3.3999999999999995,1.5136148586141145,3994.281888003881,0.42122550720954965,positive_alpha_scaling_without_clipping,1.0,0,
coarse_grid,3.3999999999999995,1.6,3993.28685819644,0.4213888120345321,positive_alpha_scaling_without_clipping,1.0,0,
coarse_grid,3.3999999999999995,1.733868479521449,3991.500065779924,0.42172232885368355,positive_alpha_scaling_without_clipping,1.0,0,
coarse_grid,3.3999999999999995,1.9861722994914508,3993.620149688872,0.42138710962383286,positive_alpha_scaling_without_clipping,1.0,0,
coarse_grid,3.3999999999999995,2.1,3993.6838340839886,0.4213807342101444,positive_alpha_scaling_without_clipping,1.0,0,
coarse_grid,3.3999999999999995,2.2751901022827012,3993.382025806385,0.4213991242907422,positive_alpha_scaling_without_clipping,1.0,0,
coarse_grid,3.3999999999999995,2.6,3993.9779552513573,0.4212820090483858,positive_alpha_scaling_without_clipping,1.0,0,
coarse_grid,3.3999999999999995,2.6062643220080064,3992.8963647929454,0.4214637655585489,positive_alpha_scaling_without_clipping,1.0,0,
coarse_grid,3.3999999999999995,2.9855147969204046,3995.310051272149,0.42100938940107185,positive_alpha_scaling_without_clipping,1.0,0,
coarse_grid,3.3999999999999995,3.1,3994.2101203987518,0.4212396113632191,positive_alpha_scaling_without_clipping,1.0,0,
coarse_grid,3.3999999999999995,3.419951893353395,3995.852629885533,0.42094825505659567,positive_alpha_scaling_without_clipping,1.0,0,
coarse_grid,3.3999999999999995,3.6,4000.024740486008,0.42014688939336986,positive_alpha_scaling_without_clipping,1.0,0,
coarse_grid,3.3999999999999995,3.9176060908879475,3999.879867699032,0.42017552407775793,positive_alpha_scaling_without_clipping,1.0,0,
coarse_grid,3.3999999999999995,4.1,3999.7594995208574,0.4201875740772812,positive_alpha_scaling_without_clipping,1.0,0,
coarse_grid,3.3999999999999995,4.487676424101213,3999.268662401737,0.4202698297918637,positive_alpha_scaling_without_clipping,1.0,0,
coarse_grid,3.3999999999999995,4.6,4000.4231292359154,0.42007231942842965,positive_alpha_scaling_without_clipping,1.0,0,
coarse_grid,3.3999999999999995,5.1,4003.982657999244,0.4194052139841356,positive_alpha_scaling_without_clipping,1.0,0,
coarse_grid,3.3999999999999995,5.140700524811874,4005.094932567675,0.41915419164659773,positive_alpha_scaling_without_clipping,1.0,0,
coarse_grid,3.3999999999999995,5.6,4006.0132546524983,0.4189240477713292,positive_alpha_scaling_without_clipping,1.0,0,
coarse_grid,3.3999999999999995,5.8887494080177145,4003.955469931935,0.41934513376366384,positive_alpha_scaling_without_clipping,1.0,0,
coarse_grid,3.3999999999999995,6.1,4005.114222058296,0.41910171637270116,positive_alpha_scaling_without_clipping,1.0,0,
coarse_grid,3.3999999999999995,6.6,4004.259375872093,0.41925729527190386,positive_alpha_scaling_without_clipping,1.0,0,
coarse_grid,3.3999999999999995,6.745650602103109,4004.804774212079,0.4192026957104877,positive_alpha_scaling_without_clipping,1.0,0,
coarse_grid,3.3999999999999995,7.1,4004.3885644986094,0.4192762590404318,positive_alpha_scaling_without_clipping,1.0,0,
coarse_grid,3.3999999999999995,7.6,4004.787826858398,0.4192043923017867,positive_alpha_scaling_without_clipping,1.0,0,
coarse_grid,3.3999999999999995,7.727243747831959,4004.6024493157192,0.41922295035703666,positive_alpha_scaling_without_clipping,1.0,0,
coarse_grid,3.3999999999999995,8.1,4004.801002003311,0.4192030733444649,positive_alpha_scaling_without_clipping,1.0,0,
coarse_grid,3.3999999999999995,8.6,4003.903034365818,0.41936553588579834,positive_alpha_scaling_without_clipping,1.0,0,
coarse_grid,3.3999999999999995,8.851673390820459,4004.0322140023873,0.41934014881259374,positive_alpha_scaling_without_clipping,1.0,0,
coarse_grid,3.3999999999999995,9.1,4003.7434608621866,0.41939970069349786,positive_alpha_scaling_without_clipping,1.0,0,
coarse_grid,3.3999999999999995,9.6,4002.887303531915,0.4195534381711547,positive_alpha_scaling_without_clipping,1.0,0,
coarse_grid,3.3999999999999995,10.1,4002.7319351592073,0.4195839719948779,positive_alpha_scaling_without_clipping,1.0,0,
coarse_grid,3.3999999999999995,10.13972437969778,4002.38020863361,0.4196530951731938,positive_alpha_scaling_without_clipping,1.0,0,
coarse_grid,3.3999999999999995,10.6,4003.4768664536114,0.41945209325277577,positive_alpha_scaling_without_clipping,1.0,0,
coarse_grid,3.3999999999999995,11.1,4003.1137442081213,0.41950730540194214,positive_alpha_scaling_without_clipping,1.0,0,
coarse_grid,3.3999999999999995,11.6,4003.2030817277982,0.41953052251940054,positive_alpha_scaling_without_clipping,1.0,0,
coarse_grid,3.3999999999999995,11.615206069720077,4003.0809904208872,0.4195551571913758,positive_alpha_scaling_without_clipping,1.0,0,
coarse_grid,3.3999999999999995,12.1,3999.826249671677,0.4198364148742091,positive_alpha_scaling_without_clipping,1.0,0,
coarse_grid,3.3999999999999995,12.6,3998.9338709590065,0.4200140619839111,positive_alpha_scaling_without_clipping,1.0,0,
coarse_grid,3.3999999999999995,13.1,4002.9610023002224,0.41955826387155104,positive_alpha_scaling_without_clipping,1.0,0,
coarse_grid,3.3999999999999995,13.305392433761932,4000.045396607824,0.4197933469460256,positive_alpha_scaling_without_clipping,1.0,0,
coarse_grid,3.3999999999999995,13.6,4002.215567444256,0.4197070327884805,positive_alpha_scaling_without_clipping,1.0,0,
coarse_grid,3.3999999999999995,14.1,3999.110619643699,0.41997932638690616,positive_alpha_scaling_without_clipping,1.0,0,
coarse_grid,3.3999999999999995,14.6,4000.391873426409,0.41972525546821415,positive_alpha_scaling_without_clipping,1.0,0,
coarse_grid,3.3999999999999995,15.1,4004.021380545866,0.41937034669354634,positive_alpha_scaling_without_clipping,1.0,0,
coarse_grid,3.3999999999999995,15.241526216045477,3999.236549564972,0.41983104758186285,positive_alpha_scaling_without_clipping,1.0,0,
coarse_grid,3.3999999999999995,15.6,3999.236549564972,0.41983104758186285,positive_alpha_scaling_without_clipping,1.0,0,
coarse_grid,3.3999999999999995,16.1,4000.4210748149926,0.41971246533766454,positive_alpha_scaling_without_clipping,1.0,0,
coarse_grid,3.3999999999999995,16.6,4039.550550935388,0.41203085298361963,positive_alpha_scaling_without_clipping,1.0,0,
coarse_grid,3.3999999999999995,17.1,4038.2672458111297,0.4121158238617953,positive_alpha_scaling_without_clipping,1.0,0,
coarse_grid,3.3999999999999995,17.459396447784496,3999.1596844058004,0.41996868213857974,positive_alpha_scaling_without_clipping,1.0,0,
coarse_grid,3.3999999999999995,17.6,3998.57250041077,0.41996155007387276,positive_alpha_scaling_without_clipping,1.0,0,
coarse_grid,3.3999999999999995,18.1,3999.42326984343,0.41986385680305294,positive_alpha_scaling_without_clipping,1.0,0,
coarse_grid,3.3999999999999995,18.6,4039.8854244623562,0.4119248330598879,positive_alpha_scaling_without_clipping,1.0,0,
coarse_grid,3.3999999999999995,19.1,4037.2565899609317,0.41237196118949976,positive_alpha_scaling_without_clipping,1.0,0,
coarse_grid,3.3999999999999995,19.6,3997.42142003571,0.4201430640414791,positive_alpha_scaling_without_clipping,1.0,0,
coarse_grid,3.3999999999999995,20.000000000000004,4036.693946177228,0.4124378324504239,positive_alpha_scaling_without_clipping,1.0,0,
coarse_grid,3.5999999999999996,0.1,30279.33859230383,-3.890169490140438,evaluated,,14208,
coarse_grid,3.5999999999999996,0.11455149701087121,30279.33859230383,-3.890169490140438,evaluated,,14208,
coarse_grid,3.5999999999999996,0.13122045467431637,30279.33859230383,-3.890169490140438,evaluated,,14208,
coarse_grid,3.5999999999999996,0.1503149952139011,30279.282189623096,-3.890158405583901,evaluated,,14207,
coarse_grid,3.5999999999999996,0.17218807724934312,30279.002164072444,-3.8901033734647354,evaluated,,14206,
coarse_grid,3.5999999999999996,0.1972440201633579,30278.73956345114,-3.8900517657858957,evaluated,,14206,
coarse_grid,3.5999999999999996,0.22594597786155107,30278.498754216394,-3.890004440666913,evaluated,,14206,
coarse_grid,3.5999999999999996,0.2588245000762584,30272.776610882825,-3.889378829296399,evaluated,,14205,
coarse_grid,3.5999999999999996,0.29648733946825756,29843.53685120368,-3.8455947375106927,evaluated,,14183,
coarse_grid,3.5999999999999996,0.3396306858085926,28466.854432569115,-3.701698325458351,evaluated,,14027,
coarse_grid,3.5999999999999996,0.3890520349020314,23628.11795835307,-3.123453398442416,evaluated,,13202,
coarse_grid,3.5999999999999996,0.445664930131534,16430.314817194358,-1.7391872057151514,evaluated,,12294,
coarse_grid,3.5999999999999996,0.5105158491181254,12301.166984118352,-0.9817066136441972,evaluated,,10199,
coarse_grid,3.5999999999999996,0.5848035476425733,9706.724603101327,-0.5544039133680361,evaluated,,6012,
coarse_grid,3.5999999999999996,0.6,7898.879212144877,-0.23934053068550787,evaluated,,4564,
coarse_grid,3.5999999999999996,0.669901218397251,5122.035272803129,0.22911182710878653,evaluated,,2336,
coarse_grid,3.5999999999999996,0.7673818741681168,4731.2578068494495,0.300496297523348,evaluated,,1185,
coarse_grid,3.5999999999999996,0.8790474246496578,3996.8099679006327,0.42074013598327686,evaluated,,259,
coarse_grid,3.5999999999999996,1.0069619843716933,3995.869527086839,0.42094876715338453,evaluated,,242,
coarse_grid,3.5999999999999996,1.1,3994.845212483944,0.42111407690983016,evaluated,,115,
coarse_grid,3.5999999999999996,1.1534900274281497,3993.4738594403743,0.4213872629294461,evaluated,,36,
coarse_grid,3.5999999999999996,1.3213400942900544,3994.5318315216455,0.4212116582416475,positive_alpha_scaling_without_clipping,1.0,0,
coarse_grid,3.5999999999999996,1.5136148586141145,3994.281888003881,0.42122550720954965,positive_alpha_scaling_without_clipping,1.0,0,
coarse_grid,3.5999999999999996,1.6,3993.28685819644,0.4213888120345321,positive_alpha_scaling_without_clipping,1.0,0,
coarse_grid,3.5999999999999996,1.733868479521449,3991.500065779924,0.42172232885368355,positive_alpha_scaling_without_clipping,1.0,0,
coarse_grid,3.5999999999999996,1.9861722994914508,3993.620149688872,0.42138710962383286,positive_alpha_scaling_without_clipping,1.0,0,
coarse_grid,3.5999999999999996,2.1,3993.6838340839886,0.4213807342101444,positive_alpha_scaling_without_clipping,1.0,0,
coarse_grid,3.5999999999999996,2.2751901022827012,3993.382025806385,0.4213991242907422,positive_alpha_scaling_without_clipping,1.0,0,
coarse_grid,3.5999999999999996,2.6,3993.9779552513573,0.4212820090483858,positive_alpha_scaling_without_clipping,1.0,0,
coarse_grid,3.5999999999999996,2.6062643220080064,3992.8963647929454,0.4214637655585489,positive_alpha_scaling_without_clipping,1.0,0,
coarse_grid,3.5999999999999996,2.9855147969204046,3995.310051272149,0.42100938940107185,positive_alpha_scaling_without_clipping,1.0,0,
coarse_grid,3.5999999999999996,3.1,3994.2101203987518,0.4212396113632191,positive_alpha_scaling_without_clipping,1.0,0,
coarse_grid,3.5999999999999996,3.419951893353395,3995.852629885533,0.42094825505659567,positive_alpha_scaling_without_clipping,1.0,0,
coarse_grid,3.5999999999999996,3.6,4000.024740486008,0.42014688939336986,positive_alpha_scaling_without_clipping,1.0,0,
coarse_grid,3.5999999999999996,3.9176060908879475,3999.879867699032,0.42017552407775793,positive_alpha_scaling_without_clipping,1.0,0,
coarse_grid,3.5999999999999996,4.1,3999.7594995208574,0.4201875740772812,positive_alpha_scaling_without_clipping,1.0,0,
coarse_grid,3.5999999999999996,4.487676424101213,3999.268662401737,0.4202698297918637,positive_alpha_scaling_without_clipping,1.0,0,
coarse_grid,3.5999999999999996,4.6,4000.4231292359154,0.42007231942842965,positive_alpha_scaling_without_clipping,1.0,0,
coarse_grid,3.5999999999999996,5.1,4003.982657999244,0.4194052139841356,positive_alpha_scaling_without_clipping,1.0,0,
coarse_grid,3.5999999999999996,5.140700524811874,4005.094932567675,0.41915419164659773,positive_alpha_scaling_without_clipping,1.0,0,
coarse_grid,3.5999999999999996,5.6,4006.0132546524983,0.4189240477713292,positive_alpha_scaling_without_clipping,1.0,0,
coarse_grid,3.5999999999999996,5.8887494080177145,4003.955469931935,0.41934513376366384,positive_alpha_scaling_without_clipping,1.0,0,
coarse_grid,3.5999999999999996,6.1,4005.114222058296,0.41910171637270116,positive_alpha_scaling_without_clipping,1.0,0,
coarse_grid,3.5999999999999996,6.6,4004.259375872093,0.41925729527190386,positive_alpha_scaling_without_clipping,1.0,0,
coarse_grid,3.5999999999999996,6.745650602103109,4004.804774212079,0.4192026957104877,positive_alpha_scaling_without_clipping,1.0,0,
coarse_grid,3.5999999999999996,7.1,4004.3885644986094,0.4192762590404318,positive_alpha_scaling_without_clipping,1.0,0,
coarse_grid,3.5999999999999996,7.6,4004.787826858398,0.4192043923017867,positive_alpha_scaling_without_clipping,1.0,0,
coarse_grid,3.5999999999999996,7.727243747831959,4004.6024493157192,0.41922295035703666,positive_alpha_scaling_without_clipping,1.0,0,
coarse_grid,3.5999999999999996,8.1,4004.801002003311,0.4192030733444649,positive_alpha_scaling_without_clipping,1.0,0,
coarse_grid,3.5999999999999996,8.6,4003.903034365818,0.41936553588579834,positive_alpha_scaling_without_clipping,1.0,0,
coarse_grid,3.5999999999999996,8.851673390820459,4004.0322140023873,0.41934014881259374,positive_alpha_scaling_without_clipping,1.0,0,
coarse_grid,3.5999999999999996,9.1,4003.7434608621866,0.41939970069349786,positive_alpha_scaling_without_clipping,1.0,0,
coarse_grid,3.5999999999999996,9.6,4002.887303531915,0.4195534381711547,positive_alpha_scaling_without_clipping,1.0,0,
coarse_grid,3.5999999999999996,10.1,4002.7319351592073,0.4195839719948779,positive_alpha_scaling_without_clipping,1.0,0,
coarse_grid,3.5999999999999996,10.13972437969778,4002.38020863361,0.4196530951731938,positive_alpha_scaling_without_clipping,1.0,0,
coarse_grid,3.5999999999999996,10.6,4003.4768664536114,0.41945209325277577,positive_alpha_scaling_without_clipping,1.0,0,
coarse_grid,3.5999999999999996,11.1,4003.1137442081213,0.41950730540194214,positive_alpha_scaling_without_clipping,1.0,0,
coarse_grid,3.5999999999999996,11.6,4003.2030817277982,0.41953052251940054,positive_alpha_scaling_without_clipping,1.0,0,
coarse_grid,3.5999999999999996,11.615206069720077,4003.0809904208872,0.4195551571913758,positive_alpha_scaling_without_clipping,1.0,0,
coarse_grid,3.5999999999999996,12.1,3999.826249671677,0.4198364148742091,positive_alpha_scaling_without_clipping,1.0,0,
coarse_grid,3.5999999999999996,12.6,3998.9338709590065,0.4200140619839111,positive_alpha_scaling_without_clipping,1.0,0,
coarse_grid,3.5999999999999996,13.1,4002.9610023002224,0.41955826387155104,positive_alpha_scaling_without_clipping,1.0,0,
coarse_grid,3.5999999999999996,13.305392433761932,4000.045396607824,0.4197933469460256,positive_alpha_scaling_without_clipping,1.0,0,
coarse_grid,3.5999999999999996,13.6,4002.215567444256,0.4197070327884805,positive_alpha_scaling_without_clipping,1.0,0,
coarse_grid,3.5999999999999996,14.1,3999.110619643699,0.41997932638690616,positive_alpha_scaling_without_clipping,1.0,0,
coarse_grid,3.5999999999999996,14.6,4000.391873426409,0.41972525546821415,positive_alpha_scaling_without_clipping,1.0,0,
coarse_grid,3.5999999999999996,15.1,4004.021380545866,0.41937034669354634,positive_alpha_scaling_without_clipping,1.0,0,
coarse_grid,3.5999999999999996,15.241526216045477,3999.236549564972,0.41983104758186285,positive_alpha_scaling_without_clipping,1.0,0,
coarse_grid,3.5999999999999996,15.6,3999.236549564972,0.41983104758186285,positive_alpha_scaling_without_clipping,1.0,0,
coarse_grid,3.5999999999999996,16.1,4000.4210748149926,0.41971246533766454,positive_alpha_scaling_without_clipping,1.0,0,
coarse_grid,3.5999999999999996,16.6,4039.550550935388,0.41203085298361963,positive_alpha_scaling_without_clipping,1.0,0,
coarse_grid,3.5999999999999996,17.1,4038.2672458111297,0.4121158238617953,positive_alpha_scaling_without_clipping,1.0,0,
coarse_grid,3.5999999999999996,17.459396447784496,3999.1596844058004,0.41996868213857974,positive_alpha_scaling_without_clipping,1.0,0,
coarse_grid,3.5999999999999996,17.6,3998.57250041077,0.41996155007387276,positive_alpha_scaling_without_clipping,1.0,0,
coarse_grid,3.5999999999999996,18.1,3999.42326984343,0.41986385680305294,positive_alpha_scaling_without_clipping,1.0,0,
coarse_grid,3.5999999999999996,18.6,4039.8854244623562,0.4119248330598879,positive_alpha_scaling_without_clipping,1.0,0,
coarse_grid,3.5999999999999996,19.1,4037.2565899609317,0.41237196118949976,positive_alpha_scaling_without_clipping,1.0,0,
coarse_grid,3.5999999999999996,19.6,3997.42142003571,0.4201430640414791,positive_alpha_scaling_without_clipping,1.0,0,
coarse_grid,3.5999999999999996,20.000000000000004,4036.693946177228,0.4124378324504239,positive_alpha_scaling_without_clipping,1.0,0,
coarse_grid,3.7999999999999994,0.1,30279.33859230383,-3.890169490140438,evaluated,,14208,
coarse_grid,3.7999999999999994,0.11455149701087121,30279.33859230383,-3.890169490140438,evaluated,,14208,
coarse_grid,3.7999999999999994,0.13122045467431637,30279.33859230383,-3.890169490140438,evaluated,,14208,
coarse_grid,3.7999999999999994,0.1503149952139011,30279.33859230383,-3.890169490140438,evaluated,,14208,
coarse_grid,3.7999999999999994,0.17218807724934312,30279.111806346613,-3.890124920950969,evaluated,,14207,
coarse_grid,3.7999999999999994,0.1972440201633579,30278.84155405967,-3.8900718095258657,evaluated,,14206,
coarse_grid,3.7999999999999994,0.22594597786155107,30278.59188844313,-3.890022743903357,evaluated,,14206,
coarse_grid,3.7999999999999994,0.2588245000762584,30273.110477347887,-3.889444442520079,evaluated,,14205,
coarse_grid,3.7999999999999994,0.29648733946825756,29869.328511556563,-3.8486902464586175,evaluated,,14187,
coarse_grid,3.7999999999999994,0.3396306858085926,28756.90496214969,-3.734148466320141,evaluated,,14080,
coarse_grid,3.7999999999999994,0.3890520349020314,24598.60605151248,-3.2377528957182173,evaluated,,13667,
coarse_grid,3.7999999999999994,0.445664930131534,18984.743094580743,-2.235226578494803,evaluated,,12506,
coarse_grid,3.7999999999999994,0.5105158491181254,13842.690066611287,-1.2512984285505107,evaluated,,11331,
coarse_grid,3.7999999999999994,0.5848035476425733,10715.149110939881,-0.7139349224129676,evaluated,,7760,
coarse_grid,3.7999999999999994,0.6,9812.252272382555,-0.5638803107034902,evaluated,,6735,
coarse_grid,3.7999999999999994,0.669901218397251,5707.686454907202,0.12919707268968855,evaluated,,3072,
coarse_grid,3.7999999999999994,0.7673818741681168,4811.631793390372,0.28470254169652065,evaluated,,1654,
coarse_grid,3.7999999999999994,0.8790474246496578,4027.6438685115163,0.41605256632550963,evaluated,,430,
coarse_grid,3.7999999999999994,1.0069619843716933,3993.9013365204873,0.42133801875626714,evaluated,,248,
coarse_grid,3.7999999999999994,1.1,3994.319080551859,0.4212211555552402,evaluated,,207,
coarse_grid,3.7999999999999994,1.1534900274281497,3993.4738594403743,0.4213872629294461,evaluated,,115,
coarse_grid,3.7999999999999994,1.3213400942900544,3994.5318315216455,0.4212116582416475,positive_alpha_scaling_without_clipping,1.0,0,
coarse_grid,3.7999999999999994,1.5136148586141145,3994.281888003881,0.42122550720954965,positive_alpha_scaling_without_clipping,1.0,0,
coarse_grid,3.7999999999999994,1.6,3993.28685819644,0.4213888120345321,positive_alpha_scaling_without_clipping,1.0,0,
coarse_grid,3.7999999999999994,1.733868479521449,3991.500065779924,0.42172232885368355,positive_alpha_scaling_without_clipping,1.0,0,
coarse_grid,3.7999999999999994,1.9861722994914508,3993.620149688872,0.42138710962383286,positive_alpha_scaling_without_clipping,1.0,0,
coarse_grid,3.7999999999999994,2.1,3993.6838340839886,0.4213807342101444,positive_alpha_scaling_without_clipping,1.0,0,
coarse_grid,3.7999999999999994,2.2751901022827012,3993.382025806385,0.4213991242907422,positive_alpha_scaling_without_clipping,1.0,0,
coarse_grid,3.7999999999999994,2.6,3993.9779552513573,0.4212820090483858,positive_alpha_scaling_without_clipping,1.0,0,
coarse_grid,3.7999999999999994,2.6062643220080064,3992.8963647929454,0.4214637655585489,positive_alpha_scaling_without_clipping,1.0,0,
coarse_grid,3.7999999999999994,2.9855147969204046,3995.310051272149,0.42100938940107185,positive_alpha_scaling_without_clipping,1.0,0,
coarse_grid,3.7999999999999994,3.1,3994.2101203987518,0.4212396113632191,positive_alpha_scaling_without_clipping,1.0,0,
coarse_grid,3.7999999999999994,3.419951893353395,3995.852629885533,0.42094825505659567,positive_alpha_scaling_without_clipping,1.0,0,
coarse_grid,3.7999999999999994,3.6,4000.024740486008,0.42014688939336986,positive_alpha_scaling_without_clipping,1.0,0,
coarse_grid,3.7999999999999994,3.9176060908879475,3999.879867699032,0.42017552407775793,positive_alpha_scaling_without_clipping,1.0,0,
coarse_grid,3.7999999999999994,4.1,3999.7594995208574,0.4201875740772812,positive_alpha_scaling_without_clipping,1.0,0,
coarse_grid,3.7999999999999994,4.487676424101213,3999.268662401737,0.4202698297918637,positive_alpha_scaling_without_clipping,1.0,0,
coarse_grid,3.7999999999999994,4.6,4000.4231292359154,0.42007231942842965,positive_alpha_scaling_without_clipping,1.0,0,
coarse_grid,3.7999999999999994,5.1,4003.982657999244,0.4194052139841356,positive_alpha_scaling_without_clipping,1.0,0,
coarse_grid,3.7999999999999994,5.140700524811874,4005.094932567675,0.41915419164659773,positive_alpha_scaling_without_clipping,1.0,0,
coarse_grid,3.7999999999999994,5.6,4006.0132546524983,0.4189240477713292,positive_alpha_scaling_without_clipping,1.0,0,
coarse_grid,3.7999999999999994,5.8887494080177145,4003.955469931935,0.41934513376366384,positive_alpha_scaling_without_clipping,1.0,0,
coarse_grid,3.7999999999999994,6.1,4005.114222058296,0.41910171637270116,positive_alpha_scaling_without_clipping,1.0,0,
coarse_grid,3.7999999999999994,6.6,4004.259375872093,0.41925729527190386,positive_alpha_scaling_without_clipping,1.0,0,
coarse_grid,3.7999999999999994,6.745650602103109,4004.804774212079,0.4192026957104877,positive_alpha_scaling_without_clipping,1.0,0,
coarse_grid,3.7999999999999994,7.1,4004.3885644986094,0.4192762590404318,positive_alpha_scaling_without_clipping,1.0,0,
coarse_grid,3.7999999999999994,7.6,4004.787826858398,0.4192043923017867,positive_alpha_scaling_without_clipping,1.0,0,
coarse_grid,3.7999999999999994,7.727243747831959,4004.6024493157192,0.41922295035703666,positive_alpha_scaling_without_clipping,1.0,0,
coarse_grid,3.7999999999999994,8.1,4004.801002003311,0.4192030733444649,positive_alpha_scaling_without_clipping,1.0,0,
coarse_grid,3.7999999999999994,8.6,4003.903034365818,0.41936553588579834,positive_alpha_scaling_without_clipping,1.0,0,
coarse_grid,3.7999999999999994,8.851673390820459,4004.0322140023873,0.41934014881259374,positive_alpha_scaling_without_clipping,1.0,0,
coarse_grid,3.7999999999999994,9.1,4003.7434608621866,0.41939970069349786,positive_alpha_scaling_without_clipping,1.0,0,
coarse_grid,3.7999999999999994,9.6,4002.887303531915,0.4195534381711547,positive_alpha_scaling_without_clipping,1.0,0,
coarse_grid,3.7999999999999994,10.1,4002.7319351592073,0.4195839719948779,positive_alpha_scaling_without_clipping,1.0,0,
coarse_grid,3.7999999999999994,10.13972437969778,4002.38020863361,0.4196530951731938,positive_alpha_scaling_without_clipping,1.0,0,
coarse_grid,3.7999999999999994,10.6,4003.4768664536114,0.41945209325277577,positive_alpha_scaling_without_clipping,1.0,0,
coarse_grid,3.7999999999999994,11.1,4003.1137442081213,0.41950730540194214,positive_alpha_scaling_without_clipping,1.0,0,
coarse_grid,3.7999999999999994,11.6,4003.2030817277982,0.41953052251940054,positive_alpha_scaling_without_clipping,1.0,0,
coarse_grid,3.7999999999999994,11.615206069720077,4003.0809904208872,0.4195551571913758,positive_alpha_scaling_without_clipping,1.0,0,
coarse_grid,3.7999999999999994,12.1,3999.826249671677,0.4198364148742091,positive_alpha_scaling_without_clipping,1.0,0,
coarse_grid,3.7999999999999994,12.6,3998.9338709590065,0.4200140619839111,positive_alpha_scaling_without_clipping,1.0,0,
coarse_grid,3.7999999999999994,13.1,4002.9610023002224,0.41955826387155104,positive_alpha_scaling_without_clipping,1.0,0,
coarse_grid,3.7999999999999994,13.305392433761932,4000.045396607824,0.4197933469460256,positive_alpha_scaling_without_clipping,1.0,0,
coarse_grid,3.7999999999999994,13.6,4002.215567444256,0.4197070327884805,positive_alpha_scaling_without_clipping,1.0,0,
coarse_grid,3.7999999999999994,14.1,3999.110619643699,0.41997932638690616,positive_alpha_scaling_without_clipping,1.0,0,
coarse_grid,3.7999999999999994,14.6,4000.391873426409,0.41972525546821415,positive_alpha_scaling_without_clipping,1.0,0,
coarse_grid,3.7999999999999994,15.1,4004.021380545866,0.41937034669354634,positive_alpha_scaling_without_clipping,1.0,0,
coarse_grid,3.7999999999999994,15.241526216045477,3999.236549564972,0.41983104758186285,positive_alpha_scaling_without_clipping,1.0,0,
coarse_grid,3.7999999999999994,15.6,3999.236549564972,0.41983104758186285,positive_alpha_scaling_without_clipping,1.0,0,
coarse_grid,3.7999999999999994,16.1,4000.4210748149926,0.41971246533766454,positive_alpha_scaling_without_clipping,1.0,0,
coarse_grid,3.7999999999999994,16.6,4039.550550935388,0.41203085298361963,positive_alpha_scaling_without_clipping,1.0,0,
coarse_grid,3.7999999999999994,17.1,4038.2672458111297,0.4121158238617953,positive_alpha_scaling_without_clipping,1.0,0,
coarse_grid,3.7999999999999994,17.459396447784496,3999.1596844058004,0.41996868213857974,positive_alpha_scaling_without_clipping,1.0,0,
coarse_grid,3.7999999999999994,17.6,3998.57250041077,0.41996155007387276,positive_alpha_scaling_without_clipping,1.0,0,
coarse_grid,3.7999999999999994,18.1,3999.42326984343,0.41986385680305294,positive_alpha_scaling_without_clipping,1.0,0,
coarse_grid,3.7999999999999994,18.6,4039.8854244623562,0.4119248330598879,positive_alpha_scaling_without_clipping,1.0,0,
coarse_grid,3.7999999999999994,19.1,4037.2565899609317,0.41237196118949976,positive_alpha_scaling_without_clipping,1.0,0,
coarse_grid,3.7999999999999994,19.6,3997.42142003571,0.4201430640414791,positive_alpha_scaling_without_clipping,1.0,0,
coarse_grid,3.7999999999999994,20.000000000000004,4036.693946177228,0.4124378324504239,positive_alpha_scaling_without_clipping,1.0,0,
coarse_grid,3.999999999999999,0.1,30279.33859230383,-3.890169490140438,evaluated,,14208,
coarse_grid,3.999999999999999,0.11455149701087121,30279.33859230383,-3.890169490140438,evaluated,,14208,
coarse_grid,3.999999999999999,0.13122045467431637,30279.33859230383,-3.890169490140438,evaluated,,14208,
coarse_grid,3.999999999999999,0.1503149952139011,30279.33859230383,-3.890169490140438,evaluated,,14208,
coarse_grid,3.999999999999999,0.17218807724934312,30279.216233067236,-3.89014544344872,evaluated,,14207,
coarse_grid,3.999999999999999,0.1972440201633579,30278.94141234728,-3.8900914342107233,evaluated,,14206,
coarse_grid,3.999999999999999,0.22594597786155107,30278.68356093835,-3.8900407598725044,evaluated,,14206,
coarse_grid,3.999999999999999,0.2588245000762584,30278.44783172803,-3.8899944331070966,evaluated,,14206,
coarse_grid,3.999999999999999,0.29648733946825756,30266.057247813646,-3.8886747766695473,evaluated,,14204,
coarse_grid,3.999999999999999,0.3396306858085926,29709.435137188673,-3.831754624919067,evaluated,,14157,
coarse_grid,3.999999999999999,0.3890520349020314,25165.85971452945,-3.312467360438659,evaluated,,13718,
coarse_grid,3.999999999999999,0.445664930131534,23376.38491593787,-3.0815556799366144,evaluated,,13089,
coarse_grid,3.999999999999999,0.5105158491181254,14346.150680497352,-1.341380818694824,evaluated,,11790,
coarse_grid,3.999999999999999,0.5848035476425733,11093.10119627311,-0.7686981188968638,evaluated,,9039,
coarse_grid,3.999999999999999,0.6,10963.446530674579,-0.7499001656229878,evaluated,,8670,
coarse_grid,3.999999999999999,0.669901218397251,7627.951153485987,-0.19516107365323487,evaluated,,4391,
coarse_grid,3.999999999999999,0.7673818741681168,4963.642793943872,0.25808057565723536,evaluated,,2062,
coarse_grid,3.999999999999999,0.8790474246496578,4621.81917222378,0.3220055333808374,evaluated,,868,
coarse_grid,3.999999999999999,1.0069619843716933,3993.7249940056045,0.4213726745306084,evaluated,,248,
coarse_grid,3.999999999999999,1.1,3994.3190805518598,0.4212211555552401,evaluated,,247,
coarse_grid,3.999999999999999,1.1534900274281497,3993.4738594403743,0.42138726292944617,evaluated,,214,
coarse_grid,3.999999999999999,1.3213400942900544,3994.5318315216455,0.4212116582416475,positive_alpha_scaling_without_clipping,1.0,0,
coarse_grid,3.999999999999999,1.5136148586141145,3994.281888003881,0.42122550720954965,positive_alpha_scaling_without_clipping,1.0,0,
coarse_grid,3.999999999999999,1.6,3993.28685819644,0.4213888120345321,positive_alpha_scaling_without_clipping,1.0,0,
coarse_grid,3.999999999999999,1.733868479521449,3991.500065779924,0.42172232885368355,positive_alpha_scaling_without_clipping,1.0,0,
coarse_grid,3.999999999999999,1.9861722994914508,3993.620149688872,0.42138710962383286,positive_alpha_scaling_without_clipping,1.0,0,
coarse_grid,3.999999999999999,2.1,3993.6838340839886,0.4213807342101444,positive_alpha_scaling_without_clipping,1.0,0,
coarse_grid,3.999999999999999,2.2751901022827012,3993.382025806385,0.4213991242907422,positive_alpha_scaling_without_clipping,1.0,0,
coarse_grid,3.999999999999999,2.6,3993.9779552513573,0.4212820090483858,positive_alpha_scaling_without_clipping,1.0,0,
coarse_grid,3.999999999999999,2.6062643220080064,3992.8963647929454,0.4214637655585489,positive_alpha_scaling_without_clipping,1.0,0,
coarse_grid,3.999999999999999,2.9855147969204046,3995.310051272149,0.42100938940107185,positive_alpha_scaling_without_clipping,1.0,0,
coarse_grid,3.999999999999999,3.1,3994.2101203987518,0.4212396113632191,positive_alpha_scaling_without_clipping,1.0,0,
coarse_grid,3.999999999999999,3.419951893353395,3995.852629885533,0.42094825505659567,positive_alpha_scaling_without_clipping,1.0,0,
coarse_grid,3.999999999999999,3.6,4000.024740486008,0.42014688939336986,positive_alpha_scaling_without_clipping,1.0,0,
coarse_grid,3.999999999999999,3.9176060908879475,3999.879867699032,0.42017552407775793,positive_alpha_scaling_without_clipping,1.0,0,
coarse_grid,3.999999999999999,4.1,3999.7594995208574,0.4201875740772812,positive_alpha_scaling_without_clipping,1.0,0,
coarse_grid,3.999999999999999,4.487676424101213,3999.268662401737,0.4202698297918637,positive_alpha_scaling_without_clipping,1.0,0,
coarse_grid,3.999999999999999,4.6,4000.4231292359154,0.42007231942842965,positive_alpha_scaling_without_clipping,1.0,0,
coarse_grid,3.999999999999999,5.1,4003.982657999244,0.4194052139841356,positive_alpha_scaling_without_clipping,1.0,0,
coarse_grid,3.999999999999999,5.140700524811874,4005.094932567675,0.41915419164659773,positive_alpha_scaling_without_clipping,1.0,0,
coarse_grid,3.999999999999999,5.6,4006.0132546524983,0.4189240477713292,positive_alpha_scaling_without_clipping,1.0,0,
coarse_grid,3.999999999999999,5.8887494080177145,4003.955469931935,0.41934513376366384,positive_alpha_scaling_without_clipping,1.0,0,
coarse_grid,3.999999999999999,6.1,4005.114222058296,0.41910171637270116,positive_alpha_scaling_without_clipping,1.0,0,
coarse_grid,3.999999999999999,6.6,4004.259375872093,0.41925729527190386,positive_alpha_scaling_without_clipping,1.0,0,
coarse_grid,3.999999999999999,6.745650602103109,4004.804774212079,0.4192026957104877,positive_alpha_scaling_without_clipping,1.0,0,
coarse_grid,3.999999999999999,7.1,4004.3885644986094,0.4192762590404318,positive_alpha_scaling_without_clipping,1.0,0,
coarse_grid,3.999999999999999,7.6,4004.787826858398,0.4192043923017867,positive_alpha_scaling_without_clipping,1.0,0,
coarse_grid,3.999999999999999,7.727243747831959,4004.6024493157192,0.41922295035703666,positive_alpha_scaling_without_clipping,1.0,0,
coarse_grid,3.999999999999999,8.1,4004.801002003311,0.4192030733444649,positive_alpha_scaling_without_clipping,1.0,0,
coarse_grid,3.999999999999999,8.6,4003.903034365818,0.41936553588579834,positive_alpha_scaling_without_clipping,1.0,0,
coarse_grid,3.999999999999999,8.851673390820459,4004.0322140023873,0.41934014881259374,positive_alpha_scaling_without_clipping,1.0,0,
coarse_grid,3.999999999999999,9.1,4003.7434608621866,0.41939970069349786,positive_alpha_scaling_without_clipping,1.0,0,
coarse_grid,3.999999999999999,9.6,4002.887303531915,0.4195534381711547,positive_alpha_scaling_without_clipping,1.0,0,
coarse_grid,3.999999999999999,10.1,4002.7319351592073,0.4195839719948779,positive_alpha_scaling_without_clipping,1.0,0,
coarse_grid,3.999999999999999,10.13972437969778,4002.38020863361,0.4196530951731938,positive_alpha_scaling_without_clipping,1.0,0,
coarse_grid,3.999999999999999,10.6,4003.4768664536114,0.41945209325277577,positive_alpha_scaling_without_clipping,1.0,0,
coarse_grid,3.999999999999999,11.1,4003.1137442081213,0.41950730540194214,positive_alpha_scaling_without_clipping,1.0,0,
coarse_grid,3.999999999999999,11.6,4003.2030817277982,0.41953052251940054,positive_alpha_scaling_without_clipping,1.0,0,
coarse_grid,3.999999999999999,11.615206069720077,4003.0809904208872,0.4195551571913758,positive_alpha_scaling_without_clipping,1.0,0,
coarse_grid,3.999999999999999,12.1,3999.826249671677,0.4198364148742091,positive_alpha_scaling_without_clipping,1.0,0,
coarse_grid,3.999999999999999,12.6,3998.9338709590065,0.4200140619839111,positive_alpha_scaling_without_clipping,1.0,0,
coarse_grid,3.999999999999999,13.1,4002.9610023002224,0.41955826387155104,positive_alpha_scaling_without_clipping,1.0,0,
coarse_grid,3.999999999999999,13.305392433761932,4000.045396607824,0.4197933469460256,positive_alpha_scaling_without_clipping,1.0,0,
coarse_grid,3.999999999999999,13.6,4002.215567444256,0.4197070327884805,positive_alpha_scaling_without_clipping,1.0,0,
coarse_grid,3.999999999999999,14.1,3999.110619643699,0.41997932638690616,positive_alpha_scaling_without_clipping,1.0,0,
coarse_grid,3.999999999999999,14.6,4000.391873426409,0.41972525546821415,positive_alpha_scaling_without_clipping,1.0,0,
coarse_grid,3.999999999999999,15.1,4004.021380545866,0.41937034669354634,positive_alpha_scaling_without_clipping,1.0,0,
coarse_grid,3.999999999999999,15.241526216045477,3999.236549564972,0.41983104758186285,positive_alpha_scaling_without_clipping,1.0,0,
coarse_grid,3.999999999999999,15.6,3999.236549564972,0.41983104758186285,positive_alpha_scaling_without_clipping,1.0,0,
coarse_grid,3.999999999999999,16.1,4000.4210748149926,0.41971246533766454,positive_alpha_scaling_without_clipping,1.0,0,
coarse_grid,3.999999999999999,16.6,4039.550550935388,0.41203085298361963,positive_alpha_scaling_without_clipping,1.0,0,
coarse_grid,3.999999999999999,17.1,4038.2672458111297,0.4121158238617953,positive_alpha_scaling_without_clipping,1.0,0,
coarse_grid,3.999999999999999,17.459396447784496,3999.1596844058004,0.41996868213857974,positive_alpha_scaling_without_clipping,1.0,0,
coarse_grid,3.999999999999999,17.6,3998.57250041077,0.41996155007387276,positive_alpha_scaling_without_clipping,1.0,0,
coarse_grid,3.999999999999999,18.1,3999.42326984343,0.41986385680305294,positive_alpha_scaling_without_clipping,1.0,0,
coarse_grid,3.999999999999999,18.6,4039.8854244623562,0.4119248330598879,positive_alpha_scaling_without_clipping,1.0,0,
coarse_grid,3.999999999999999,19.1,4037.2565899609317,0.41237196118949976,positive_alpha_scaling_without_clipping,1.0,0,
coarse_grid,3.999999999999999,19.6,3997.42142003571,0.4201430640414791,positive_alpha_scaling_without_clipping,1.0,0,
coarse_grid,3.999999999999999,20.000000000000004,4036.693946177228,0.4124378324504239,positive_alpha_scaling_without_clipping,1.0,0,
coarse_grid,4.199999999999999,0.1,30279.33859230383,-3.890169490140438,evaluated,,14208,
coarse_grid,4.199999999999999,0.11455149701087121,30279.33859230383,-3.890169490140438,evaluated,,14208,
coarse_grid,4.199999999999999,0.13122045467431637,30279.33859230383,-3.890169490140438,evaluated,,14208,
coarse_grid,4.199999999999999,0.1503149952139011,30279.33859230383,-3.890169490140438,evaluated,,14208,
coarse_grid,4.199999999999999,0.17218807724934312,30279.32322923909,-3.8901664709087704,evaluated,,14207,
coarse_grid,4.199999999999999,0.1972440201633579,30279.039098466084,-3.890110632009348,evaluated,,14206,
coarse_grid,4.199999999999999,0.22594597786155107,30278.773694814816,-3.890058473464065,evaluated,,14206,
coarse_grid,4.199999999999999,0.2588245000762584,30278.529865336277,-3.8900105547906163,evaluated,,14206,
coarse_grid,4.199999999999999,0.29648733946825756,30272.888331828246,-3.8894007852942267,evaluated,,14205,
coarse_grid,4.199999999999999,0.3396306858085926,29858.8975074883,-3.8473121878472174,evaluated,,14185,
coarse_grid,4.199999999999999,0.3890520349020314,28660.918716599634,-3.7224594634023944,evaluated,,14064,
coarse_grid,4.199999999999999,0.445664930131534,23898.32647325839,-3.160137224732446,evaluated,,13389,
coarse_grid,4.199999999999999,0.5105158491181254,17520.592126158725,-1.9510306673506035,evaluated,,12374,
coarse_grid,4.199999999999999,0.5848035476425733,12275.80421006705,-0.9703375026665186,evaluated,,10358,
coarse_grid,4.199999999999999,0.6,12194.904545437057,-0.9636632503811179,evaluated,,10019,
coarse_grid,4.199999999999999,0.669901218397251,9886.351599593225,-0.5815293956803662,evaluated,,6488,
coarse_grid,4.199999999999999,0.7673818741681168,5351.635929976903,0.18978786768851036,evaluated,,2575,
coarse_grid,4.199999999999999,0.8790474246496578,4769.162290435842,0.29304887560104853,evaluated,,1378,
coarse_grid,4.199999999999999,1.0069619843716933,4010.0816127085873,0.41923192907600404,evaluated,,274,
coarse_grid,4.199999999999999,1.1,3994.371778607824,0.4212158799785978,evaluated,,248,
coarse_grid,4.199999999999999,1.1534900274281497,3996.2874785160056,0.42083431545769184,evaluated,,247,
coarse_grid,4.199999999999999,1.3213400942900544,3996.042897484611,0.42091714773965516,evaluated,,57,
coarse_grid,4.199999999999999,1.5136148586141145,3994.281888003881,0.42122550720954965,positive_alpha_scaling_without_clipping,1.0,0,
coarse_grid,4.199999999999999,1.6,3993.28685819644,0.4213888120345321,positive_alpha_scaling_without_clipping,1.0,0,
coarse_grid,4.199999999999999,1.733868479521449,3991.500065779924,0.42172232885368355,positive_alpha_scaling_without_clipping,1.0,0,
coarse_grid,4.199999999999999,1.9861722994914508,3993.620149688872,0.42138710962383286,positive_alpha_scaling_without_clipping,1.0,0,
coarse_grid,4.199999999999999,2.1,3993.6838340839886,0.4213807342101444,positive_alpha_scaling_without_clipping,1.0,0,
coarse_grid,4.199999999999999,2.2751901022827012,3993.382025806385,0.4213991242907422,positive_alpha_scaling_without_clipping,1.0,0,
coarse_grid,4.199999999999999,2.6,3993.9779552513573,0.4212820090483858,positive_alpha_scaling_without_clipping,1.0,0,
coarse_grid,4.199999999999999,2.6062643220080064,3992.8963647929454,0.4214637655585489,positive_alpha_scaling_without_clipping,1.0,0,
coarse_grid,4.199999999999999,2.9855147969204046,3995.310051272149,0.42100938940107185,positive_alpha_scaling_without_clipping,1.0,0,
coarse_grid,4.199999999999999,3.1,3994.2101203987518,0.4212396113632191,positive_alpha_scaling_without_clipping,1.0,0,
coarse_grid,4.199999999999999,3.419951893353395,3995.852629885533,0.42094825505659567,positive_alpha_scaling_without_clipping,1.0,0,
coarse_grid,4.199999999999999,3.6,4000.024740486008,0.42014688939336986,positive_alpha_scaling_without_clipping,1.0,0,
coarse_grid,4.199999999999999,3.9176060908879475,3999.879867699032,0.42017552407775793,positive_alpha_scaling_without_clipping,1.0,0,
coarse_grid,4.199999999999999,4.1,3999.7594995208574,0.4201875740772812,positive_alpha_scaling_without_clipping,1.0,0,
coarse_grid,4.199999999999999,4.487676424101213,3999.268662401737,0.4202698297918637,positive_alpha_scaling_without_clipping,1.0,0,
coarse_grid,4.199999999999999,4.6,4000.4231292359154,0.42007231942842965,positive_alpha_scaling_without_clipping,1.0,0,
coarse_grid,4.199999999999999,5.1,4003.982657999244,0.4194052139841356,positive_alpha_scaling_without_clipping,1.0,0,
coarse_grid,4.199999999999999,5.140700524811874,4005.094932567675,0.41915419164659773,positive_alpha_scaling_without_clipping,1.0,0,
coarse_grid,4.199999999999999,5.6,4006.0132546524983,0.4189240477713292,positive_alpha_scaling_without_clipping,1.0,0,
coarse_grid,4.199999999999999,5.8887494080177145,4003.955469931935,0.41934513376366384,positive_alpha_scaling_without_clipping,1.0,0,
coarse_grid,4.199999999999999,6.1,4005.114222058296,0.41910171637270116,positive_alpha_scaling_without_clipping,1.0,0,
coarse_grid,4.199999999999999,6.6,4004.259375872093,0.41925729527190386,positive_alpha_scaling_without_clipping,1.0,0,
coarse_grid,4.199999999999999,6.745650602103109,4004.804774212079,0.4192026957104877,positive_alpha_scaling_without_clipping,1.0,0,
coarse_grid,4.199999999999999,7.1,4004.3885644986094,0.4192762590404318,positive_alpha_scaling_without_clipping,1.0,0,
coarse_grid,4.199999999999999,7.6,4004.787826858398,0.4192043923017867,positive_alpha_scaling_without_clipping,1.0,0,
coarse_grid,4.199999999999999,7.727243747831959,4004.6024493157192,0.41922295035703666,positive_alpha_scaling_without_clipping,1.0,0,
coarse_grid,4.199999999999999,8.1,4004.801002003311,0.4192030733444649,positive_alpha_scaling_without_clipping,1.0,0,
coarse_grid,4.199999999999999,8.6,4003.903034365818,0.41936553588579834,positive_alpha_scaling_without_clipping,1.0,0,
coarse_grid,4.199999999999999,8.851673390820459,4004.0322140023873,0.41934014881259374,positive_alpha_scaling_without_clipping,1.0,0,
coarse_grid,4.199999999999999,9.1,4003.7434608621866,0.41939970069349786,positive_alpha_scaling_without_clipping,1.0,0,
coarse_grid,4.199999999999999,9.6,4002.887303531915,0.4195534381711547,positive_alpha_scaling_without_clipping,1.0,0,
coarse_grid,4.199999999999999,10.1,4002.7319351592073,0.4195839719948779,positive_alpha_scaling_without_clipping,1.0,0,
coarse_grid,4.199999999999999,10.13972437969778,4002.38020863361,0.4196530951731938,positive_alpha_scaling_without_clipping,1.0,0,
coarse_grid,4.199999999999999,10.6,4003.4768664536114,0.41945209325277577,positive_alpha_scaling_without_clipping,1.0,0,
coarse_grid,4.199999999999999,11.1,4003.1137442081213,0.41950730540194214,positive_alpha_scaling_without_clipping,1.0,0,
coarse_grid,4.199999999999999,11.6,4003.2030817277982,0.41953052251940054,positive_alpha_scaling_without_clipping,1.0,0,
coarse_grid,4.199999999999999,11.615206069720077,4003.0809904208872,0.4195551571913758,positive_alpha_scaling_without_clipping,1.0,0,
coarse_grid,4.199999999999999,12.1,3999.826249671677,0.4198364148742091,positive_alpha_scaling_without_clipping,1.0,0,
coarse_grid,4.199999999999999,12.6,3998.9338709590065,0.4200140619839111,positive_alpha_scaling_without_clipping,1.0,0,
coarse_grid,4.199999999999999,13.1,4002.9610023002224,0.41955826387155104,positive_alpha_scaling_without_clipping,1.0,0,
coarse_grid,4.199999999999999,13.305392433761932,4000.045396607824,0.4197933469460256,positive_alpha_scaling_without_clipping,1.0,0,
coarse_grid,4.199999999999999,13.6,4002.215567444256,0.4197070327884805,positive_alpha_scaling_without_clipping,1.0,0,
coarse_grid,4.199999999999999,14.1,3999.110619643699,0.41997932638690616,positive_alpha_scaling_without_clipping,1.0,0,
coarse_grid,4.199999999999999,14.6,4000.391873426409,0.41972525546821415,positive_alpha_scaling_without_clipping,1.0,0,
coarse_grid,4.199999999999999,15.1,4004.021380545866,0.41937034669354634,positive_alpha_scaling_without_clipping,1.0,0,
coarse_grid,4.199999999999999,15.241526216045477,3999.236549564972,0.41983104758186285,positive_alpha_scaling_without_clipping,1.0,0,
coarse_grid,4.199999999999999,15.6,3999.236549564972,0.41983104758186285,positive_alpha_scaling_without_clipping,1.0,0,
coarse_grid,4.199999999999999,16.1,4000.4210748149926,0.41971246533766454,positive_alpha_scaling_without_clipping,1.0,0,
coarse_grid,4.199999999999999,16.6,4039.550550935388,0.41203085298361963,positive_alpha_scaling_without_clipping,1.0,0,
coarse_grid,4.199999999999999,17.1,4038.2672458111297,0.4121158238617953,positive_alpha_scaling_without_clipping,1.0,0,
coarse_grid,4.199999999999999,17.459396447784496,3999.1596844058004,0.41996868213857974,positive_alpha_scaling_without_clipping,1.0,0,
coarse_grid,4.199999999999999,17.6,3998.57250041077,0.41996155007387276,positive_alpha_scaling_without_clipping,1.0,0,
coarse_grid,4.199999999999999,18.1,3999.42326984343,0.41986385680305294,positive_alpha_scaling_without_clipping,1.0,0,
coarse_grid,4.199999999999999,18.6,4039.8854244623562,0.4119248330598879,positive_alpha_scaling_without_clipping,1.0,0,
coarse_grid,4.199999999999999,19.1,4037.2565899609317,0.41237196118949976,positive_alpha_scaling_without_clipping,1.0,0,
coarse_grid,4.199999999999999,19.6,3997.42142003571,0.4201430640414791,positive_alpha_scaling_without_clipping,1.0,0,
coarse_grid,4.199999999999999,20.000000000000004,4036.693946177228,0.4124378324504239,positive_alpha_scaling_without_clipping,1.0,0,
coarse_grid,4.3999999999999995,0.1,30279.33859230383,-3.890169490140438,evaluated,,14208,
coarse_grid,4.3999999999999995,0.11455149701087121,30279.33859230383,-3.890169490140438,evaluated,,14208,
coarse_grid,4.3999999999999995,0.13122045467431637,30279.33859230383,-3.890169490140438,evaluated,,14208,
coarse_grid,4.3999999999999995,0.1503149952139011,30279.33859230383,-3.890169490140438,evaluated,,14208,
coarse_grid,4.3999999999999995,0.17218807724934312,30279.33859230383,-3.890169490140438,evaluated,,14208,
coarse_grid,4.3999999999999995,0.1972440201633579,30279.133039288616,-3.8901290937623134,evaluated,,14207,
coarse_grid,4.3999999999999995,0.22594597786155107,30278.86223418782,-3.8900758736952756,evaluated,,14206,
coarse_grid,4.3999999999999995,0.2588245000762584,30278.61083423596,-3.8900264672319116,evaluated,,14206,
coarse_grid,4.3999999999999995,0.29648733946825756,30273.178188875998,-3.889457749551795,evaluated,,14205,
coarse_grid,4.3999999999999995,0.3396306858085926,29870.33182273397,-3.8488874225382563,evaluated,,14187,
coarse_grid,4.3999999999999995,0.3890520349020314,28763.179313286135,-3.7353815353691258,evaluated,,14080,
coarse_grid,4.3999999999999995,0.445664930131534,24618.480953464845,-3.2415795295694045,evaluated,,13669,
coarse_grid,4.3999999999999995,0.5105158491181254,19806.429641506187,-2.3910715400323204,evaluated,,12723,
coarse_grid,4.3999999999999995,0.5848035476425733,14038.291459019274,-1.2876801814856764,evaluated,,11535,
coarse_grid,4.3999999999999995,0.6,12697.185427444005,-1.0426989301403398,evaluated,,10658,
coarse_grid,4.3999999999999995,0.669901218397251,10957.596542366955,-0.7543033845465924,evaluated,,8215,
coarse_grid,4.3999999999999995,0.7673818741681168,6488.17438823858,7.218765102290359e-05,evaluated,,3500,
coarse_grid,4.3999999999999995,0.8790474246496578,4804.700289026004,0.286064758013195,evaluated,,1697,
coarse_grid,4.3999999999999995,1.0069619843716933,4167.6151005079355,0.3952465844977465,evaluated,,527,
coarse_grid,4.3999999999999995,1.1,3994.2812203322496,0.4212249457233324,evaluated,,248,
coarse_grid,4.3999999999999995,1.1534900274281497,3996.4566767336364,0.4208010637188639,evaluated,,248,
coarse_grid,4.3999999999999995,1.3213400942900544,3994.557265768908,0.42120911203157746,evaluated,,136,
coarse_grid,4.3999999999999995,1.5136148586141145,3994.281888003881,0.42122550720954965,positive_alpha_scaling_without_clipping,1.0,0,
coarse_grid,4.3999999999999995,1.6,3993.28685819644,0.4213888120345321,positive_alpha_scaling_without_clipping,1.0,0,
coarse_grid,4.3999999999999995,1.733868479521449,3991.500065779924,0.42172232885368355,positive_alpha_scaling_without_clipping,1.0,0,
coarse_grid,4.3999999999999995,1.9861722994914508,3993.620149688872,0.42138710962383286,positive_alpha_scaling_without_clipping,1.0,0,
coarse_grid,4.3999999999999995,2.1,3993.6838340839886,0.4213807342101444,positive_alpha_scaling_without_clipping,1.0,0,
coarse_grid,4.3999999999999995,2.2751901022827012,3993.382025806385,0.4213991242907422,positive_alpha_scaling_without_clipping,1.0,0,
coarse_grid,4.3999999999999995,2.6,3993.9779552513573,0.4212820090483858,positive_alpha_scaling_without_clipping,1.0,0,
coarse_grid,4.3999999999999995,2.6062643220080064,3992.8963647929454,0.4214637655585489,positive_alpha_scaling_without_clipping,1.0,0,
coarse_grid,4.3999999999999995,2.9855147969204046,3995.310051272149,0.42100938940107185,positive_alpha_scaling_without_clipping,1.0,0,
coarse_grid,4.3999999999999995,3.1,3994.2101203987518,0.4212396113632191,positive_alpha_scaling_without_clipping,1.0,0,
coarse_grid,4.3999999999999995,3.419951893353395,3995.852629885533,0.42094825505659567,positive_alpha_scaling_without_clipping,1.0,0,
coarse_grid,4.3999999999999995,3.6,4000.024740486008,0.42014688939336986,positive_alpha_scaling_without_clipping,1.0,0,
coarse_grid,4.3999999999999995,3.9176060908879475,3999.879867699032,0.42017552407775793,positive_alpha_scaling_without_clipping,1.0,0,
coarse_grid,4.3999999999999995,4.1,3999.7594995208574,0.4201875740772812,positive_alpha_scaling_without_clipping,1.0,0,
coarse_grid,4.3999999999999995,4.487676424101213,3999.268662401737,0.4202698297918637,positive_alpha_scaling_without_clipping,1.0,0,
coarse_grid,4.3999999999999995,4.6,4000.4231292359154,0.42007231942842965,positive_alpha_scaling_without_clipping,1.0,0,
coarse_grid,4.3999999999999995,5.1,4003.982657999244,0.4194052139841356,positive_alpha_scaling_without_clipping,1.0,0,
coarse_grid,4.3999999999999995,5.140700524811874,4005.094932567675,0.41915419164659773,positive_alpha_scaling_without_clipping,1.0,0,
coarse_grid,4.3999999999999995,5.6,4006.0132546524983,0.4189240477713292,positive_alpha_scaling_without_clipping,1.0,0,
coarse_grid,4.3999999999999995,5.8887494080177145,4003.955469931935,0.41934513376366384,positive_alpha_scaling_without_clipping,1.0,0,
coarse_grid,4.3999999999999995,6.1,4005.114222058296,0.41910171637270116,positive_alpha_scaling_without_clipping,1.0,0,
coarse_grid,4.3999999999999995,6.6,4004.259375872093,0.41925729527190386,positive_alpha_scaling_without_clipping,1.0,0,
coarse_grid,4.3999999999999995,6.745650602103109,4004.804774212079,0.4192026957104877,positive_alpha_scaling_without_clipping,1.0,0,
coarse_grid,4.3999999999999995,7.1,4004.3885644986094,0.4192762590404318,positive_alpha_scaling_without_clipping,1.0,0,
coarse_grid,4.3999999999999995,7.6,4004.787826858398,0.4192043923017867,positive_alpha_scaling_without_clipping,1.0,0,
coarse_grid,4.3999999999999995,7.727243747831959,4004.6024493157192,0.41922295035703666,positive_alpha_scaling_without_clipping,1.0,0,
coarse_grid,4.3999999999999995,8.1,4004.801002003311,0.4192030733444649,positive_alpha_scaling_without_clipping,1.0,0,
coarse_grid,4.3999999999999995,8.6,4003.903034365818,0.41936553588579834,positive_alpha_scaling_without_clipping,1.0,0,
coarse_grid,4.3999999999999995,8.851673390820459,4004.0322140023873,0.41934014881259374,positive_alpha_scaling_without_clipping,1.0,0,
coarse_grid,4.3999999999999995,9.1,4003.7434608621866,0.41939970069349786,positive_alpha_scaling_without_clipping,1.0,0,
coarse_grid,4.3999999999999995,9.6,4002.887303531915,0.4195534381711547,positive_alpha_scaling_without_clipping,1.0,0,
coarse_grid,4.3999999999999995,10.1,4002.7319351592073,0.4195839719948779,positive_alpha_scaling_without_clipping,1.0,0,
coarse_grid,4.3999999999999995,10.13972437969778,4002.38020863361,0.4196530951731938,positive_alpha_scaling_without_clipping,1.0,0,
coarse_grid,4.3999999999999995,10.6,4003.4768664536114,0.41945209325277577,positive_alpha_scaling_without_clipping,1.0,0,
coarse_grid,4.3999999999999995,11.1,4003.1137442081213,0.41950730540194214,positive_alpha_scaling_without_clipping,1.0,0,
coarse_grid,4.3999999999999995,11.6,4003.2030817277982,0.41953052251940054,positive_alpha_scaling_without_clipping,1.0,0,
coarse_grid,4.3999999999999995,11.615206069720077,4003.0809904208872,0.4195551571913758,positive_alpha_scaling_without_clipping,1.0,0,
coarse_grid,4.3999999999999995,12.1,3999.826249671677,0.4198364148742091,positive_alpha_scaling_without_clipping,1.0,0,
coarse_grid,4.3999999999999995,12.6,3998.9338709590065,0.4200140619839111,positive_alpha_scaling_without_clipping,1.0,0,
coarse_grid,4.3999999999999995,13.1,4002.9610023002224,0.41955826387155104,positive_alpha_scaling_without_clipping,1.0,0,
coarse_grid,4.3999999999999995,13.305392433761932,4000.045396607824,0.4197933469460256,positive_alpha_scaling_without_clipping,1.0,0,
coarse_grid,4.3999999999999995,13.6,4002.215567444256,0.4197070327884805,positive_alpha_scaling_without_clipping,1.0,0,
coarse_grid,4.3999999999999995,14.1,3999.110619643699,0.41997932638690616,positive_alpha_scaling_without_clipping,1.0,0,
coarse_grid,4.3999999999999995,14.6,4000.391873426409,0.41972525546821415,positive_alpha_scaling_without_clipping,1.0,0,
coarse_grid,4.3999999999999995,15.1,4004.021380545866,0.41937034669354634,positive_alpha_scaling_without_clipping,1.0,0,
coarse_grid,4.3999999999999995,15.241526216045477,3999.236549564972,0.41983104758186285,positive_alpha_scaling_without_clipping,1.0,0,
coarse_grid,4.3999999999999995,15.6,3999.236549564972,0.41983104758186285,positive_alpha_scaling_without_clipping,1.0,0,
coarse_grid,4.3999999999999995,16.1,4000.4210748149926,0.41971246533766454,positive_alpha_scaling_without_clipping,1.0,0,
coarse_grid,4.3999999999999995,16.6,4039.550550935388,0.41203085298361963,positive_alpha_scaling_without_clipping,1.0,0,
coarse_grid,4.3999999999999995,17.1,4038.2672458111297,0.4121158238617953,positive_alpha_scaling_without_clipping,1.0,0,
coarse_grid,4.3999999999999995,17.459396447784496,3999.1596844058004,0.41996868213857974,positive_alpha_scaling_without_clipping,1.0,0,
coarse_grid,4.3999999999999995,17.6,3998.57250041077,0.41996155007387276,positive_alpha_scaling_without_clipping,1.0,0,
coarse_grid,4.3999999999999995,18.1,3999.42326984343,0.41986385680305294,positive_alpha_scaling_without_clipping,1.0,0,
coarse_grid,4.3999999999999995,18.6,4039.8854244623562,0.4119248330598879,positive_alpha_scaling_without_clipping,1.0,0,
coarse_grid,4.3999999999999995,19.1,4037.2565899609317,0.41237196118949976,positive_alpha_scaling_without_clipping,1.0,0,
coarse_grid,4.3999999999999995,19.6,3997.42142003571,0.4201430640414791,positive_alpha_scaling_without_clipping,1.0,0,
coarse_grid,4.3999999999999995,20.000000000000004,4036.693946177228,0.4124378324504239,positive_alpha_scaling_without_clipping,1.0,0,
coarse_grid,4.6,0.1,30279.33859230383,-3.890169490140438,evaluated,,14208,
coarse_grid,4.6,0.11455149701087121,30279.33859230383,-3.890169490140438,evaluated,,14208,
coarse_grid,4.6,0.13122045467431637,30279.33859230383,-3.890169490140438,evaluated,,14208,
coarse_grid,4.6,0.1503149952139011,30279.33859230383,-3.890169490140438,evaluated,,14208,
coarse_grid,4.6,0.17218807724934312,30279.33859230383,-3.890169490140438,evaluated,,14208,
coarse_grid,4.6,0.1972440201633579,30279.224518776457,-3.8901470718006186,evaluated,,14207,
coarse_grid,4.6,0.22594597786155107,30278.94914050121,-3.8900929529888737,evaluated,,14206,
coarse_grid,4.6,0.2588245000762584,30278.69067532358,-3.890042158029549,evaluated,,14206,
coarse_grid,4.6,0.29648733946825756,30278.45429213554,-3.889995702740939,evaluated,,14206,
coarse_grid,4.6,0.3396306858085926,30266.099272964366,-3.8886830356769737,evaluated,,14204,
coarse_grid,4.6,0.3890520349020314,29710.338711458135,-3.8319322001680294,evaluated,,14157,
coarse_grid,4.6,0.445664930131534,25675.994803399928,-3.3665987218589395,evaluated,,13802,
coarse_grid,4.6,0.5105158491181254,23395.41070639598,-3.085294730052905,evaluated,,13089,
coarse_grid,4.6,0.5848035476425733,14346.150680497352,-1.341380818694824,evaluated,,11790,
coarse_grid,4.6,0.6,14093.506721970156,-1.2950664434891137,evaluated,,11666,
coarse_grid,4.6,0.669901218397251,11509.382727526747,-0.8441029367589976,evaluated,,9340,
coarse_grid,4.6,0.7673818741681168,7900.494667425824,-0.23965398347728123,evaluated,,4564,
coarse_grid,4.6,0.8790474246496578,4962.499974254841,0.2583088490795142,evaluated,,2062,
coarse_grid,4.6,1.0069619843716933,4661.103545094202,0.3143366977764792,evaluated,,941,
coarse_grid,4.6,1.1,4013.589414810016,0.41851019767037795,evaluated,,296,
coarse_grid,4.6,1.1534900274281497,3996.1178193666938,0.42087028644423696,evaluated,,248,
coarse_grid,4.6,1.3213400942900544,3996.042897484611,0.42091714773965516,evaluated,,219,
coarse_grid,4.6,1.5136148586141145,3994.281888003881,0.42122550720954965,positive_alpha_scaling_without_clipping,1.0,0,
coarse_grid,4.6,1.6,3993.28685819644,0.4213888120345321,positive_alpha_scaling_without_clipping,1.0,0,
coarse_grid,4.6,1.733868479521449,3991.500065779924,0.42172232885368355,positive_alpha_scaling_without_clipping,1.0,0,
coarse_grid,4.6,1.9861722994914508,3993.620149688872,0.42138710962383286,positive_alpha_scaling_without_clipping,1.0,0,
coarse_grid,4.6,2.1,3993.6838340839886,0.4213807342101444,positive_alpha_scaling_without_clipping,1.0,0,
coarse_grid,4.6,2.2751901022827012,3993.382025806385,0.4213991242907422,positive_alpha_scaling_without_clipping,1.0,0,
coarse_grid,4.6,2.6,3993.9779552513573,0.4212820090483858,positive_alpha_scaling_without_clipping,1.0,0,
coarse_grid,4.6,2.6062643220080064,3992.8963647929454,0.4214637655585489,positive_alpha_scaling_without_clipping,1.0,0,
coarse_grid,4.6,2.9855147969204046,3995.310051272149,0.42100938940107185,positive_alpha_scaling_without_clipping,1.0,0,
coarse_grid,4.6,3.1,3994.2101203987518,0.4212396113632191,positive_alpha_scaling_without_clipping,1.0,0,
coarse_grid,4.6,3.419951893353395,3995.852629885533,0.42094825505659567,positive_alpha_scaling_without_clipping,1.0,0,
coarse_grid,4.6,3.6,4000.024740486008,0.42014688939336986,positive_alpha_scaling_without_clipping,1.0,0,
coarse_grid,4.6,3.9176060908879475,3999.879867699032,0.42017552407775793,positive_alpha_scaling_without_clipping,1.0,0,
coarse_grid,4.6,4.1,3999.7594995208574,0.4201875740772812,positive_alpha_scaling_without_clipping,1.0,0,
coarse_grid,4.6,4.487676424101213,3999.268662401737,0.4202698297918637,positive_alpha_scaling_without_clipping,1.0,0,
coarse_grid,4.6,4.6,4000.4231292359154,0.42007231942842965,positive_alpha_scaling_without_clipping,1.0,0,
coarse_grid,4.6,5.1,4003.982657999244,0.4194052139841356,positive_alpha_scaling_without_clipping,1.0,0,
coarse_grid,4.6,5.140700524811874,4005.094932567675,0.41915419164659773,positive_alpha_scaling_without_clipping,1.0,0,
coarse_grid,4.6,5.6,4006.0132546524983,0.4189240477713292,positive_alpha_scaling_without_clipping,1.0,0,
coarse_grid,4.6,5.8887494080177145,4003.955469931935,0.41934513376366384,positive_alpha_scaling_without_clipping,1.0,0,
coarse_grid,4.6,6.1,4005.114222058296,0.41910171637270116,positive_alpha_scaling_without_clipping,1.0,0,
coarse_grid,4.6,6.6,4004.259375872093,0.41925729527190386,positive_alpha_scaling_without_clipping,1.0,0,
coarse_grid,4.6,6.745650602103109,4004.804774212079,0.4192026957104877,positive_alpha_scaling_without_clipping,1.0,0,
coarse_grid,4.6,7.1,4004.3885644986094,0.4192762590404318,positive_alpha_scaling_without_clipping,1.0,0,
coarse_grid,4.6,7.6,4004.787826858398,0.4192043923017867,positive_alpha_scaling_without_clipping,1.0,0,
coarse_grid,4.6,7.727243747831959,4004.6024493157192,0.41922295035703666,positive_alpha_scaling_without_clipping,1.0,0,
coarse_grid,4.6,8.1,4004.801002003311,0.4192030733444649,positive_alpha_scaling_without_clipping,1.0,0,
coarse_grid,4.6,8.6,4003.903034365818,0.41936553588579834,positive_alpha_scaling_without_clipping,1.0,0,
coarse_grid,4.6,8.851673390820459,4004.0322140023873,0.41934014881259374,positive_alpha_scaling_without_clipping,1.0,0,
coarse_grid,4.6,9.1,4003.7434608621866,0.41939970069349786,positive_alpha_scaling_without_clipping,1.0,0,
coarse_grid,4.6,9.6,4002.887303531915,0.4195534381711547,positive_alpha_scaling_without_clipping,1.0,0,
coarse_grid,4.6,10.1,4002.7319351592073,0.4195839719948779,positive_alpha_scaling_without_clipping,1.0,0,
coarse_grid,4.6,10.13972437969778,4002.38020863361,0.4196530951731938,positive_alpha_scaling_without_clipping,1.0,0,
coarse_grid,4.6,10.6,4003.4768664536114,0.41945209325277577,positive_alpha_scaling_without_clipping,1.0,0,
coarse_grid,4.6,11.1,4003.1137442081213,0.41950730540194214,positive_alpha_scaling_without_clipping,1.0,0,
coarse_grid,4.6,11.6,4003.2030817277982,0.41953052251940054,positive_alpha_scaling_without_clipping,1.0,0,
coarse_grid,4.6,11.615206069720077,4003.0809904208872,0.4195551571913758,positive_alpha_scaling_without_clipping,1.0,0,
coarse_grid,4.6,12.1,3999.826249671677,0.4198364148742091,positive_alpha_scaling_without_clipping,1.0,0,
coarse_grid,4.6,12.6,3998.9338709590065,0.4200140619839111,positive_alpha_scaling_without_clipping,1.0,0,
coarse_grid,4.6,13.1,4002.9610023002224,0.41955826387155104,positive_alpha_scaling_without_clipping,1.0,0,
coarse_grid,4.6,13.305392433761932,4000.045396607824,0.4197933469460256,positive_alpha_scaling_without_clipping,1.0,0,
coarse_grid,4.6,13.6,4002.215567444256,0.4197070327884805,positive_alpha_scaling_without_clipping,1.0,0,
coarse_grid,4.6,14.1,3999.110619643699,0.41997932638690616,positive_alpha_scaling_without_clipping,1.0,0,
coarse_grid,4.6,14.6,4000.391873426409,0.41972525546821415,positive_alpha_scaling_without_clipping,1.0,0,
coarse_grid,4.6,15.1,4004.021380545866,0.41937034669354634,positive_alpha_scaling_without_clipping,1.0,0,
coarse_grid,4.6,15.241526216045477,3999.236549564972,0.41983104758186285,positive_alpha_scaling_without_clipping,1.0,0,
coarse_grid,4.6,15.6,3999.236549564972,0.41983104758186285,positive_alpha_scaling_without_clipping,1.0,0,
coarse_grid,4.6,16.1,4000.4210748149926,0.41971246533766454,positive_alpha_scaling_without_clipping,1.0,0,
coarse_grid,4.6,16.6,4039.550550935388,0.41203085298361963,positive_alpha_scaling_without_clipping,1.0,0,
coarse_grid,4.6,17.1,4038.2672458111297,0.4121158238617953,positive_alpha_scaling_without_clipping,1.0,0,
coarse_grid,4.6,17.459396447784496,3999.1596844058004,0.41996868213857974,positive_alpha_scaling_without_clipping,1.0,0,
coarse_grid,4.6,17.6,3998.57250041077,0.41996155007387276,positive_alpha_scaling_without_clipping,1.0,0,
coarse_grid,4.6,18.1,3999.42326984343,0.41986385680305294,positive_alpha_scaling_without_clipping,1.0,0,
coarse_grid,4.6,18.6,4039.8854244623562,0.4119248330598879,positive_alpha_scaling_without_clipping,1.0,0,
coarse_grid,4.6,19.1,4037.2565899609317,0.41237196118949976,positive_alpha_scaling_without_clipping,1.0,0,
coarse_grid,4.6,19.6,3997.42142003571,0.4201430640414791,positive_alpha_scaling_without_clipping,1.0,0,
coarse_grid,4.6,20.000000000000004,4036.693946177228,0.4124378324504239,positive_alpha_scaling_without_clipping,1.0,0,
coarse_grid,4.799999999999999,0.1,30279.33859230383,-3.890169490140438,evaluated,,14208,
coarse_grid,4.799999999999999,0.11455149701087121,30279.33859230383,-3.890169490140438,evaluated,,14208,
coarse_grid,4.799999999999999,0.13122045467431637,30279.33859230383,-3.890169490140438,evaluated,,14208,
coarse_grid,4.799999999999999,0.1503149952139011,30279.33859230383,-3.890169490140438,evaluated,,14208,
coarse_grid,4.799999999999999,0.17218807724934312,30279.33859230383,-3.890169490140438,evaluated,,14208,
coarse_grid,4.799999999999999,0.1972440201633579,30279.317956382205,-3.890165434658731,evaluated,,14207,
coarse_grid,4.799999999999999,0.22594597786155107,30279.034389482913,-3.8901097065747843,evaluated,,14206,
coarse_grid,4.799999999999999,0.2588245000762584,30278.76933968207,-3.890057617570081,evaluated,,14206,
coarse_grid,4.799999999999999,0.29648733946825756,30278.525892407662,-3.8900097740094317,evaluated,,14206,
coarse_grid,4.799999999999999,0.3396306858085926,30272.874076141703,-3.889397983690449,evaluated,,14205,
coarse_grid,4.799999999999999,0.3890520349020314,29858.665745214814,-3.8472666406854565,evaluated,,14185,
coarse_grid,4.799999999999999,0.445664930131534,28659.42748339629,-3.7221663982761566,evaluated,,14064,
coarse_grid,4.799999999999999,0.5105158491181254,23887.56452546717,-3.1580222291831745,evaluated,,13389,
coarse_grid,4.799999999999999,0.5848035476425733,17519.34438896525,-1.9507854553627686,evaluated,,12374,
coarse_grid,4.799999999999999,0.6,15776.054783846768,-1.6144024376368813,evaluated,,12154,
coarse_grid,4.799999999999999,0.669901218397251,12285.944333581345,-0.975782471375222,evaluated,,10296,
coarse_grid,4.799999999999999,0.7673818741681168,9887.185475889743,-0.581695944081726,evaluated,,6488,
coarse_grid,4.799999999999999,0.8790474246496578,5352.202204420813,0.18967070503072225,evaluated,,2575,
coarse_grid,4.799999999999999,1.0069619843716933,4750.370207841408,0.2967935356954757,evaluated,,1314,
coarse_grid,4.799999999999999,1.1,4167.902234481784,0.3951342283266278,evaluated,,527,
coarse_grid,4.799999999999999,1.1534900274281497,4012.681291966973,0.418665099134972,evaluated,,274,
coarse_grid,4.799999999999999,1.3213400942900544,3994.557265768908,0.42120911203157746,evaluated,,247,
coarse_grid,4.799999999999999,1.5136148586141145,3994.0747185023947,0.42124624684715145,evaluated,,57,
coarse_grid,4.799999999999999,1.6,3993.28685819644,0.4213888120345321,positive_alpha_scaling_without_clipping,1.0,0,
coarse_grid,4.799999999999999,1.733868479521449,3991.500065779924,0.42172232885368355,positive_alpha_scaling_without_clipping,1.0,0,
coarse_grid,4.799999999999999,1.9861722994914508,3993.620149688872,0.42138710962383286,positive_alpha_scaling_without_clipping,1.0,0,
coarse_grid,4.799999999999999,2.1,3993.6838340839886,0.4213807342101444,positive_alpha_scaling_without_clipping,1.0,0,
coarse_grid,4.799999999999999,2.2751901022827012,3993.382025806385,0.4213991242907422,positive_alpha_scaling_without_clipping,1.0,0,
coarse_grid,4.799999999999999,2.6,3993.9779552513573,0.4212820090483858,positive_alpha_scaling_without_clipping,1.0,0,
coarse_grid,4.799999999999999,2.6062643220080064,3992.8963647929454,0.4214637655585489,positive_alpha_scaling_without_clipping,1.0,0,
coarse_grid,4.799999999999999,2.9855147969204046,3995.310051272149,0.42100938940107185,positive_alpha_scaling_without_clipping,1.0,0,
coarse_grid,4.799999999999999,3.1,3994.2101203987518,0.4212396113632191,positive_alpha_scaling_without_clipping,1.0,0,
coarse_grid,4.799999999999999,3.419951893353395,3995.852629885533,0.42094825505659567,positive_alpha_scaling_without_clipping,1.0,0,
coarse_grid,4.799999999999999,3.6,4000.024740486008,0.42014688939336986,positive_alpha_scaling_without_clipping,1.0,0,
coarse_grid,4.799999999999999,3.9176060908879475,3999.879867699032,0.42017552407775793,positive_alpha_scaling_without_clipping,1.0,0,
coarse_grid,4.799999999999999,4.1,3999.7594995208574,0.4201875740772812,positive_alpha_scaling_without_clipping,1.0,0,
coarse_grid,4.799999999999999,4.487676424101213,3999.268662401737,0.4202698297918637,positive_alpha_scaling_without_clipping,1.0,0,
coarse_grid,4.799999999999999,4.6,4000.4231292359154,0.42007231942842965,positive_alpha_scaling_without_clipping,1.0,0,
coarse_grid,4.799999999999999,5.1,4003.982657999244,0.4194052139841356,positive_alpha_scaling_without_clipping,1.0,0,
coarse_grid,4.799999999999999,5.140700524811874,4005.094932567675,0.41915419164659773,positive_alpha_scaling_without_clipping,1.0,0,
coarse_grid,4.799999999999999,5.6,4006.0132546524983,0.4189240477713292,positive_alpha_scaling_without_clipping,1.0,0,
coarse_grid,4.799999999999999,5.8887494080177145,4003.955469931935,0.41934513376366384,positive_alpha_scaling_without_clipping,1.0,0,
coarse_grid,4.799999999999999,6.1,4005.114222058296,0.41910171637270116,positive_alpha_scaling_without_clipping,1.0,0,
coarse_grid,4.799999999999999,6.6,4004.259375872093,0.41925729527190386,positive_alpha_scaling_without_clipping,1.0,0,
coarse_grid,4.799999999999999,6.745650602103109,4004.804774212079,0.4192026957104877,positive_alpha_scaling_without_clipping,1.0,0,
coarse_grid,4.799999999999999,7.1,4004.3885644986094,0.4192762590404318,positive_alpha_scaling_without_clipping,1.0,0,
coarse_grid,4.799999999999999,7.6,4004.787826858398,0.4192043923017867,positive_alpha_scaling_without_clipping,1.0,0,
coarse_grid,4.799999999999999,7.727243747831959,4004.6024493157192,0.41922295035703666,positive_alpha_scaling_without_clipping,1.0,0,
coarse_grid,4.799999999999999,8.1,4004.801002003311,0.4192030733444649,positive_alpha_scaling_without_clipping,1.0,0,
coarse_grid,4.799999999999999,8.6,4003.903034365818,0.41936553588579834,positive_alpha_scaling_without_clipping,1.0,0,
coarse_grid,4.799999999999999,8.851673390820459,4004.0322140023873,0.41934014881259374,positive_alpha_scaling_without_clipping,1.0,0,
coarse_grid,4.799999999999999,9.1,4003.7434608621866,0.41939970069349786,positive_alpha_scaling_without_clipping,1.0,0,
coarse_grid,4.799999999999999,9.6,4002.887303531915,0.4195534381711547,positive_alpha_scaling_without_clipping,1.0,0,
coarse_grid,4.799999999999999,10.1,4002.7319351592073,0.4195839719948779,positive_alpha_scaling_without_clipping,1.0,0,
coarse_grid,4.799999999999999,10.13972437969778,4002.38020863361,0.4196530951731938,positive_alpha_scaling_without_clipping,1.0,0,
coarse_grid,4.799999999999999,10.6,4003.4768664536114,0.41945209325277577,positive_alpha_scaling_without_clipping,1.0,0,
coarse_grid,4.799999999999999,11.1,4003.1137442081213,0.41950730540194214,positive_alpha_scaling_without_clipping,1.0,0,
coarse_grid,4.799999999999999,11.6,4003.2030817277982,0.41953052251940054,positive_alpha_scaling_without_clipping,1.0,0,
coarse_grid,4.799999999999999,11.615206069720077,4003.0809904208872,0.4195551571913758,positive_alpha_scaling_without_clipping,1.0,0,
coarse_grid,4.799999999999999,12.1,3999.826249671677,0.4198364148742091,positive_alpha_scaling_without_clipping,1.0,0,
coarse_grid,4.799999999999999,12.6,3998.9338709590065,0.4200140619839111,positive_alpha_scaling_without_clipping,1.0,0,
coarse_grid,4.799999999999999,13.1,4002.9610023002224,0.41955826387155104,positive_alpha_scaling_without_clipping,1.0,0,
coarse_grid,4.799999999999999,13.305392433761932,4000.045396607824,0.4197933469460256,positive_alpha_scaling_without_clipping,1.0,0,
coarse_grid,4.799999999999999,13.6,4002.215567444256,0.4197070327884805,positive_alpha_scaling_without_clipping,1.0,0,
coarse_grid,4.799999999999999,14.1,3999.110619643699,0.41997932638690616,positive_alpha_scaling_without_clipping,1.0,0,
coarse_grid,4.799999999999999,14.6,4000.391873426409,0.41972525546821415,positive_alpha_scaling_without_clipping,1.0,0,
coarse_grid,4.799999999999999,15.1,4004.021380545866,0.41937034669354634,positive_alpha_scaling_without_clipping,1.0,0,
coarse_grid,4.799999999999999,15.241526216045477,3999.236549564972,0.41983104758186285,positive_alpha_scaling_without_clipping,1.0,0,
coarse_grid,4.799999999999999,15.6,3999.236549564972,0.41983104758186285,positive_alpha_scaling_without_clipping,1.0,0,
coarse_grid,4.799999999999999,16.1,4000.4210748149926,0.41971246533766454,positive_alpha_scaling_without_clipping,1.0,0,
coarse_grid,4.799999999999999,16.6,4039.550550935388,0.41203085298361963,positive_alpha_scaling_without_clipping,1.0,0,
coarse_grid,4.799999999999999,17.1,4038.2672458111297,0.4121158238617953,positive_alpha_scaling_without_clipping,1.0,0,
coarse_grid,4.799999999999999,17.459396447784496,3999.1596844058004,0.41996868213857974,positive_alpha_scaling_without_clipping,1.0,0,
coarse_grid,4.799999999999999,17.6,3998.57250041077,0.41996155007387276,positive_alpha_scaling_without_clipping,1.0,0,
coarse_grid,4.799999999999999,18.1,3999.42326984343,0.41986385680305294,positive_alpha_scaling_without_clipping,1.0,0,
coarse_grid,4.799999999999999,18.6,4039.8854244623562,0.4119248330598879,positive_alpha_scaling_without_clipping,1.0,0,
coarse_grid,4.799999999999999,19.1,4037.2565899609317,0.41237196118949976,positive_alpha_scaling_without_clipping,1.0,0,
coarse_grid,4.799999999999999,19.6,3997.42142003571,0.4201430640414791,positive_alpha_scaling_without_clipping,1.0,0,
coarse_grid,4.799999999999999,20.000000000000004,4036.693946177228,0.4124378324504239,positive_alpha_scaling_without_clipping,1.0,0,
coarse_grid,4.999999999999999,0.1,30279.33859230383,-3.890169490140438,evaluated,,14208,
coarse_grid,4.999999999999999,0.11455149701087121,30279.33859230383,-3.890169490140438,evaluated,,14208,
coarse_grid,4.999999999999999,0.13122045467431637,30279.33859230383,-3.890169490140438,evaluated,,14208,
coarse_grid,4.999999999999999,0.1503149952139011,30279.33859230383,-3.890169490140438,evaluated,,14208,
coarse_grid,4.999999999999999,0.17218807724934312,30279.33859230383,-3.890169490140438,evaluated,,14208,
coarse_grid,4.999999999999999,0.1972440201633579,30279.33859230383,-3.890169490140438,evaluated,,14208,
coarse_grid,4.999999999999999,0.22594597786155107,30279.117163679155,-3.8901259738026184,evaluated,,14207,
coarse_grid,4.999999999999999,0.2588245000762584,30278.84679039239,-3.890072838597982,evaluated,,14206,
coarse_grid,4.999999999999999,0.29648733946825756,30278.5966836882,-3.8900236862905695,evaluated,,14206,
coarse_grid,4.999999999999999,0.3396306858085926,30273.127621601143,-3.889447811800439,evaluated,,14205,
coarse_grid,4.999999999999999,0.3890520349020314,29869.582522025135,-3.8487401659546903,evaluated,,14187,
coarse_grid,4.999999999999999,0.445664930131534,28758.492811310614,-3.734460518931194,evaluated,,14080,
coarse_grid,4.999999999999999,0.5105158491181254,24602.999966201744,-3.2386164113375044,evaluated,,13667,
coarse_grid,4.999999999999999,0.5848035476425733,19806.429641506184,-2.39107154003232,evaluated,,12723,
coarse_grid,4.999999999999999,0.6,17529.862006000887,-1.9527573586694573,evaluated,,12379,
coarse_grid,4.999999999999999,0.669901218397251,13842.690066611287,-1.2512984285505107,evaluated,,11331,
coarse_grid,4.999999999999999,0.7673818741681168,10715.186054260757,-0.7139519250352674,evaluated,,7760,
coarse_grid,4.999999999999999,0.8790474246496578,5708.422568087179,0.12905255269496563,evaluated,,3072,
coarse_grid,4.999999999999999,1.0069619843716933,4807.319738180613,0.285583763767639,evaluated,,1654,
coarse_grid,4.999999999999999,1.1,4621.158464450031,0.32213099163797543,evaluated,,868,
coarse_grid,4.999999999999999,1.1534900274281497,4085.293942872133,0.40733166560957557,evaluated,,482,
coarse_grid,4.999999999999999,1.3213400942900544,3999.2226377358893,0.42029224817595534,evaluated,,248,
coarse_grid,4.999999999999999,1.5136148586141145,3994.7920119445325,0.42117443895102097,evaluated,,118,
coarse_grid,4.999999999999999,1.6,3995.5155602961067,0.42099988398624233,evaluated,,36,
coarse_grid,4.999999999999999,1.733868479521449,3991.500065779924,0.42172232885368355,positive_alpha_scaling_without_clipping,1.0,0,
coarse_grid,4.999999999999999,1.9861722994914508,3993.620149688872,0.42138710962383286,positive_alpha_scaling_without_clipping,1.0,0,
coarse_grid,4.999999999999999,2.1,3993.6838340839886,0.4213807342101444,positive_alpha_scaling_without_clipping,1.0,0,
coarse_grid,4.999999999999999,2.2751901022827012,3993.382025806385,0.4213991242907422,positive_alpha_scaling_without_clipping,1.0,0,
coarse_grid,4.999999999999999,2.6,3993.9779552513573,0.4212820090483858,positive_alpha_scaling_without_clipping,1.0,0,
coarse_grid,4.999999999999999,2.6062643220080064,3992.8963647929454,0.4214637655585489,positive_alpha_scaling_without_clipping,1.0,0,
coarse_grid,4.999999999999999,2.9855147969204046,3995.310051272149,0.42100938940107185,positive_alpha_scaling_without_clipping,1.0,0,
coarse_grid,4.999999999999999,3.1,3994.2101203987518,0.4212396113632191,positive_alpha_scaling_without_clipping,1.0,0,
coarse_grid,4.999999999999999,3.419951893353395,3995.852629885533,0.42094825505659567,positive_alpha_scaling_without_clipping,1.0,0,
coarse_grid,4.999999999999999,3.6,4000.024740486008,0.42014688939336986,positive_alpha_scaling_without_clipping,1.0,0,
coarse_grid,4.999999999999999,3.9176060908879475,3999.879867699032,0.42017552407775793,positive_alpha_scaling_without_clipping,1.0,0,
coarse_grid,4.999999999999999,4.1,3999.7594995208574,0.4201875740772812,positive_alpha_scaling_without_clipping,1.0,0,
coarse_grid,4.999999999999999,4.487676424101213,3999.268662401737,0.4202698297918637,positive_alpha_scaling_without_clipping,1.0,0,
coarse_grid,4.999999999999999,4.6,4000.4231292359154,0.42007231942842965,positive_alpha_scaling_without_clipping,1.0,0,
coarse_grid,4.999999999999999,5.1,4003.982657999244,0.4194052139841356,positive_alpha_scaling_without_clipping,1.0,0,
coarse_grid,4.999999999999999,5.140700524811874,4005.094932567675,0.41915419164659773,positive_alpha_scaling_without_clipping,1.0,0,
coarse_grid,4.999999999999999,5.6,4006.0132546524983,0.4189240477713292,positive_alpha_scaling_without_clipping,1.0,0,
coarse_grid,4.999999999999999,5.8887494080177145,4003.955469931935,0.41934513376366384,positive_alpha_scaling_without_clipping,1.0,0,
coarse_grid,4.999999999999999,6.1,4005.114222058296,0.41910171637270116,positive_alpha_scaling_without_clipping,1.0,0,
coarse_grid,4.999999999999999,6.6,4004.259375872093,0.41925729527190386,positive_alpha_scaling_without_clipping,1.0,0,
coarse_grid,4.999999999999999,6.745650602103109,4004.804774212079,0.4192026957104877,positive_alpha_scaling_without_clipping,1.0,0,
coarse_grid,4.999999999999999,7.1,4004.3885644986094,0.4192762590404318,positive_alpha_scaling_without_clipping,1.0,0,
coarse_grid,4.999999999999999,7.6,4004.787826858398,0.4192043923017867,positive_alpha_scaling_without_clipping,1.0,0,
coarse_grid,4.999999999999999,7.727243747831959,4004.6024493157192,0.41922295035703666,positive_alpha_scaling_without_clipping,1.0,0,
coarse_grid,4.999999999999999,8.1,4004.801002003311,0.4192030733444649,positive_alpha_scaling_without_clipping,1.0,0,
coarse_grid,4.999999999999999,8.6,4003.903034365818,0.41936553588579834,positive_alpha_scaling_without_clipping,1.0,0,
coarse_grid,4.999999999999999,8.851673390820459,4004.0322140023873,0.41934014881259374,positive_alpha_scaling_without_clipping,1.0,0,
coarse_grid,4.999999999999999,9.1,4003.7434608621866,0.41939970069349786,positive_alpha_scaling_without_clipping,1.0,0,
coarse_grid,4.999999999999999,9.6,4002.887303531915,0.4195534381711547,positive_alpha_scaling_without_clipping,1.0,0,
coarse_grid,4.999999999999999,10.1,4002.7319351592073,0.4195839719948779,positive_alpha_scaling_without_clipping,1.0,0,
coarse_grid,4.999999999999999,10.13972437969778,4002.38020863361,0.4196530951731938,positive_alpha_scaling_without_clipping,1.0,0,
coarse_grid,4.999999999999999,10.6,4003.4768664536114,0.41945209325277577,positive_alpha_scaling_without_clipping,1.0,0,
coarse_grid,4.999999999999999,11.1,4003.1137442081213,0.41950730540194214,positive_alpha_scaling_without_clipping,1.0,0,
coarse_grid,4.999999999999999,11.6,4003.2030817277982,0.41953052251940054,positive_alpha_scaling_without_clipping,1.0,0,
coarse_grid,4.999999999999999,11.615206069720077,4003.0809904208872,0.4195551571913758,positive_alpha_scaling_without_clipping,1.0,0,
coarse_grid,4.999999999999999,12.1,3999.826249671677,0.4198364148742091,positive_alpha_scaling_without_clipping,1.0,0,
coarse_grid,4.999999999999999,12.6,3998.9338709590065,0.4200140619839111,positive_alpha_scaling_without_clipping,1.0,0,
coarse_grid,4.999999999999999,13.1,4002.9610023002224,0.41955826387155104,positive_alpha_scaling_without_clipping,1.0,0,
coarse_grid,4.999999999999999,13.305392433761932,4000.045396607824,0.4197933469460256,positive_alpha_scaling_without_clipping,1.0,0,
coarse_grid,4.999999999999999,13.6,4002.215567444256,0.4197070327884805,positive_alpha_scaling_without_clipping,1.0,0,
coarse_grid,4.999999999999999,14.1,3999.110619643699,0.41997932638690616,positive_alpha_scaling_without_clipping,1.0,0,
coarse_grid,4.999999999999999,14.6,4000.391873426409,0.41972525546821415,positive_alpha_scaling_without_clipping,1.0,0,
coarse_grid,4.999999999999999,15.1,4004.021380545866,0.41937034669354634,positive_alpha_scaling_without_clipping,1.0,0,
coarse_grid,4.999999999999999,15.241526216045477,3999.236549564972,0.41983104758186285,positive_alpha_scaling_without_clipping,1.0,0,
coarse_grid,4.999999999999999,15.6,3999.236549564972,0.41983104758186285,positive_alpha_scaling_without_clipping,1.0,0,
coarse_grid,4.999999999999999,16.1,4000.4210748149926,0.41971246533766454,positive_alpha_scaling_without_clipping,1.0,0,
coarse_grid,4.999999999999999,16.6,4039.550550935388,0.41203085298361963,positive_alpha_scaling_without_clipping,1.0,0,
coarse_grid,4.999999999999999,17.1,4038.2672458111297,0.4121158238617953,positive_alpha_scaling_without_clipping,1.0,0,
coarse_grid,4.999999999999999,17.459396447784496,3999.1596844058004,0.41996868213857974,positive_alpha_scaling_without_clipping,1.0,0,
coarse_grid,4.999999999999999,17.6,3998.57250041077,0.41996155007387276,positive_alpha_scaling_without_clipping,1.0,0,
coarse_grid,4.999999999999999,18.1,3999.42326984343,0.41986385680305294,positive_alpha_scaling_without_clipping,1.0,0,
coarse_grid,4.999999999999999,18.6,4039.8854244623562,0.4119248330598879,positive_alpha_scaling_without_clipping,1.0,0,
coarse_grid,4.999999999999999,19.1,4037.2565899609317,0.41237196118949976,positive_alpha_scaling_without_clipping,1.0,0,
coarse_grid,4.999999999999999,19.6,3997.42142003571,0.4201430640414791,positive_alpha_scaling_without_clipping,1.0,0,
coarse_grid,4.999999999999999,20.000000000000004,4036.693946177228,0.4124378324504239,positive_alpha_scaling_without_clipping,1.0,0,
coarse_grid,5.199999999999999,0.1,30279.33859230383,-3.890169490140438,evaluated,,14208,
coarse_grid,5.199999999999999,0.11455149701087121,30279.33859230383,-3.890169490140438,evaluated,,14208,
coarse_grid,5.199999999999999,0.13122045467431637,30279.33859230383,-3.890169490140438,evaluated,,14208,
coarse_grid,5.199999999999999,0.1503149952139011,30279.33859230383,-3.890169490140438,evaluated,,14208,
coarse_grid,5.199999999999999,0.17218807724934312,30279.33859230383,-3.890169490140438,evaluated,,14208,
coarse_grid,5.199999999999999,0.1972440201633579,30279.33859230383,-3.890169490140438,evaluated,,14208,
coarse_grid,5.199999999999999,0.22594597786155107,30279.196613509375,-3.890141587708258,evaluated,,14207,
coarse_grid,5.199999999999999,0.2588245000762584,30278.92300067957,-3.8900878158512944,evaluated,,14206,
coarse_grid,5.199999999999999,0.29648733946825756,30278.666622886965,-3.89003743111604,evaluated,,14206,
coarse_grid,5.199999999999999,0.3396306858085926,30278.43246083997,-3.8899914123379515,evaluated,,14206,
coarse_grid,5.199999999999999,0.3890520349020314,30252.916297832333,-3.8873451972746755,evaluated,,14202,
coarse_grid,5.199999999999999,0.445664930131534,29707.284318041908,-3.8313319344348766,evaluated,,14157,
coarse_grid,5.199999999999999,0.5105158491181254,25108.9228974484,-3.301277832571375,evaluated,,13718,
coarse_grid,5.199999999999999,0.5848035476425733,23334.242822467448,-3.073303521343502,evaluated,,13088,
coarse_grid,5.199999999999999,0.6,20706.876406433446,-2.5616442803665054,evaluated,,12943,
coarse_grid,5.199999999999999,0.669901218397251,14099.344920174313,-1.2946225800725433,evaluated,,11703,
coarse_grid,5.199999999999999,0.7673818741681168,10921.977549568219,-0.7381480769195867,evaluated,,8888,
coarse_grid,5.199999999999999,0.8790474246496578,7517.361631163589,-0.1777491422965486,evaluated,,4286,
coarse_grid,5.199999999999999,1.0069619843716933,4826.404592794874,0.28183310604742684,evaluated,,1855,
coarse_grid,5.199999999999999,1.1,4735.018219553804,0.29976315999163217,evaluated,,1248,
coarse_grid,5.199999999999999,1.1534900274281497,4597.353464247917,0.3268328453131668,evaluated,,786,
coarse_grid,5.199999999999999,1.3213400942900544,3997.173961886525,0.4206948649129405,evaluated,,248,
coarse_grid,5.199999999999999,1.5136148586141145,3995.4209080263904,0.42098168648066747,evaluated,,200,
coarse_grid,5.199999999999999,1.6,3995.5155602961067,0.42099988398624233,evaluated,,109,
coarse_grid,5.199999999999999,1.733868479521449,3991.500065779924,0.42172232885368355,positive_alpha_scaling_without_clipping,1.0,0,
coarse_grid,5.199999999999999,1.9861722994914508,3993.620149688872,0.42138710962383286,positive_alpha_scaling_without_clipping,1.0,0,
coarse_grid,5.199999999999999,2.1,3993.6838340839886,0.4213807342101444,positive_alpha_scaling_without_clipping,1.0,0,
coarse_grid,5.199999999999999,2.2751901022827012,3993.382025806385,0.4213991242907422,positive_alpha_scaling_without_clipping,1.0,0,
coarse_grid,5.199999999999999,2.6,3993.9779552513573,0.4212820090483858,positive_alpha_scaling_without_clipping,1.0,0,
coarse_grid,5.199999999999999,2.6062643220080064,3992.8963647929454,0.4214637655585489,positive_alpha_scaling_without_clipping,1.0,0,
coarse_grid,5.199999999999999,2.9855147969204046,3995.310051272149,0.42100938940107185,positive_alpha_scaling_without_clipping,1.0,0,
coarse_grid,5.199999999999999,3.1,3994.2101203987518,0.4212396113632191,positive_alpha_scaling_without_clipping,1.0,0,
coarse_grid,5.199999999999999,3.419951893353395,3995.852629885533,0.42094825505659567,positive_alpha_scaling_without_clipping,1.0,0,
coarse_grid,5.199999999999999,3.6,4000.024740486008,0.42014688939336986,positive_alpha_scaling_without_clipping,1.0,0,
coarse_grid,5.199999999999999,3.9176060908879475,3999.879867699032,0.42017552407775793,positive_alpha_scaling_without_clipping,1.0,0,
coarse_grid,5.199999999999999,4.1,3999.7594995208574,0.4201875740772812,positive_alpha_scaling_without_clipping,1.0,0,
coarse_grid,5.199999999999999,4.487676424101213,3999.268662401737,0.4202698297918637,positive_alpha_scaling_without_clipping,1.0,0,
coarse_grid,5.199999999999999,4.6,4000.4231292359154,0.42007231942842965,positive_alpha_scaling_without_clipping,1.0,0,
coarse_grid,5.199999999999999,5.1,4003.982657999244,0.4194052139841356,positive_alpha_scaling_without_clipping,1.0,0,
coarse_grid,5.199999999999999,5.140700524811874,4005.094932567675,0.41915419164659773,positive_alpha_scaling_without_clipping,1.0,0,
coarse_grid,5.199999999999999,5.6,4006.0132546524983,0.4189240477713292,positive_alpha_scaling_without_clipping,1.0,0,
coarse_grid,5.199999999999999,5.8887494080177145,4003.955469931935,0.41934513376366384,positive_alpha_scaling_without_clipping,1.0,0,
coarse_grid,5.199999999999999,6.1,4005.114222058296,0.41910171637270116,positive_alpha_scaling_without_clipping,1.0,0,
coarse_grid,5.199999999999999,6.6,4004.259375872093,0.41925729527190386,positive_alpha_scaling_without_clipping,1.0,0,
coarse_grid,5.199999999999999,6.745650602103109,4004.804774212079,0.4192026957104877,positive_alpha_scaling_without_clipping,1.0,0,
coarse_grid,5.199999999999999,7.1,4004.3885644986094,0.4192762590404318,positive_alpha_scaling_without_clipping,1.0,0,
coarse_grid,5.199999999999999,7.6,4004.787826858398,0.4192043923017867,positive_alpha_scaling_without_clipping,1.0,0,
coarse_grid,5.199999999999999,7.727243747831959,4004.6024493157192,0.41922295035703666,positive_alpha_scaling_without_clipping,1.0,0,
coarse_grid,5.199999999999999,8.1,4004.801002003311,0.4192030733444649,positive_alpha_scaling_without_clipping,1.0,0,
coarse_grid,5.199999999999999,8.6,4003.903034365818,0.41936553588579834,positive_alpha_scaling_without_clipping,1.0,0,
coarse_grid,5.199999999999999,8.851673390820459,4004.0322140023873,0.41934014881259374,positive_alpha_scaling_without_clipping,1.0,0,
coarse_grid,5.199999999999999,9.1,4003.7434608621866,0.41939970069349786,positive_alpha_scaling_without_clipping,1.0,0,
coarse_grid,5.199999999999999,9.6,4002.887303531915,0.4195534381711547,positive_alpha_scaling_without_clipping,1.0,0,
coarse_grid,5.199999999999999,10.1,4002.7319351592073,0.4195839719948779,positive_alpha_scaling_without_clipping,1.0,0,
coarse_grid,5.199999999999999,10.13972437969778,4002.38020863361,0.4196530951731938,positive_alpha_scaling_without_clipping,1.0,0,
coarse_grid,5.199999999999999,10.6,4003.4768664536114,0.41945209325277577,positive_alpha_scaling_without_clipping,1.0,0,
coarse_grid,5.199999999999999,11.1,4003.1137442081213,0.41950730540194214,positive_alpha_scaling_without_clipping,1.0,0,
coarse_grid,5.199999999999999,11.6,4003.2030817277982,0.41953052251940054,positive_alpha_scaling_without_clipping,1.0,0,
coarse_grid,5.199999999999999,11.615206069720077,4003.0809904208872,0.4195551571913758,positive_alpha_scaling_without_clipping,1.0,0,
coarse_grid,5.199999999999999,12.1,3999.826249671677,0.4198364148742091,positive_alpha_scaling_without_clipping,1.0,0,
coarse_grid,5.199999999999999,12.6,3998.9338709590065,0.4200140619839111,positive_alpha_scaling_without_clipping,1.0,0,
coarse_grid,5.199999999999999,13.1,4002.9610023002224,0.41955826387155104,positive_alpha_scaling_without_clipping,1.0,0,
coarse_grid,5.199999999999999,13.305392433761932,4000.045396607824,0.4197933469460256,positive_alpha_scaling_without_clipping,1.0,0,
coarse_grid,5.199999999999999,13.6,4002.215567444256,0.4197070327884805,positive_alpha_scaling_without_clipping,1.0,0,
coarse_grid,5.199999999999999,14.1,3999.110619643699,0.41997932638690616,positive_alpha_scaling_without_clipping,1.0,0,
coarse_grid,5.199999999999999,14.6,4000.391873426409,0.41972525546821415,positive_alpha_scaling_without_clipping,1.0,0,
coarse_grid,5.199999999999999,15.1,4004.021380545866,0.41937034669354634,positive_alpha_scaling_without_clipping,1.0,0,
coarse_grid,5.199999999999999,15.241526216045477,3999.236549564972,0.41983104758186285,positive_alpha_scaling_without_clipping,1.0,0,
coarse_grid,5.199999999999999,15.6,3999.236549564972,0.41983104758186285,positive_alpha_scaling_without_clipping,1.0,0,
coarse_grid,5.199999999999999,16.1,4000.4210748149926,0.41971246533766454,positive_alpha_scaling_without_clipping,1.0,0,
coarse_grid,5.199999999999999,16.6,4039.550550935388,0.41203085298361963,positive_alpha_scaling_without_clipping,1.0,0,
coarse_grid,5.199999999999999,17.1,4038.2672458111297,0.4121158238617953,positive_alpha_scaling_without_clipping,1.0,0,
coarse_grid,5.199999999999999,17.459396447784496,3999.1596844058004,0.41996868213857974,positive_alpha_scaling_without_clipping,1.0,0,
coarse_grid,5.199999999999999,17.6,3998.57250041077,0.41996155007387276,positive_alpha_scaling_without_clipping,1.0,0,
coarse_grid,5.199999999999999,18.1,3999.42326984343,0.41986385680305294,positive_alpha_scaling_without_clipping,1.0,0,
coarse_grid,5.199999999999999,18.6,4039.8854244623562,0.4119248330598879,positive_alpha_scaling_without_clipping,1.0,0,
coarse_grid,5.199999999999999,19.1,4037.2565899609317,0.41237196118949976,positive_alpha_scaling_without_clipping,1.0,0,
coarse_grid,5.199999999999999,19.6,3997.42142003571,0.4201430640414791,positive_alpha_scaling_without_clipping,1.0,0,
coarse_grid,5.199999999999999,20.000000000000004,4036.693946177228,0.4124378324504239,positive_alpha_scaling_without_clipping,1.0,0,
coarse_grid,5.399999999999999,0.1,30279.33859230383,-3.890169490140438,evaluated,,14208,
coarse_grid,5.399999999999999,0.11455149701087121,30279.33859230383,-3.890169490140438,evaluated,,14208,
coarse_grid,5.399999999999999,0.13122045467431637,30279.33859230383,-3.890169490140438,evaluated,,14208,
coarse_grid,5.399999999999999,0.1503149952139011,30279.33859230383,-3.890169490140438,evaluated,,14208,
coarse_grid,5.399999999999999,0.17218807724934312,30279.33859230383,-3.890169490140438,evaluated,,14208,
coarse_grid,5.399999999999999,0.1972440201633579,30279.33859230383,-3.890169490140438,evaluated,,14208,
coarse_grid,5.399999999999999,0.22594597786155107,30279.277555574867,-3.8901574948759547,evaluated,,14207,
coarse_grid,5.399999999999999,0.2588245000762584,30278.99795233937,-3.8901025457524208,evaluated,,14206,
coarse_grid,5.399999999999999,0.29648733946825756,30278.735675389362,-3.8900510016831964,evaluated,,14206,
coarse_grid,5.399999999999999,0.3396306858085926,30278.49521383432,-3.8900037448920886,evaluated,,14206,
coarse_grid,5.399999999999999,0.3890520349020314,30266.364973346088,-3.8887352525373116,evaluated,,14204,
coarse_grid,5.399999999999999,0.445664930131534,29843.308661374962,-3.845549892424888,evaluated,,14183,
coarse_grid,5.399999999999999,0.5105158491181254,27597.74371761838,-3.5702430138667527,evaluated,,13934,
coarse_grid,5.399999999999999,0.5848035476425733,23554.98024694136,-3.1149073943312673,evaluated,,13119,
coarse_grid,5.399999999999999,0.6,23389.633561393344,-3.0841593746130624,evaluated,,13089,
coarse_grid,5.399999999999999,0.669901218397251,16430.314817194358,-1.7391872057151514,evaluated,,12294,
coarse_grid,5.399999999999999,0.7673818741681168,12195.644224998352,-0.9638084712601758,evaluated,,10019,
coarse_grid,5.399999999999999,0.8790474246496578,9707.555018422065,-0.5545671397049559,evaluated,,6012,
coarse_grid,5.399999999999999,1.0069619843716933,5125.296793050495,0.22850108546298176,evaluated,,2336,
coarse_grid,5.399999999999999,1.1,4780.232902511532,0.2908773286279692,evaluated,,1590,
coarse_grid,5.399999999999999,1.1534900274281497,4729.168024889965,0.3009102504150993,evaluated,,1147,
coarse_grid,5.399999999999999,1.3213400942900544,3997.7565924138726,0.42061860528905287,evaluated,,256,
coarse_grid,5.399999999999999,1.5136148586141145,3997.515890246077,0.4205899437891287,evaluated,,242,
coarse_grid,5.399999999999999,1.6,3993.2856590502042,0.421388932080476,evaluated,,163,
coarse_grid,5.399999999999999,1.733868479521449,3991.537062726775,0.42171862510740565,evaluated,,25,
coarse_grid,5.399999999999999,1.9861722994914508,3993.620149688872,0.42138710962383286,positive_alpha_scaling_without_clipping,1.0,0,
coarse_grid,5.399999999999999,2.1,3993.6838340839886,0.4213807342101444,positive_alpha_scaling_without_clipping,1.0,0,
coarse_grid,5.399999999999999,2.2751901022827012,3993.382025806385,0.4213991242907422,positive_alpha_scaling_without_clipping,1.0,0,
coarse_grid,5.399999999999999,2.6,3993.9779552513573,0.4212820090483858,positive_alpha_scaling_without_clipping,1.0,0,
coarse_grid,5.399999999999999,2.6062643220080064,3992.8963647929454,0.4214637655585489,positive_alpha_scaling_without_clipping,1.0,0,
coarse_grid,5.399999999999999,2.9855147969204046,3995.310051272149,0.42100938940107185,positive_alpha_scaling_without_clipping,1.0,0,
coarse_grid,5.399999999999999,3.1,3994.2101203987518,0.4212396113632191,positive_alpha_scaling_without_clipping,1.0,0,
coarse_grid,5.399999999999999,3.419951893353395,3995.852629885533,0.42094825505659567,positive_alpha_scaling_without_clipping,1.0,0,
coarse_grid,5.399999999999999,3.6,4000.024740486008,0.42014688939336986,positive_alpha_scaling_without_clipping,1.0,0,
coarse_grid,5.399999999999999,3.9176060908879475,3999.879867699032,0.42017552407775793,positive_alpha_scaling_without_clipping,1.0,0,
coarse_grid,5.399999999999999,4.1,3999.7594995208574,0.4201875740772812,positive_alpha_scaling_without_clipping,1.0,0,
coarse_grid,5.399999999999999,4.487676424101213,3999.268662401737,0.4202698297918637,positive_alpha_scaling_without_clipping,1.0,0,
coarse_grid,5.399999999999999,4.6,4000.4231292359154,0.42007231942842965,positive_alpha_scaling_without_clipping,1.0,0,
coarse_grid,5.399999999999999,5.1,4003.982657999244,0.4194052139841356,positive_alpha_scaling_without_clipping,1.0,0,
coarse_grid,5.399999999999999,5.140700524811874,4005.094932567675,0.41915419164659773,positive_alpha_scaling_without_clipping,1.0,0,
coarse_grid,5.399999999999999,5.6,4006.0132546524983,0.4189240477713292,positive_alpha_scaling_without_clipping,1.0,0,
coarse_grid,5.399999999999999,5.8887494080177145,4003.955469931935,0.41934513376366384,positive_alpha_scaling_without_clipping,1.0,0,
coarse_grid,5.399999999999999,6.1,4005.114222058296,0.41910171637270116,positive_alpha_scaling_without_clipping,1.0,0,
coarse_grid,5.399999999999999,6.6,4004.259375872093,0.41925729527190386,positive_alpha_scaling_without_clipping,1.0,0,
coarse_grid,5.399999999999999,6.745650602103109,4004.804774212079,0.4192026957104877,positive_alpha_scaling_without_clipping,1.0,0,
coarse_grid,5.399999999999999,7.1,4004.3885644986094,0.4192762590404318,positive_alpha_scaling_without_clipping,1.0,0,
coarse_grid,5.399999999999999,7.6,4004.787826858398,0.4192043923017867,positive_alpha_scaling_without_clipping,1.0,0,
coarse_grid,5.399999999999999,7.727243747831959,4004.6024493157192,0.41922295035703666,positive_alpha_scaling_without_clipping,1.0,0,
coarse_grid,5.399999999999999,8.1,4004.801002003311,0.4192030733444649,positive_alpha_scaling_without_clipping,1.0,0,
coarse_grid,5.399999999999999,8.6,4003.903034365818,0.41936553588579834,positive_alpha_scaling_without_clipping,1.0,0,
coarse_grid,5.399999999999999,8.851673390820459,4004.0322140023873,0.41934014881259374,positive_alpha_scaling_without_clipping,1.0,0,
coarse_grid,5.399999999999999,9.1,4003.7434608621866,0.41939970069349786,positive_alpha_scaling_without_clipping,1.0,0,
coarse_grid,5.399999999999999,9.6,4002.887303531915,0.4195534381711547,positive_alpha_scaling_without_clipping,1.0,0,
coarse_grid,5.399999999999999,10.1,4002.7319351592073,0.4195839719948779,positive_alpha_scaling_without_clipping,1.0,0,
coarse_grid,5.399999999999999,10.13972437969778,4002.38020863361,0.4196530951731938,positive_alpha_scaling_without_clipping,1.0,0,
coarse_grid,5.399999999999999,10.6,4003.4768664536114,0.41945209325277577,positive_alpha_scaling_without_clipping,1.0,0,
coarse_grid,5.399999999999999,11.1,4003.1137442081213,0.41950730540194214,positive_alpha_scaling_without_clipping,1.0,0,
coarse_grid,5.399999999999999,11.6,4003.2030817277982,0.41953052251940054,positive_alpha_scaling_without_clipping,1.0,0,
coarse_grid,5.399999999999999,11.615206069720077,4003.0809904208872,0.4195551571913758,positive_alpha_scaling_without_clipping,1.0,0,
coarse_grid,5.399999999999999,12.1,3999.826249671677,0.4198364148742091,positive_alpha_scaling_without_clipping,1.0,0,
coarse_grid,5.399999999999999,12.6,3998.9338709590065,0.4200140619839111,positive_alpha_scaling_without_clipping,1.0,0,
coarse_grid,5.399999999999999,13.1,4002.9610023002224,0.41955826387155104,positive_alpha_scaling_without_clipping,1.0,0,
coarse_grid,5.399999999999999,13.305392433761932,4000.045396607824,0.4197933469460256,positive_alpha_scaling_without_clipping,1.0,0,
coarse_grid,5.399999999999999,13.6,4002.215567444256,0.4197070327884805,positive_alpha_scaling_without_clipping,1.0,0,
coarse_grid,5.399999999999999,14.1,3999.110619643699,0.41997932638690616,positive_alpha_scaling_without_clipping,1.0,0,
coarse_grid,5.399999999999999,14.6,4000.391873426409,0.41972525546821415,positive_alpha_scaling_without_clipping,1.0,0,
coarse_grid,5.399999999999999,15.1,4004.021380545866,0.41937034669354634,positive_alpha_scaling_without_clipping,1.0,0,
coarse_grid,5.399999999999999,15.241526216045477,3999.236549564972,0.41983104758186285,positive_alpha_scaling_without_clipping,1.0,0,
coarse_grid,5.399999999999999,15.6,3999.236549564972,0.41983104758186285,positive_alpha_scaling_without_clipping,1.0,0,
coarse_grid,5.399999999999999,16.1,4000.4210748149926,0.41971246533766454,positive_alpha_scaling_without_clipping,1.0,0,
coarse_grid,5.399999999999999,16.6,4039.550550935388,0.41203085298361963,positive_alpha_scaling_without_clipping,1.0,0,
coarse_grid,5.399999999999999,17.1,4038.2672458111297,0.4121158238617953,positive_alpha_scaling_without_clipping,1.0,0,
coarse_grid,5.399999999999999,17.459396447784496,3999.1596844058004,0.41996868213857974,positive_alpha_scaling_without_clipping,1.0,0,
coarse_grid,5.399999999999999,17.6,3998.57250041077,0.41996155007387276,positive_alpha_scaling_without_clipping,1.0,0,
coarse_grid,5.399999999999999,18.1,3999.42326984343,0.41986385680305294,positive_alpha_scaling_without_clipping,1.0,0,
coarse_grid,5.399999999999999,18.6,4039.8854244623562,0.4119248330598879,positive_alpha_scaling_without_clipping,1.0,0,
coarse_grid,5.399999999999999,19.1,4037.2565899609317,0.41237196118949976,positive_alpha_scaling_without_clipping,1.0,0,
coarse_grid,5.399999999999999,19.6,3997.42142003571,0.4201430640414791,positive_alpha_scaling_without_clipping,1.0,0,
coarse_grid,5.399999999999999,20.000000000000004,4036.693946177228,0.4124378324504239,positive_alpha_scaling_without_clipping,1.0,0,
coarse_grid,5.599999999999999,0.1,30279.33859230383,-3.890169490140438,evaluated,,14208,
coarse_grid,5.599999999999999,0.11455149701087121,30279.33859230383,-3.890169490140438,evaluated,,14208,
coarse_grid,5.599999999999999,0.13122045467431637,30279.33859230383,-3.890169490140438,evaluated,,14208,
coarse_grid,5.599999999999999,0.1503149952139011,30279.33859230383,-3.890169490140438,evaluated,,14208,
coarse_grid,5.599999999999999,0.17218807724934312,30279.33859230383,-3.890169490140438,evaluated,,14208,
coarse_grid,5.599999999999999,0.1972440201633579,30279.33859230383,-3.890169490140438,evaluated,,14208,
coarse_grid,5.599999999999999,0.22594597786155107,30279.33859230383,-3.890169490140438,evaluated,,14208,
coarse_grid,5.599999999999999,0.2588245000762584,30279.071634400956,-3.8901170261453135,evaluated,,14206,
coarse_grid,5.599999999999999,0.29648733946825756,30278.803813903396,-3.89006439262847,evaluated,,14206,
coarse_grid,5.599999999999999,0.3396306858085926,30278.55736650458,-3.8900159594673234,evaluated,,14206,
coarse_grid,5.599999999999999,0.3890520349020314,30272.9869242946,-3.8894201612131196,evaluated,,14205,
coarse_grid,5.599999999999999,0.445664930131534,29860.670530482465,-3.847638734270299,evaluated,,14186,
coarse_grid,5.599999999999999,0.5105158491181254,28730.17324689038,-3.730340857327392,evaluated,,14075,
coarse_grid,5.599999999999999,0.5848035476425733,24545.16868112775,-3.229753409729061,evaluated,,13653,
coarse_grid,5.599999999999999,0.6,23681.66031084492,-3.1339758279704792,evaluated,,13202,
coarse_grid,5.599999999999999,0.669901218397251,17529.862303419995,-1.952757388443939,evaluated,,12379,
coarse_grid,5.599999999999999,0.7673818741681168,12341.086026308916,-0.9791311236747311,evaluated,,10454,
coarse_grid,5.599999999999999,0.8790474246496578,9813.367350028315,-0.5640994517273665,evaluated,,6735,
coarse_grid,5.599999999999999,1.0069619843716933,5584.63891286731,0.15020829512796935,evaluated,,2805,
coarse_grid,5.599999999999999,1.1,4808.643116677185,0.28529138023761463,evaluated,,1790,
coarse_grid,5.599999999999999,1.1534900274281497,4786.1488482704435,0.28973244090406175,evaluated,,1514,
coarse_grid,5.599999999999999,1.3213400942900544,4016.512616123669,0.4179503283001828,evaluated,,329,
coarse_grid,5.599999999999999,1.5136148586141145,3993.6378117760078,0.42133211009418464,evaluated,,248,
coarse_grid,5.599999999999999,1.6,3996.0992781258365,0.4208359846087216,evaluated,,231,
coarse_grid,5.599999999999999,1.733868479521449,3991.3310682607744,0.4217392471127788,evaluated,,97,
coarse_grid,5.599999999999999,1.9861722994914508,3993.620149688872,0.42138710962383286,positive_alpha_scaling_without_clipping,1.0,0,
coarse_grid,5.599999999999999,2.1,3993.6838340839886,0.4213807342101444,positive_alpha_scaling_without_clipping,1.0,0,
coarse_grid,5.599999999999999,2.2751901022827012,3993.382025806385,0.4213991242907422,positive_alpha_scaling_without_clipping,1.0,0,
coarse_grid,5.599999999999999,2.6,3993.9779552513573,0.4212820090483858,positive_alpha_scaling_without_clipping,1.0,0,
coarse_grid,5.599999999999999,2.6062643220080064,3992.8963647929454,0.4214637655585489,positive_alpha_scaling_without_clipping,1.0,0,
coarse_grid,5.599999999999999,2.9855147969204046,3995.310051272149,0.42100938940107185,positive_alpha_scaling_without_clipping,1.0,0,
coarse_grid,5.599999999999999,3.1,3994.2101203987518,0.4212396113632191,positive_alpha_scaling_without_clipping,1.0,0,
coarse_grid,5.599999999999999,3.419951893353395,3995.852629885533,0.42094825505659567,positive_alpha_scaling_without_clipping,1.0,0,
coarse_grid,5.599999999999999,3.6,4000.024740486008,0.42014688939336986,positive_alpha_scaling_without_clipping,1.0,0,
coarse_grid,5.599999999999999,3.9176060908879475,3999.879867699032,0.42017552407775793,positive_alpha_scaling_without_clipping,1.0,0,
coarse_grid,5.599999999999999,4.1,3999.7594995208574,0.4201875740772812,positive_alpha_scaling_without_clipping,1.0,0,
coarse_grid,5.599999999999999,4.487676424101213,3999.268662401737,0.4202698297918637,positive_alpha_scaling_without_clipping,1.0,0,
coarse_grid,5.599999999999999,4.6,4000.4231292359154,0.42007231942842965,positive_alpha_scaling_without_clipping,1.0,0,
coarse_grid,5.599999999999999,5.1,4003.982657999244,0.4194052139841356,positive_alpha_scaling_without_clipping,1.0,0,
coarse_grid,5.599999999999999,5.140700524811874,4005.094932567675,0.41915419164659773,positive_alpha_scaling_without_clipping,1.0,0,
coarse_grid,5.599999999999999,5.6,4006.0132546524983,0.4189240477713292,positive_alpha_scaling_without_clipping,1.0,0,
coarse_grid,5.599999999999999,5.8887494080177145,4003.955469931935,0.41934513376366384,positive_alpha_scaling_without_clipping,1.0,0,
coarse_grid,5.599999999999999,6.1,4005.114222058296,0.41910171637270116,positive_alpha_scaling_without_clipping,1.0,0,
coarse_grid,5.599999999999999,6.6,4004.259375872093,0.41925729527190386,positive_alpha_scaling_without_clipping,1.0,0,
coarse_grid,5.599999999999999,6.745650602103109,4004.804774212079,0.4192026957104877,positive_alpha_scaling_without_clipping,1.0,0,
coarse_grid,5.599999999999999,7.1,4004.3885644986094,0.4192762590404318,positive_alpha_scaling_without_clipping,1.0,0,
coarse_grid,5.599999999999999,7.6,4004.787826858398,0.4192043923017867,positive_alpha_scaling_without_clipping,1.0,0,
coarse_grid,5.599999999999999,7.727243747831959,4004.6024493157192,0.41922295035703666,positive_alpha_scaling_without_clipping,1.0,0,
coarse_grid,5.599999999999999,8.1,4004.801002003311,0.4192030733444649,positive_alpha_scaling_without_clipping,1.0,0,
coarse_grid,5.599999999999999,8.6,4003.903034365818,0.41936553588579834,positive_alpha_scaling_without_clipping,1.0,0,
coarse_grid,5.599999999999999,8.851673390820459,4004.0322140023873,0.41934014881259374,positive_alpha_scaling_without_clipping,1.0,0,
coarse_grid,5.599999999999999,9.1,4003.7434608621866,0.41939970069349786,positive_alpha_scaling_without_clipping,1.0,0,
coarse_grid,5.599999999999999,9.6,4002.887303531915,0.4195534381711547,positive_alpha_scaling_without_clipping,1.0,0,
coarse_grid,5.599999999999999,10.1,4002.7319351592073,0.4195839719948779,positive_alpha_scaling_without_clipping,1.0,0,
coarse_grid,5.599999999999999,10.13972437969778,4002.38020863361,0.4196530951731938,positive_alpha_scaling_without_clipping,1.0,0,
coarse_grid,5.599999999999999,10.6,4003.4768664536114,0.41945209325277577,positive_alpha_scaling_without_clipping,1.0,0,
coarse_grid,5.599999999999999,11.1,4003.1137442081213,0.41950730540194214,positive_alpha_scaling_without_clipping,1.0,0,
coarse_grid,5.599999999999999,11.6,4003.2030817277982,0.41953052251940054,positive_alpha_scaling_without_clipping,1.0,0,
coarse_grid,5.599999999999999,11.615206069720077,4003.0809904208872,0.4195551571913758,positive_alpha_scaling_without_clipping,1.0,0,
coarse_grid,5.599999999999999,12.1,3999.826249671677,0.4198364148742091,positive_alpha_scaling_without_clipping,1.0,0,
coarse_grid,5.599999999999999,12.6,3998.9338709590065,0.4200140619839111,positive_alpha_scaling_without_clipping,1.0,0,
coarse_grid,5.599999999999999,13.1,4002.9610023002224,0.41955826387155104,positive_alpha_scaling_without_clipping,1.0,0,
coarse_grid,5.599999999999999,13.305392433761932,4000.045396607824,0.4197933469460256,positive_alpha_scaling_without_clipping,1.0,0,
coarse_grid,5.599999999999999,13.6,4002.215567444256,0.4197070327884805,positive_alpha_scaling_without_clipping,1.0,0,
coarse_grid,5.599999999999999,14.1,3999.110619643699,0.41997932638690616,positive_alpha_scaling_without_clipping,1.0,0,
coarse_grid,5.599999999999999,14.6,4000.391873426409,0.41972525546821415,positive_alpha_scaling_without_clipping,1.0,0,
coarse_grid,5.599999999999999,15.1,4004.021380545866,0.41937034669354634,positive_alpha_scaling_without_clipping,1.0,0,
coarse_grid,5.599999999999999,15.241526216045477,3999.236549564972,0.41983104758186285,positive_alpha_scaling_without_clipping,1.0,0,
coarse_grid,5.599999999999999,15.6,3999.236549564972,0.41983104758186285,positive_alpha_scaling_without_clipping,1.0,0,
coarse_grid,5.599999999999999,16.1,4000.4210748149926,0.41971246533766454,positive_alpha_scaling_without_clipping,1.0,0,
coarse_grid,5.599999999999999,16.6,4039.550550935388,0.41203085298361963,positive_alpha_scaling_without_clipping,1.0,0,
coarse_grid,5.599999999999999,17.1,4038.2672458111297,0.4121158238617953,positive_alpha_scaling_without_clipping,1.0,0,
coarse_grid,5.599999999999999,17.459396447784496,3999.1596844058004,0.41996868213857974,positive_alpha_scaling_without_clipping,1.0,0,
coarse_grid,5.599999999999999,17.6,3998.57250041077,0.41996155007387276,positive_alpha_scaling_without_clipping,1.0,0,
coarse_grid,5.599999999999999,18.1,3999.42326984343,0.41986385680305294,positive_alpha_scaling_without_clipping,1.0,0,
coarse_grid,5.599999999999999,18.6,4039.8854244623562,0.4119248330598879,positive_alpha_scaling_without_clipping,1.0,0,
coarse_grid,5.599999999999999,19.1,4037.2565899609317,0.41237196118949976,positive_alpha_scaling_without_clipping,1.0,0,
coarse_grid,5.599999999999999,19.6,3997.42142003571,0.4201430640414791,positive_alpha_scaling_without_clipping,1.0,0,
coarse_grid,5.599999999999999,20.000000000000004,4036.693946177228,0.4124378324504239,positive_alpha_scaling_without_clipping,1.0,0,
coarse_grid,5.799999999999999,0.1,30279.33859230383,-3.890169490140438,evaluated,,14208,
coarse_grid,5.799999999999999,0.11455149701087121,30279.33859230383,-3.890169490140438,evaluated,,14208,
coarse_grid,5.799999999999999,0.13122045467431637,30279.33859230383,-3.890169490140438,evaluated,,14208,
coarse_grid,5.799999999999999,0.1503149952139011,30279.33859230383,-3.890169490140438,evaluated,,14208,
coarse_grid,5.799999999999999,0.17218807724934312,30279.33859230383,-3.890169490140438,evaluated,,14208,
coarse_grid,5.799999999999999,0.1972440201633579,30279.33859230383,-3.890169490140438,evaluated,,14208,
coarse_grid,5.799999999999999,0.22594597786155107,30279.33859230383,-3.890169490140438,evaluated,,14208,
coarse_grid,5.799999999999999,0.2588245000762584,30279.142118441647,-3.8901308780460333,evaluated,,14207,
coarse_grid,5.799999999999999,0.29648733946825756,30278.871017462552,-3.89007759983141,evaluated,,14206,
coarse_grid,5.799999999999999,0.3396306858085926,30278.61888711196,-3.8900280498261806,evaluated,,14206,
coarse_grid,5.799999999999999,0.3890520349020314,30273.20694979098,-3.8894634018006595,evaluated,,14205,
coarse_grid,5.799999999999999,0.445664930131534,30192.467828224504,-3.8811731168174255,evaluated,,14192,
coarse_grid,5.799999999999999,0.5105158491181254,28796.8914199637,-3.739002558505065,evaluated,,14091,
coarse_grid,5.799999999999999,0.5848035476425733,24628.424016919875,-3.243533593588436,evaluated,,13669,
coarse_grid,5.799999999999999,0.6,24557.83071425379,-3.2322418202125376,evaluated,,13653,
coarse_grid,5.799999999999999,0.669901218397251,20706.876406433446,-2.5616442803665054,evaluated,,12943,
coarse_grid,5.799999999999999,0.7673818741681168,14038.292664518467,-1.2876803021676118,evaluated,,11535,
coarse_grid,5.799999999999999,0.8790474246496578,10995.519613282762,-0.7586172992973937,evaluated,,8500,
coarse_grid,5.799999999999999,1.0069619843716933,6487.536478596816,0.00023517980603537936,evaluated,,3500,
coarse_grid,5.799999999999999,1.1,5047.68138404252,0.24287002196696272,evaluated,,2170,
coarse_grid,5.799999999999999,1.1534900274281497,4808.775688087455,0.2852653265948987,evaluated,,1728,
coarse_grid,5.799999999999999,1.3213400942900544,4276.840444225763,0.3784572307964662,evaluated,,581,
coarse_grid,5.799999999999999,1.5136148586141145,3994.409285191913,0.42120047043266634,evaluated,,248,
coarse_grid,5.799999999999999,1.6,3996.0992781258365,0.4208359846087216,evaluated,,247,
coarse_grid,5.799999999999999,1.733868479521449,3991.331068260773,0.421739247112779,evaluated,,151,
coarse_grid,5.799999999999999,1.9861722994914508,3993.620149688872,0.42138710962383286,positive_alpha_scaling_without_clipping,1.0,0,
coarse_grid,5.799999999999999,2.1,3993.6838340839886,0.4213807342101444,positive_alpha_scaling_without_clipping,1.0,0,
coarse_grid,5.799999999999999,2.2751901022827012,3993.382025806385,0.4213991242907422,positive_alpha_scaling_without_clipping,1.0,0,
coarse_grid,5.799999999999999,2.6,3993.9779552513573,0.4212820090483858,positive_alpha_scaling_without_clipping,1.0,0,
coarse_grid,5.799999999999999,2.6062643220080064,3992.8963647929454,0.4214637655585489,positive_alpha_scaling_without_clipping,1.0,0,
coarse_grid,5.799999999999999,2.9855147969204046,3995.310051272149,0.42100938940107185,positive_alpha_scaling_without_clipping,1.0,0,
coarse_grid,5.799999999999999,3.1,3994.2101203987518,0.4212396113632191,positive_alpha_scaling_without_clipping,1.0,0,
coarse_grid,5.799999999999999,3.419951893353395,3995.852629885533,0.42094825505659567,positive_alpha_scaling_without_clipping,1.0,0,
coarse_grid,5.799999999999999,3.6,4000.024740486008,0.42014688939336986,positive_alpha_scaling_without_clipping,1.0,0,
coarse_grid,5.799999999999999,3.9176060908879475,3999.879867699032,0.42017552407775793,positive_alpha_scaling_without_clipping,1.0,0,
coarse_grid,5.799999999999999,4.1,3999.7594995208574,0.4201875740772812,positive_alpha_scaling_without_clipping,1.0,0,
coarse_grid,5.799999999999999,4.487676424101213,3999.268662401737,0.4202698297918637,positive_alpha_scaling_without_clipping,1.0,0,
coarse_grid,5.799999999999999,4.6,4000.4231292359154,0.42007231942842965,positive_alpha_scaling_without_clipping,1.0,0,
coarse_grid,5.799999999999999,5.1,4003.982657999244,0.4194052139841356,positive_alpha_scaling_without_clipping,1.0,0,
coarse_grid,5.799999999999999,5.140700524811874,4005.094932567675,0.41915419164659773,positive_alpha_scaling_without_clipping,1.0,0,
coarse_grid,5.799999999999999,5.6,4006.0132546524983,0.4189240477713292,positive_alpha_scaling_without_clipping,1.0,0,
coarse_grid,5.799999999999999,5.8887494080177145,4003.955469931935,0.41934513376366384,positive_alpha_scaling_without_clipping,1.0,0,
coarse_grid,5.799999999999999,6.1,4005.114222058296,0.41910171637270116,positive_alpha_scaling_without_clipping,1.0,0,
coarse_grid,5.799999999999999,6.6,4004.259375872093,0.41925729527190386,positive_alpha_scaling_without_clipping,1.0,0,
coarse_grid,5.799999999999999,6.745650602103109,4004.804774212079,0.4192026957104877,positive_alpha_scaling_without_clipping,1.0,0,
coarse_grid,5.799999999999999,7.1,4004.3885644986094,0.4192762590404318,positive_alpha_scaling_without_clipping,1.0,0,
coarse_grid,5.799999999999999,7.6,4004.787826858398,0.4192043923017867,positive_alpha_scaling_without_clipping,1.0,0,
coarse_grid,5.799999999999999,7.727243747831959,4004.6024493157192,0.41922295035703666,positive_alpha_scaling_without_clipping,1.0,0,
coarse_grid,5.799999999999999,8.1,4004.801002003311,0.4192030733444649,positive_alpha_scaling_without_clipping,1.0,0,
coarse_grid,5.799999999999999,8.6,4003.903034365818,0.41936553588579834,positive_alpha_scaling_without_clipping,1.0,0,
coarse_grid,5.799999999999999,8.851673390820459,4004.0322140023873,0.41934014881259374,positive_alpha_scaling_without_clipping,1.0,0,
coarse_grid,5.799999999999999,9.1,4003.7434608621866,0.41939970069349786,positive_alpha_scaling_without_clipping,1.0,0,
coarse_grid,5.799999999999999,9.6,4002.887303531915,0.4195534381711547,positive_alpha_scaling_without_clipping,1.0,0,
coarse_grid,5.799999999999999,10.1,4002.7319351592073,0.4195839719948779,positive_alpha_scaling_without_clipping,1.0,0,
coarse_grid,5.799999999999999,10.13972437969778,4002.38020863361,0.4196530951731938,positive_alpha_scaling_without_clipping,1.0,0,
coarse_grid,5.799999999999999,10.6,4003.4768664536114,0.41945209325277577,positive_alpha_scaling_without_clipping,1.0,0,
coarse_grid,5.799999999999999,11.1,4003.1137442081213,0.41950730540194214,positive_alpha_scaling_without_clipping,1.0,0,
coarse_grid,5.799999999999999,11.6,4003.2030817277982,0.41953052251940054,positive_alpha_scaling_without_clipping,1.0,0,
coarse_grid,5.799999999999999,11.615206069720077,4003.0809904208872,0.4195551571913758,positive_alpha_scaling_without_clipping,1.0,0,
coarse_grid,5.799999999999999,12.1,3999.826249671677,0.4198364148742091,positive_alpha_scaling_without_clipping,1.0,0,
coarse_grid,5.799999999999999,12.6,3998.9338709590065,0.4200140619839111,positive_alpha_scaling_without_clipping,1.0,0,
coarse_grid,5.799999999999999,13.1,4002.9610023002224,0.41955826387155104,positive_alpha_scaling_without_clipping,1.0,0,
coarse_grid,5.799999999999999,13.305392433761932,4000.045396607824,0.4197933469460256,positive_alpha_scaling_without_clipping,1.0,0,
coarse_grid,5.799999999999999,13.6,4002.215567444256,0.4197070327884805,positive_alpha_scaling_without_clipping,1.0,0,
coarse_grid,5.799999999999999,14.1,3999.110619643699,0.41997932638690616,positive_alpha_scaling_without_clipping,1.0,0,
coarse_grid,5.799999999999999,14.6,4000.391873426409,0.41972525546821415,positive_alpha_scaling_without_clipping,1.0,0,
coarse_grid,5.799999999999999,15.1,4004.021380545866,0.41937034669354634,positive_alpha_scaling_without_clipping,1.0,0,
coarse_grid,5.799999999999999,15.241526216045477,3999.236549564972,0.41983104758186285,positive_alpha_scaling_without_clipping,1.0,0,
coarse_grid,5.799999999999999,15.6,3999.236549564972,0.41983104758186285,positive_alpha_scaling_without_clipping,1.0,0,
coarse_grid,5.799999999999999,16.1,4000.4210748149926,0.41971246533766454,positive_alpha_scaling_without_clipping,1.0,0,
coarse_grid,5.799999999999999,16.6,4039.550550935388,0.41203085298361963,positive_alpha_scaling_without_clipping,1.0,0,
coarse_grid,5.799999999999999,17.1,4038.2672458111297,0.4121158238617953,positive_alpha_scaling_without_clipping,1.0,0,
coarse_grid,5.799999999999999,17.459396447784496,3999.1596844058004,0.41996868213857974,positive_alpha_scaling_without_clipping,1.0,0,
coarse_grid,5.799999999999999,17.6,3998.57250041077,0.41996155007387276,positive_alpha_scaling_without_clipping,1.0,0,
coarse_grid,5.799999999999999,18.1,3999.42326984343,0.41986385680305294,positive_alpha_scaling_without_clipping,1.0,0,
coarse_grid,5.799999999999999,18.6,4039.8854244623562,0.4119248330598879,positive_alpha_scaling_without_clipping,1.0,0,
coarse_grid,5.799999999999999,19.1,4037.2565899609317,0.41237196118949976,positive_alpha_scaling_without_clipping,1.0,0,
coarse_grid,5.799999999999999,19.6,3997.42142003571,0.4201430640414791,positive_alpha_scaling_without_clipping,1.0,0,
coarse_grid,5.799999999999999,20.000000000000004,4036.693946177228,0.4124378324504239,positive_alpha_scaling_without_clipping,1.0,0,
coarse_grid,5.999999999999999,0.1,30279.33859230383,-3.890169490140438,evaluated,,14208,
coarse_grid,5.999999999999999,0.11455149701087121,30279.33859230383,-3.890169490140438,evaluated,,14208,
coarse_grid,5.999999999999999,0.13122045467431637,30279.33859230383,-3.890169490140438,evaluated,,14208,
coarse_grid,5.999999999999999,0.1503149952139011,30279.33859230383,-3.890169490140438,evaluated,,14208,
coarse_grid,5.999999999999999,0.17218807724934312,30279.33859230383,-3.890169490140438,evaluated,,14208,
coarse_grid,5.999999999999999,0.1972440201633579,30279.33859230383,-3.890169490140438,evaluated,,14208,
coarse_grid,5.999999999999999,0.22594597786155107,30279.33859230383,-3.890169490140438,evaluated,,14208,
coarse_grid,5.999999999999999,0.2588245000762584,30279.211804814586,-3.89014457318482,evaluated,,14207,
coarse_grid,5.999999999999999,0.29648733946825756,30278.93727056223,-3.89009062024497,evaluated,,14206,
coarse_grid,5.999999999999999,0.3396306858085926,30278.67974925301,-3.890040010779712,evaluated,,14206,
coarse_grid,5.999999999999999,0.3890520349020314,30278.444371463105,-3.8899937530773236,evaluated,,14206,
coarse_grid,5.999999999999999,0.445664930131534,30266.034729677274,-3.8886703512849303,evaluated,,14204,
coarse_grid,5.999999999999999,0.5105158491181254,29708.951072164193,-3.8316594938710264,evaluated,,14157,
coarse_grid,5.999999999999999,0.5848035476425733,25149.919444993364,-3.3093346933994714,evaluated,,13718,
coarse_grid,5.999999999999999,0.6,24657.62027121194,-3.24858074232584,evaluated,,13670,
coarse_grid,5.999999999999999,0.669901218397251,23366.566048768367,-3.0796260236359836,evaluated,,13089,
coarse_grid,5.999999999999999,0.7673818741681168,14346.150383078242,-1.341380788920342,evaluated,,11790,
coarse_grid,5.999999999999999,0.8790474246496578,11093.100898854002,-0.7686980891223819,evaluated,,9039,
coarse_grid,5.999999999999999,1.0069619843716933,7628.259402163194,-0.1952215361029926,evaluated,,4391,
coarse_grid,5.999999999999999,1.1,5215.126560601777,0.21350909173205085,evaluated,,2459,
coarse_grid,5.999999999999999,1.1534900274281497,4878.87182959333,0.27273353504463316,evaluated,,1946,
coarse_grid,5.999999999999999,1.3213400942900544,4620.770360315004,0.32226279949247844,evaluated,,868,
coarse_grid,5.999999999999999,1.5136148586141145,4000.2030046994987,0.42012852352783403,evaluated,,248,
coarse_grid,5.999999999999999,1.6,3996.0992781258365,0.4208359846087216,evaluated,,248,
coarse_grid,5.999999999999999,1.733868479521449,3993.5328183831307,0.4213755925569544,evaluated,,214,
coarse_grid,5.999999999999999,1.9861722994914508,3993.620149688872,0.42138710962383286,positive_alpha_scaling_without_clipping,1.0,0,
coarse_grid,5.999999999999999,2.1,3993.6838340839886,0.4213807342101444,positive_alpha_scaling_without_clipping,1.0,0,
coarse_grid,5.999999999999999,2.2751901022827012,3993.382025806385,0.4213991242907422,positive_alpha_scaling_without_clipping,1.0,0,
coarse_grid,5.999999999999999,2.6,3993.9779552513573,0.4212820090483858,positive_alpha_scaling_without_clipping,1.0,0,
coarse_grid,5.999999999999999,2.6062643220080064,3992.8963647929454,0.4214637655585489,positive_alpha_scaling_without_clipping,1.0,0,
coarse_grid,5.999999999999999,2.9855147969204046,3995.310051272149,0.42100938940107185,positive_alpha_scaling_without_clipping,1.0,0,
coarse_grid,5.999999999999999,3.1,3994.2101203987518,0.4212396113632191,positive_alpha_scaling_without_clipping,1.0,0,
coarse_grid,5.999999999999999,3.419951893353395,3995.852629885533,0.42094825505659567,positive_alpha_scaling_without_clipping,1.0,0,
coarse_grid,5.999999999999999,3.6,4000.024740486008,0.42014688939336986,positive_alpha_scaling_without_clipping,1.0,0,
coarse_grid,5.999999999999999,3.9176060908879475,3999.879867699032,0.42017552407775793,positive_alpha_scaling_without_clipping,1.0,0,
coarse_grid,5.999999999999999,4.1,3999.7594995208574,0.4201875740772812,positive_alpha_scaling_without_clipping,1.0,0,
coarse_grid,5.999999999999999,4.487676424101213,3999.268662401737,0.4202698297918637,positive_alpha_scaling_without_clipping,1.0,0,
coarse_grid,5.999999999999999,4.6,4000.4231292359154,0.42007231942842965,positive_alpha_scaling_without_clipping,1.0,0,
coarse_grid,5.999999999999999,5.1,4003.982657999244,0.4194052139841356,positive_alpha_scaling_without_clipping,1.0,0,
coarse_grid,5.999999999999999,5.140700524811874,4005.094932567675,0.41915419164659773,positive_alpha_scaling_without_clipping,1.0,0,
coarse_grid,5.999999999999999,5.6,4006.0132546524983,0.4189240477713292,positive_alpha_scaling_without_clipping,1.0,0,
coarse_grid,5.999999999999999,5.8887494080177145,4003.955469931935,0.41934513376366384,positive_alpha_scaling_without_clipping,1.0,0,
coarse_grid,5.999999999999999,6.1,4005.114222058296,0.41910171637270116,positive_alpha_scaling_without_clipping,1.0,0,
coarse_grid,5.999999999999999,6.6,4004.259375872093,0.41925729527190386,positive_alpha_scaling_without_clipping,1.0,0,
coarse_grid,5.999999999999999,6.745650602103109,4004.804774212079,0.4192026957104877,positive_alpha_scaling_without_clipping,1.0,0,
coarse_grid,5.999999999999999,7.1,4004.3885644986094,0.4192762590404318,positive_alpha_scaling_without_clipping,1.0,0,
coarse_grid,5.999999999999999,7.6,4004.787826858398,0.4192043923017867,positive_alpha_scaling_without_clipping,1.0,0,
coarse_grid,5.999999999999999,7.727243747831959,4004.6024493157192,0.41922295035703666,positive_alpha_scaling_without_clipping,1.0,0,
coarse_grid,5.999999999999999,8.1,4004.801002003311,0.4192030733444649,positive_alpha_scaling_without_clipping,1.0,0,
coarse_grid,5.999999999999999,8.6,4003.903034365818,0.41936553588579834,positive_alpha_scaling_without_clipping,1.0,0,
coarse_grid,5.999999999999999,8.851673390820459,4004.0322140023873,0.41934014881259374,positive_alpha_scaling_without_clipping,1.0,0,
coarse_grid,5.999999999999999,9.1,4003.7434608621866,0.41939970069349786,positive_alpha_scaling_without_clipping,1.0,0,
coarse_grid,5.999999999999999,9.6,4002.887303531915,0.4195534381711547,positive_alpha_scaling_without_clipping,1.0,0,
coarse_grid,5.999999999999999,10.1,4002.7319351592073,0.4195839719948779,positive_alpha_scaling_without_clipping,1.0,0,
coarse_grid,5.999999999999999,10.13972437969778,4002.38020863361,0.4196530951731938,positive_alpha_scaling_without_clipping,1.0,0,
coarse_grid,5.999999999999999,10.6,4003.4768664536114,0.41945209325277577,positive_alpha_scaling_without_clipping,1.0,0,
coarse_grid,5.999999999999999,11.1,4003.1137442081213,0.41950730540194214,positive_alpha_scaling_without_clipping,1.0,0,
coarse_grid,5.999999999999999,11.6,4003.2030817277982,0.41953052251940054,positive_alpha_scaling_without_clipping,1.0,0,
coarse_grid,5.999999999999999,11.615206069720077,4003.0809904208872,0.4195551571913758,positive_alpha_scaling_without_clipping,1.0,0,
coarse_grid,5.999999999999999,12.1,3999.826249671677,0.4198364148742091,positive_alpha_scaling_without_clipping,1.0,0,
coarse_grid,5.999999999999999,12.6,3998.9338709590065,0.4200140619839111,positive_alpha_scaling_without_clipping,1.0,0,
coarse_grid,5.999999999999999,13.1,4002.9610023002224,0.41955826387155104,positive_alpha_scaling_without_clipping,1.0,0,
coarse_grid,5.999999999999999,13.305392433761932,4000.045396607824,0.4197933469460256,positive_alpha_scaling_without_clipping,1.0,0,
coarse_grid,5.999999999999999,13.6,4002.215567444256,0.4197070327884805,positive_alpha_scaling_without_clipping,1.0,0,
coarse_grid,5.999999999999999,14.1,3999.110619643699,0.41997932638690616,positive_alpha_scaling_without_clipping,1.0,0,
coarse_grid,5.999999999999999,14.6,4000.391873426409,0.41972525546821415,positive_alpha_scaling_without_clipping,1.0,0,
coarse_grid,5.999999999999999,15.1,4004.021380545866,0.41937034669354634,positive_alpha_scaling_without_clipping,1.0,0,
coarse_grid,5.999999999999999,15.241526216045477,3999.236549564972,0.41983104758186285,positive_alpha_scaling_without_clipping,1.0,0,
coarse_grid,5.999999999999999,15.6,3999.236549564972,0.41983104758186285,positive_alpha_scaling_without_clipping,1.0,0,
coarse_grid,5.999999999999999,16.1,4000.4210748149926,0.41971246533766454,positive_alpha_scaling_without_clipping,1.0,0,
coarse_grid,5.999999999999999,16.6,4039.550550935388,0.41203085298361963,positive_alpha_scaling_without_clipping,1.0,0,
coarse_grid,5.999999999999999,17.1,4038.2672458111297,0.4121158238617953,positive_alpha_scaling_without_clipping,1.0,0,
coarse_grid,5.999999999999999,17.459396447784496,3999.1596844058004,0.41996868213857974,positive_alpha_scaling_without_clipping,1.0,0,
coarse_grid,5.999999999999999,17.6,3998.57250041077,0.41996155007387276,positive_alpha_scaling_without_clipping,1.0,0,
coarse_grid,5.999999999999999,18.1,3999.42326984343,0.41986385680305294,positive_alpha_scaling_without_clipping,1.0,0,
coarse_grid,5.999999999999999,18.6,4039.8854244623562,0.4119248330598879,positive_alpha_scaling_without_clipping,1.0,0,
coarse_grid,5.999999999999999,19.1,4037.2565899609317,0.41237196118949976,positive_alpha_scaling_without_clipping,1.0,0,
coarse_grid,5.999999999999999,19.6,3997.42142003571,0.4201430640414791,positive_alpha_scaling_without_clipping,1.0,0,
coarse_grid,5.999999999999999,20.000000000000004,4036.693946177228,0.4124378324504239,positive_alpha_scaling_without_clipping,1.0,0,
local_refinement,1.7247240713084173,0.626822303927024,3994.692739712892,0.4211465465717751,evaluated,,0,0.0
local_refinement,1.939196365086843,0.5459437692707294,3990.308691468938,0.4216439612855682,evaluated,,241,0.0
local_refinement,1.5936111842654617,0.4442496330477454,3993.7841220021173,0.4213725435499652,evaluated,,245,0.0
local_refinement,1.5348501673009194,0.6074011720402707,3996.327803066216,0.42085490015717664,evaluated,,0,0.0
local_refinement,1.860669007045925,0.571079702275364,3994.313032211953,0.4212347521080227,evaluated,,112,0.0
local_refinement,1.5123506965774813,0.6312321375795326,3998.924596470272,0.4203445644262751,evaluated,,0,0.0
local_refinement,1.999465584480253,0.4571937959195088,4167.117511233329,0.39534425717455274,evaluated,,527,0.0
local_refinement,1.6090949803242602,0.4505465883804641,4002.0327749520966,0.4197514741473683,evaluated,,242,0.0
local_refinement,1.6825453457757225,0.5289660931682186,3996.7517812712954,0.42076542816171936,evaluated,,61,0.0
local_refinement,1.7591670111852693,0.4753173706027656,3995.8372355701686,0.4209690546887649,evaluated,,248,0.0
local_refinement,1.8671117368334276,0.44045890131739457,4016.0795841101126,0.41805266790894585,evaluated,,329,0.0
local_refinement,1.6752867891211307,0.4925777666756026,3993.4842539436386,0.4214198698261722,evaluated,,180,0.0
local_refinement,1.7736419905302214,0.588792826981463,3993.6358223523303,0.4213839426073953,evaluated,,0,0.0
local_refinement,1.6198042692950156,0.5265488532321286,3993.22520237522,0.42148238542489547,evaluated,,2,0.0
local_refinement,1.8554487413172254,0.41908383164573704,4414.7461129125,0.3569934178732828,evaluated,,628,0.0
local_refinement,1.8645269111408629,0.44758754980420423,4010.2087107499874,0.41918908927675086,evaluated,,274,0.0
local_refinement,1.5390309557911674,0.6264021768895577,3998.7367211668734,0.4203814866859082,evaluated,,0,0.0
local_refinement,2.0793792198447356,0.5941275256638325,3994.9294852263183,0.4211358452434633,evaluated,,222,0.0
local_refinement,1.6827682615040223,0.43085110229220946,3989.5495967986335,0.4218385845277941,evaluated,,248,0.0
local_refinement,1.910539815907294,0.5095298501318202,3994.4572533075525,0.42122865078626925,evaluated,,248,0.0
local_refinement,1.5732229409068672,0.5221707266226154,3994.2139608577772,0.42127401165569517,evaluated,,0,0.0
local_refinement,1.5206331126691308,0.6173127940289584,3994.863415741487,0.4211426893877412,evaluated,,0,0.0
local_refinement,1.65526798896001,0.5606153362449943,3994.4285368588303,0.4211943315215264,evaluated,,0,0.0
local_refinement,1.6870266456536465,0.5278890146383484,3993.458819696375,0.4214224160362423,evaluated,,70,0.0
local_refinement,1.8280261676059677,0.4508796874911478,3996.3980773729904,0.42085883505753957,evaluated,,251,0.0
local_refinement,2.081750776658735,0.5864855954683885,3993.7795493749118,0.42127043656077395,evaluated,,241,0.0
local_refinement,2.0636993649385134,0.6139832743724624,3993.646293037964,0.4212850587660806,evaluated,,156,0.0
local_refinement,1.858739987286651,0.6201968128373273,3996.010551230662,0.42092090742912663,evaluated,,0,0.0
local_refinement,1.5530955012311516,0.4534362401337302,3991.7926776553313,0.4213977336029162,evaluated,,200,0.0
local_refinement,1.5271363733463228,0.4831515098185702,3993.6948313211597,0.4213900627563207,evaluated,,50,0.0
local_refinement,1.733206373813689,0.4707502709080446,3993.9325005887185,0.42134338339639843,evaluated,,247,1.0
local_refinement,1.9972425054911573,0.4903703816707125,3995.152020106815,0.42110517150249244,evaluated,,256,1.0
local_refinement,1.6685607058124283,0.5330874075624766,3994.032252391573,0.42127592052446267,evaluated,,36,1.0
local_refinement,1.5845545349848575,0.5927031020498406,3995.019068940026,0.42107816854167784,evaluated,,0,1.0
local_refinement,1.5447303862078623,0.6351323193844898,3997.5698842703605,0.4205078473518166,evaluated,,0,1.0
local_refinement,1.9633468615779943,0.45406405649567766,4025.826637552536,0.41646112154303316,evaluated,,430,1.0
local_refinement,1.5033132702741612,0.5957503719013149,3993.70925970017,0.42133939677597565,evaluated,,0,1.0
local_refinement,1.9241144063085702,0.5758890503270404,3995.3975579278467,0.4210414048280194,evaluated,,151,1.0
local_refinement,1.9627622080115672,0.4254231150082086,4726.0043492766945,0.3015818996568004,evaluated,,1080,1.0
local_refinement,1.7150794371265634,0.435031525383996,3995.3054751080363,0.421024513705609,evaluated,,248,1.0
local_refinement,2.017862055525356,0.5516042869064989,3993.7092597001692,0.4213393967759758,evaluated,,247,1.0
local_refinement,1.6985388149115894,0.42301407461866786,3994.4398107792604,0.4212098369057937,evaluated,,250,1.0
local_refinement,1.6865893930293971,0.48311773718809226,3993.7212767158594,0.4213645289151381,evaluated,,222,1.0
local_refinement,1.9377637070028384,0.5548801165272306,3993.3488608050393,0.42141267018772816,evaluated,,222,1.0
local_refinement,2.032327645545796,0.5168956208628874,3993.6995067474463,0.4213775671937069,evaluated,,248,1.0
local_refinement,1.5717565475629809,0.5722679249747011,3996.6599581574233,0.4207933111818923,evaluated,,0,1.0
local_refinement,1.9564710291701384,0.5373560865930254,3993.348860805038,0.4214126701877284,evaluated,,247,1.0
local_refinement,1.9625803079727364,0.5218533944704415,3993.2626000210594,0.42146343044074003,evaluated,,248,1.0
local_refinement,1.8136396976291962,0.5066325890035647,3993.6740725001846,0.42138011340377685,evaluated,,245,1.0
local_refinement,1.515251476046457,0.43319880685332424,3996.301425464486,0.4208637719446223,evaluated,,222,1.0
local_refinement,1.5188575114120404,0.5546165999667753,3993.636463046949,0.42135781963260244,evaluated,,0,1.0
local_refinement,1.6886135886457958,0.5252477085009435,3995.6316528302077,0.4209953992455536,evaluated,,89,1.0
local_refinement,2.0445398843556557,0.46568311461362005,4276.054861976964,0.3786115013931336,evaluated,,581,1.0
local_refinement,1.7462297538213776,0.5819870532649624,3995.609197854924,0.42101965172257383,evaluated,,0,1.0
local_refinement,1.6372788992949734,0.4260974381085777,3993.381230620683,0.4213571246712849,evaluated,,248,1.0
local_refinement,1.6738508717482605,0.4454503893557782,3990.526939064964,0.421592384687047,evaluated,,248,1.0
local_refinement,2.057818591405544,0.5940638970878459,3995.659971369452,0.4209560038077916,evaluated,,214,1.0
local_refinement,1.8800422539062538,0.6086151787221998,3996.3514325469046,0.42085025636522944,evaluated,,3,1.0
local_refinement,1.9822032461394685,0.4512738167090008,4277.033699548124,0.37840650000706016,evaluated,,581,1.0
local_refinement,2.0355353990939866,0.5323169224630792,3993.391621831547,0.4214083894022511,evaluated,,248,1.0
local_refinement,1.7844640930984375,0.5362423540625728,3993.323492638974,0.42141520978244185,evaluated,,136,2.0
local_refinement,1.4908020849831183,0.3786027715701878,3996.31441917721,0.42085750175472647,evaluated,,248,2.0
local_refinement,1.4367610975251648,0.4421880773547668,3988.7988713438663,0.42197206344705174,evaluated,,109,2.0
local_refinement,1.7908088595534957,0.529150789967283,3995.297764126247,0.4210634691039994,evaluated,,171,2.0
local_refinement,1.3041712783187143,0.45896191651837237,3990.163183252338,0.4217179992356282,evaluated,,0,2.0
local_refinement,1.5504466018892673,0.40107549193102493,3992.1211008317996,0.421636127676309,evaluated,,248,2.0
local_refinement,1.3719192204002095,0.4242404029039519,3994.435562052478,0.42124451906649263,evaluated,,105,2.0
local_refinement,1.8657458223475114,0.4213500395580288,4412.450169542037,0.3574268833631813,evaluated,,628,2.0
local_refinement,1.6112743730460195,0.49752184694395074,3994.43181906029,0.42123119699633926,evaluated,,105,2.0
local_refinement,1.5181777614275762,0.5514220814047383,3994.4044875169493,0.4212167788222591,evaluated,,0,2.0
local_refinement,1.8774683769652667,0.4070266867800429,4728.105760755039,0.30113507185372307,evaluated,,1080,2.0
local_refinement,1.5983491035354311,0.41687285402039037,3995.4627585228664,0.42099677923175516,evaluated,,248,2.0
local_refinement,1.4709042966264805,0.3639295925722128,3993.9238976660017,0.4212958613857624,evaluated,,250,2.0
local_refinement,1.665738600387938,0.45734382939987245,3992.674776296583,0.42155671092410285,evaluated,,247,2.0
local_refinement,1.3308872507499934,0.412414274762161,3994.4525778812654,0.4212411463488832,evaluated,,97,2.0
local_refinement,1.844959531579992,0.40457589407505073,4660.2929203848,0.3144443503537758,evaluated,,941,2.0
local_refinement,1.3869369232547337,0.4546913127005312,3993.3440746089273,0.42142517683945535,evaluated,,0,2.0
local_refinement,1.8913902724663603,0.4050759396549913,4726.718074717086,0.30144163451529293,evaluated,,1147,2.0
local_refinement,1.703281328443527,0.5092741627987527,3994.382832252785,0.4212408241457974,evaluated,,151,2.0
local_refinement,1.4425825263954397,0.5025751637613626,3990.225505133699,0.42169169374312143,evaluated,,0,2.0
local_refinement,1.5206698796315519,0.4833403843211893,3994.5476282901336,0.4212021585592372,evaluated,,48,2.0
local_refinement,1.6801178264565366,0.4639811383202171,3993.818479725146,0.42135418598770213,evaluated,,247,2.0
local_refinement,1.354173862032645,0.5240512068561904,3993.6358223523303,0.4213839426073952,evaluated,,0,2.0
local_refinement,1.4924680389830414,0.3939380856127422,3999.509622993948,0.420198153440271,evaluated,,248,2.0
local_refinement,1.3244650849328583,0.4750350621137691,3989.4812989820853,0.4218520067800505,evaluated,,0,2.0
local_refinement,1.7065386171053694,0.3598586202343023,4739.2931409784305,0.29893655453021106,evaluated,,1248,2.0
local_refinement,1.6072558349795685,0.4019554948281317,3992.4382361223606,0.4215137298081505,evaluated,,248,2.0
local_refinement,1.6871036742456698,0.3915009951851348,4020.8611744895825,0.4170619605775617,evaluated,,403,2.0
local_refinement,1.7145626428614795,0.43409141559501785,3997.371617266139,0.42066449091245806,evaluated,,248,2.0
local_refinement,1.8620379932420406,0.38411166198922825,4785.129365362094,0.2899285167134849,evaluated,,1514,2.0
local_refinement,5.704639810630154,1.4756314563998734,3999.3399683203124,0.42017193604605974,evaluated,,248,3.0
local_refinement,6.054816170967136,2.0716307564191148,3999.2654756632783,0.42029540554761385,evaluated,,0,3.0
local_refinement,5.654764976629092,1.9020412740997223,3997.7218352061627,0.42059865441101824,evaluated,,0,3.0
local_refinement,5.990333320120729,1.8202851177838246,3992.7486767960345,0.4211959134915071,evaluated,,115,3.0
local_refinement,5.817790347013603,1.5757978123687146,3998.1896981831264,0.4204340145938697,evaluated,,247,3.0
local_refinement,5.555861660683538,2.0871391385375078,3993.658399836726,0.4213832804202145,evaluated,,0,3.0
local_refinement,6.040250834297997,1.8810663811145056,3993.605523848939,0.4214077295551868,evaluated,,89,3.0
local_refinement,5.70341787462922,1.659562346992753,3993.720869078724,0.42131554061574195,evaluated,,200,3.0
local_refinement,5.935573407322143,2.087056824691339,3993.644605591329,0.42138599133911014,evaluated,,0,3.0
local_refinement,6.032251854559069,1.9955855157276126,3989.807905371843,0.42178790728598237,evaluated,,0,3.0
local_refinement,5.885218987692571,1.4527442185449884,3993.1634277092444,0.4214454286263674,evaluated,,251,3.0
local_refinement,5.596977228456767,2.088183436700244,3994.1792178357528,0.421277238560961,evaluated,,0,3.0
local_refinement,5.863857435795753,1.3942706986733318,4019.051944931396,0.4173466440492341,evaluated,,311,3.0
local_refinement,5.560882925719619,1.9047859452205884,4000.330355682666,0.4200860140131072,evaluated,,0,3.0
local_refinement,5.50303695030773,1.5125637888398886,3993.935275844802,0.4212937409018877,evaluated,,247,3.0
local_refinement,5.82924027361995,1.9269396571023893,3992.0980057999923,0.4213378444993117,evaluated,,0,3.0
local_refinement,5.891176755701559,1.562078852586127,3990.3710101400256,0.42167712730801,evaluated,,248,3.0
local_refinement,5.927307532808521,1.572206205189827,3996.8922457176395,0.42069264694358327,evaluated,,248,3.0
local_refinement,5.695239818895559,1.9695378465226776,3993.0803016769096,0.4214968913630266,evaluated,,0,3.0
local_refinement,5.889779739428327,2.049693550204561,3989.2826831998127,0.4218770690938222,evaluated,,0,3.0
local_refinement,5.894567735380205,1.830512351901064,3993.6953456958836,0.42134560168137386,evaluated,,97,3.0
local_refinement,5.556204860696854,1.67400166177316,3997.730341278274,0.4205337410621087,evaluated,,125,3.0
local_refinement,5.659121420609035,1.5774654620102617,3991.6582236349896,0.4217296339841493,evaluated,,245,3.0
local_refinement,6.083806332851466,1.693805672994243,3994.980655590204,0.4207508784748194,evaluated,,245,3.0
local_refinement,6.035227933106267,1.879534900038468,3993.8550002287784,0.42131232981441796,evaluated,,89,3.0
local_refinement,5.976886782124988,1.7792727591851802,3995.168605482486,0.4211004287744147,evaluated,,156,3.0
local_refinement,5.846142330775814,1.771377190830765,3993.656416094032,0.421334545383624,evaluated,,118,3.0
local_refinement,5.6171457926788255,1.9507814113941437,3994.1684811761024,0.42128303650680066,evaluated,,0,3.0
local_refinement,5.668463417464513,1.406067093102229,3995.6060231799065,0.42099671952556894,evaluated,,250,3.0
local_refinement,5.8872833775443,1.525283764601889,3994.6281073923687,0.42079056370827356,evaluated,,248,3.0
local_refinement,5.864275150611747,2.1313887947379504,3996.0979594377236,0.42088821779827795,evaluated,,0,4.0
local_refinement,5.848918634132268,1.6759077098742536,3998.1549790307618,0.42041188188948075,evaluated,,222,4.0
local_refinement,5.309273969917319,2.1114068161986412,3994.6421341415944,0.42118626377223944,evaluated,,0,4.0
local_refinement,5.556910488990387,2.141318328209957,3995.424836595972,0.4209976601866787,evaluated,,0,4.0
local_refinement,5.878171986253551,2.052647577023034,3989.859582213394,0.4217635781969541,evaluated,,0,4.0
local_refinement,5.47666933524175,1.6875637495383418,3994.1258094313444,0.4208929583741948,evaluated,,109,4.0
local_refinement,5.810682002910113,1.634370267460401,3993.6787082431565,0.42136098759432716,evaluated,,241,4.0
local_refinement,5.401695648011654,1.8215338548675863,3993.0206967521226,0.4214393311768372,evaluated,,0,4.0
local_refinement,5.861692864496467,1.9301656399852658,3994.317268424519,0.42124740143638867,evaluated,,0,4.0
local_refinement,5.642036702053618,1.462915850391956,3995.080366423653,0.4210362265869422,evaluated,,248,4.0
local_refinement,5.6690043360195,2.159575207293245,3993.350514920827,0.4214141026287587,evaluated,,0,4.0
local_refinement,5.3840504091419135,1.791516734422816,3994.35053533866,0.4212663108878158,evaluated,,0,4.0
local_refinement,5.826423843156772,1.965072694241369,3994.8337233832044,0.42114590494521364,evaluated,,0,4.0
local_refinement,5.71820944459716,1.9352015383829952,3993.3710457970656,0.4214538104362443,evaluated,,0,4.0
local_refinement,5.515694690731852,1.616167123693808,3993.9425253094196,0.4213091408532173,evaluated,,191,4.0
local_refinement,5.785616693287107,2.019178319559717,3994.1411008514106,0.42128830181798665,evaluated,,0,4.0
local_refinement,5.820243391148061,2.0996423373514466,3994.328909441472,0.4212478203658535,evaluated,,0,4.0
local_refinement,5.606805439316561,1.7783982665131959,3990.557345699398,0.42160820973434765,evaluated,,48,4.0
local_refinement,5.778977107380064,1.894223171197802,3994.7920119445316,0.4211744389510211,evaluated,,0,4.0
local_refinement,5.7211801263546205,2.0080047052134287,3989.6238527985524,0.42180633269919404,evaluated,,0,4.0
local_refinement,5.834003205090538,1.650812400530263,3997.997101186899,0.42054467328468115,evaluated,,241,4.0
local_refinement,5.525349771583965,1.460423329027623,3992.842018236064,0.4214525510520767,evaluated,,248,4.0
local_refinement,5.646968084597703,1.4151384126454845,3994.4964928223944,0.4211133058098449,evaluated,,248,4.0
local_refinement,5.579358810879475,1.8104882760825631,3995.024002203286,0.42111490493806386,evaluated,,2,4.0
local_refinement,5.471924751276969,1.84808700883623,3990.5383329017227,0.4216443597605037,evaluated,,0,4.0
local_refinement,5.318300149963428,1.4162353648749253,3998.837948707678,0.4203653970573542,evaluated,,248,4.0
local_refinement,5.793560336395794,1.66813022350988,3997.9371230109036,0.4205241011444518,evaluated,,219,4.0
local_refinement,5.37623630759113,1.7945702908803558,3995.6129818527256,0.42098907421649,evaluated,,0,4.0
local_refinement,5.761996131859165,1.5554871581747778,3998.8382002129433,0.42033019197764054,evaluated,,248,4.0
local_refinement,5.673734285491399,1.4536863593290488,3992.9721937933336,0.4214551149701417,evaluated,,248,4.0
local_refinement,1.0,1.801679354822844,3993.498921193492,0.42141081847954864,evaluated,,0,5.0
local_refinement,1.0243810729660638,1.8844436099676505,3993.4229357335707,0.421430977757893,evaluated,,0,5.0
local_refinement,1.1356548002335969,2.1484944061821563,3993.4414648266543,0.4213925407466923,evaluated,,0,5.0
local_refinement,1.0097802089807173,1.6390786055277708,3994.3168762478304,0.4212678151598003,evaluated,,0,5.0
local_refinement,1.1771117168612222,1.598409160282674,3992.162697697694,0.4216221230204337,evaluated,,0,5.0
local_refinement,1.0,1.4483096545991607,3991.8242764647757,0.4216708857884062,evaluated,,0,5.0
local_refinement,1.0,2.1381923679992654,3993.2847474571263,0.42142068657742576,evaluated,,0,5.0
local_refinement,1.2015880723073236,1.9301222659447819,3993.9825314059235,0.421319580350345,evaluated,,0,5.0
local_refinement,1.0,1.5223060852800825,3992.5689785900217,0.42154807966749913,evaluated,,0,5.0
local_refinement,1.0,1.5823445066254187,3992.5016846983835,0.42156130462306185,evaluated,,0,5.0
local_refinement,1.0295359988236723,1.944651689301042,3992.531927588403,0.42155178882517363,evaluated,,0,5.0
local_refinement,1.0961184260306387,1.6055106357360385,3993.22397035871,0.4214193571813414,evaluated,,0,5.0
local_refinement,1.2729191683979164,1.962832075864845,3997.804322651516,0.42058255915369275,evaluated,,0,5.0
local_refinement,1.0326124315068403,1.864384277691446,3993.763937405992,0.4213588516924948,evaluated,,0,5.0
local_refinement,1.0,1.5803846129606813,3992.9747576374175,0.42151394552220756,evaluated,,0,5.0
local_refinement,1.0,1.9783972510851042,3993.8042022621626,0.4213686842106212,evaluated,,0,5.0
local_refinement,1.0,1.4776593953365542,3993.22397035871,0.4214193571813414,evaluated,,0,5.0
local_refinement,1.0,1.4188730575644442,3993.7719512364674,0.421375051643151,evaluated,,0,5.0
local_refinement,1.2132763504066044,1.9361173658531108,3993.5596580843917,0.42138070847739173,evaluated,,0,5.0
local_refinement,1.0,1.4634289889351033,3993.671446341593,0.42132784450412114,evaluated,,0,5.0
local_refinement,1.0,1.7565167843019915,3993.605789160626,0.42141267239062524,evaluated,,0,5.0
local_refinement,1.0,1.725603548348112,3993.792605996982,0.4213209114789617,evaluated,,0,5.0
local_refinement,1.0,1.8676061665224784,3995.437594214629,0.42104768128655,evaluated,,0,5.0
local_refinement,1.0810561905205862,1.422442821160015,3995.0404488683944,0.4210793883948288,evaluated,,0,5.0
local_refinement,1.0,1.8754162348209484,3995.0732266068117,0.4211015431749137,evaluated,,0,5.0
local_refinement,1.0018817551480526,2.0553631160172032,3993.2469273576007,0.4214665974571776,evaluated,,0,5.0
local_refinement,1.095216178971367,1.514222873922579,3993.695844151508,0.4213721181264311,evaluated,,0,5.0
local_refinement,1.0,1.888336525320642,3994.0249085931796,0.4213075642387645,evaluated,,0,5.0
local_refinement,1.0,1.8441408010166949,3993.9425253094187,0.4213091408532174,evaluated,,0,5.0
local_refinement,1.2641381448549744,1.836103225626037,3994.61293985156,0.42120079970293756,evaluated,,0,5.0
local_refinement,1.132901955723913,1.8890145079592762,3994.3978398870386,0.4212342737859582,evaluated,,0,6.0
local_refinement,1.1749517342949098,1.8128072724188269,3994.3835915990676,0.42124076185578024,evaluated,,0,6.0
local_refinement,1.4648788852659151,1.6883478207114413,3998.2358747120675,0.42046538886201396,evaluated,,0,6.0
local_refinement,1.4767143382943484,2.0934863070681167,3997.91825400561,0.42054599547483895,evaluated,,0,6.0
local_refinement,1.017474680873578,1.441213301595883,3994.32772146135,0.4211966702573856,evaluated,,0,6.0
local_refinement,1.0,1.40131219572861,3996.0461071977434,0.420910376765351,evaluated,,0,6.0
local_refinement,1.0,1.9200045456939805,3993.4214712756484,0.42142615496839847,evaluated,,0,6.0
local_refinement,1.0,1.635972589612987,3994.579832477754,0.42116695356773703,evaluated,,0,6.0
local_refinement,1.4069251865816728,1.405252497740568,3992.7596432631544,0.4214574068079201,evaluated,,0,6.0
local_refinement,1.3886810895533614,1.607009383019156,3994.743025137027,0.4211840661004791,evaluated,,0,6.0
local_refinement,1.0,1.9307175579083702,3992.695938566541,0.42156874053751486,evaluated,,0,6.0
local_refinement,1.2773657080679304,2.071734263279708,3994.416146396831,0.421234364012777,evaluated,,0,6.0
local_refinement,1.3410426262823314,2.0140034002080447,3994.359219000418,0.4212596093522448,evaluated,,0,6.0
local_refinement,1.0692207435427838,1.5255403580083067,3993.4021033891,0.42135480829553473,evaluated,,0,6.0
local_refinement,1.3503688509845149,2.016620178786446,3994.5453464505126,0.42120897292709214,evaluated,,0,6.0
local_refinement,1.494303085200404,1.7090359364576986,3998.0611654199615,0.42046280897404265,evaluated,,0,6.0
local_refinement,1.1232108514756698,1.9928838654922718,3994.7771999073793,0.4211774655084859,evaluated,,0,6.0
local_refinement,1.1044821241518106,2.1133096386436256,3993.80398382799,0.42135098155542167,evaluated,,0,6.0
local_refinement,1.415047651105807,1.7218134335029869,3994.27486763504,0.4212620132541036,evaluated,,0,6.0
local_refinement,1.3505226406748982,1.9758199312374876,3993.8618966490367,0.421343288138085,evaluated,,0,6.0
local_refinement,1.0,2.0913033998136332,3994.5129620147627,0.42122939495264183,evaluated,,0,6.0
local_refinement,1.2031514234687142,2.03193063118438,3993.8039838279906,0.4213509815554216,evaluated,,0,6.0
local_refinement,1.092029760618367,2.08581855797314,3993.803003115926,0.4213688042565652,evaluated,,0,6.0
local_refinement,1.1335210072404978,1.395550761649337,3993.734094299362,0.42136828892281275,evaluated,,0,6.0
local_refinement,1.4432291858515582,1.458320374783042,3994.7974842615135,0.4211259329368529,evaluated,,0,6.0
local_refinement,1.0915881825542488,2.1283719078348504,3993.576502665588,0.4213660023882214,evaluated,,0,6.0
local_refinement,1.4703642881625336,1.8345144292483,3989.6906836540843,0.421758189203861,evaluated,,0,6.0
local_refinement,1.2791023273018796,1.7369902835204976,3990.7505657356105,0.4215790261569521,evaluated,,0,6.0
local_refinement,1.0759264630188388,1.6435322766160743,3994.810565541872,0.4211709083155113,evaluated,,0,6.0
local_refinement,1.303511073646223,1.9741281002412085,3996.8147489175044,0.4207629778144686,evaluated,,0,6.0
local_refinement,1.774947426235509,0.11553281642575493,30278.43806785115,-3.8899925142577816,evaluated,,14206,7.0
local_refinement,1.354723661829214,0.10224891371161618,30252.73702843992,-3.887309966294705,evaluated,,14202,7.0
local_refinement,1.3345352560099863,0.10472879970456811,29862.03323235848,-3.847906539732532,evaluated,,14186,7.0
local_refinement,1.5649183008240262,0.1199466882241235,30192.63860110266,-3.881206678016963,evaluated,,14192,7.0
local_refinement,1.510549007531247,0.1,30278.410453306715,-3.8899870872997893,evaluated,,14206,7.0
local_refinement,1.3857950092317015,0.11426797842728625,29843.406092674275,-3.8455690401450218,evaluated,,14183,7.0
local_refinement,1.6709308379897565,0.1,30278.58051043997,-3.8900205078373116,evaluated,,14206,7.0
local_refinement,1.3504640836689983,0.11154361091566041,29843.221841584316,-3.845532830135201,evaluated,,14183,7.0
local_refinement,1.343657803818516,0.11698370266806604,28802.79078514754,-3.740161933308716,evaluated,,14091,7.0
local_refinement,1.7237453362938977,0.1,30278.635498069547,-3.8900313143004226,evaluated,,14206,7.0
local_refinement,1.350902628451115,0.12439878103255292,28664.723958606104,-3.7232072899170463,evaluated,,14064,7.0
local_refinement,1.5245624774536721,0.1,30278.425485689855,-3.889990041544138,evaluated,,14206,7.0
local_refinement,1.7876797403545015,0.12262618598227365,30273.066164048563,-3.8894357338334484,evaluated,,14205,7.0
local_refinement,1.8916006382937225,0.11390201833665237,30278.56982569993,-3.8900184080150426,evaluated,,14206,7.0
local_refinement,1.5257557513185493,0.1,30278.42676427286,-3.8899902928181103,evaluated,,14206,7.0
local_refinement,1.766288149556462,0.10512819123811123,30278.590123720285,-3.8900223970905827,evaluated,,14206,7.0
local_refinement,1.5545332055481857,0.12078594732926314,29869.715885480826,-3.8487663752544092,evaluated,,14187,7.0
local_refinement,1.3667184893836906,0.10216812969308867,30252.93369246603,-3.8873486157611397,evaluated,,14202,7.0
local_refinement,1.3068121868604514,0.10108972888973569,29870.129338088926,-3.8488476291726528,evaluated,,14187,7.0
local_refinement,1.3337819654091023,0.1,30252.87328169809,-3.887336743513866,evaluated,,14202,7.0
local_refinement,1.3705157480662629,0.10921446359522287,29860.542223237448,-3.8476135186441485,evaluated,,14186,7.0
local_refinement,1.7476269275592538,0.10625159442937218,30278.553112719434,-3.890015123490711,evaluated,,14206,7.0
local_refinement,1.877303529084725,0.1,30278.792284718307,-3.890062126851343,evaluated,,14206,7.0
local_refinement,1.4714272517691163,0.11908696076852572,29858.81297354588,-3.847295574784653,evaluated,,14185,7.0
local_refinement,1.4341575031116713,0.12334501427482752,29231.018274882674,-3.783520216809735,evaluated,,14121,7.0
local_refinement,1.3072926848138897,0.12364454720184376,27597.74371761838,-3.5702430138667527,evaluated,,13934,7.0
local_refinement,1.3258959471703455,0.1201014401164132,28734.09437832381,-3.7311005526240546,evaluated,,14077,7.0
local_refinement,1.6166206654517798,0.12468341582536852,29870.40811123784,-3.8489024151631304,evaluated,,14187,7.0
local_refinement,1.3442779388412391,0.10492344279805943,29869.2940507217,-3.8486834740310067,evaluated,,14187,7.0
local_refinement,1.8815815213714593,0.1035394029876567,30278.731540520836,-3.890050189076714,evaluated,,14206,7.0
local_refinement,1.6776391828811574,1.1247919640444513,3994.4827405657097,0.42122375812317087,evaluated,,0,8.0
local_refinement,1.572724638860664,1.0937835030696899,3993.9272120298547,0.4212980227482959,evaluated,,0,8.0
local_refinement,1.6505885871538601,1.2181981827669064,3993.397491511927,0.42132943233143944,evaluated,,0,8.0
local_refinement,1.3272678282048747,0.9361756695402786,3991.0744051919914,0.42153889234969694,evaluated,,0,8.0
local_refinement,1.870246890445935,1.2132442278774405,3992.2688315677588,0.42129024453106256,evaluated,,0,8.0
local_refinement,1.5733940516714275,1.0904068976794623,3994.80239269253,0.42112865622578366,evaluated,,0,8.0
local_refinement,1.4664287097886795,0.8939574153494048,3994.9467926870507,0.4210807789214098,evaluated,,0,8.0
local_refinement,1.578219042963989,0.969093291328188,3994.9225133948967,0.4211489370130258,evaluated,,0,8.0
local_refinement,1.650193667110523,0.8437611164998527,3996.2765861979306,0.4208136689342084,evaluated,,0,8.0
local_refinement,1.8846368845996997,1.2568743938347513,3993.9272120298547,0.4212980227482959,evaluated,,0,8.0
local_refinement,1.718897028411847,1.0521929229749172,3993.006197645164,0.421444632883156,evaluated,,0,8.0
local_refinement,1.4857165697717964,1.1784714237007714,3994.5043313438155,0.42119876101448345,evaluated,,0,8.0
local_refinement,1.7108387035323274,0.8823598268388925,3994.70756471695,0.42113705256662054,evaluated,,0,8.0
local_refinement,1.8465563106963054,1.182446793503205,3994.557776058379,0.4211765468252919,evaluated,,0,8.0
local_refinement,1.8698799479751542,1.1384206586527938,3994.042285141794,0.42132192417796777,evaluated,,0,8.0
local_refinement,1.6680491175614738,0.9986012269242313,3993.859811691483,0.42134358226840773,evaluated,,0,8.0
local_refinement,1.8596370900124077,1.2022397583045736,3993.5465702306237,0.42133612861289244,evaluated,,0,8.0
local_refinement,1.3271312020637136,0.8204025898247453,3994.89807972257,0.42110587973498337,evaluated,,0,8.0
local_refinement,1.5258780201268296,1.1769973235842381,3994.183491510099,0.42126181417488767,evaluated,,0,8.0
local_refinement,1.8923656775889666,0.876812072890336,3993.30179360675,0.4214497039525255,evaluated,,0,8.0
local_refinement,1.656478429211281,0.9816159906289225,3994.109179250042,0.42130877778997533,evaluated,,0,8.0
local_refinement,1.8819486386887618,1.1913512126964152,3994.114496221431,0.42120621504992956,evaluated,,0,8.0
local_refinement,1.8029972228266826,1.0215425191502328,3993.288087279217,0.4214585377776416,evaluated,,0,8.0
local_refinement,1.548891701402599,0.9327396600456315,3994.7120395901156,0.42119030045103784,evaluated,,0,8.0
local_refinement,1.3338252979905563,1.2016297291262685,3993.939544469733,0.42133419377713077,evaluated,,0,8.0
local_refinement,1.7877406054780465,1.2630164283691094,3994.1335228118205,0.42126010611275455,evaluated,,0,8.0
local_refinement,1.897982102244343,1.0609853230208757,3994.201823368644,0.42127896547346044,evaluated,,0,8.0
local_refinement,1.7613924491083062,1.2380280139819317,3989.9075407516602,0.4217358514192484,evaluated,,0,8.0
local_refinement,1.8097884344064468,0.9208898089718531,3992.261297444051,0.42165159675669,evaluated,,0,8.0
local_refinement,1.570326481186056,0.8671456155275364,3994.8698054141305,0.4211592954673591,evaluated,,0,8.0
local_refinement,2.272430616355233,0.1072778585502896,30279.028534341916,-3.890108555891154,evaluated,,14206,9.0
local_refinement,1.8371856833020774,0.11022653079826356,30278.576120975456,-3.890019645196264,evaluated,,14206,9.0
local_refinement,2.0708769442747372,0.1,30278.98303979045,-3.890099615058534,evaluated,,14206,9.0
local_refinement,1.7681345553197771,0.11022079380167599,30278.51027094209,-3.8900067039954527,evaluated,,14206,9.0
local_refinement,2.0121846205422758,0.11475432762810378,30278.666213333963,-3.890037350628493,evaluated,,14206,9.0
local_refinement,2.012098100667196,0.1183481675143343,30278.610998488948,-3.8900264995117873,evaluated,,14206,9.0
local_refinement,2.0311441032646913,0.10524220871909239,30278.844960534043,-3.8900724789844325,evaluated,,14206,9.0
local_refinement,2.225992161595007,0.1,30279.128804398242,-3.8901282614990036,evaluated,,14207,9.0
local_refinement,1.7804091370703843,0.1,30278.69389826074,-3.8900427914183995,evaluated,,14206,9.0
local_refinement,2.153082353404171,0.10791392981090592,30278.90938558115,-3.8900851401393215,evaluated,,14206,9.0
local_refinement,2.122447860859534,0.1,30279.032525850955,-3.890109340323863,evaluated,,14206,9.0
local_refinement,1.7818228853520617,0.1,30278.695347294728,-3.8900430761903095,evaluated,,14206,9.0
local_refinement,1.9103525352839579,0.10654629590845849,30278.70676780692,-3.890045320610459,evaluated,,14206,9.0
local_refinement,1.935346427059839,0.1,30278.85030453206,-3.8900735292155098,evaluated,,14206,9.0
local_refinement,2.242495216696249,0.1,30279.14354494073,-3.8901311583892646,evaluated,,14207,9.0
local_refinement,2.0083936934958864,0.11526438557335145,30278.654817545983,-3.890035111067278,evaluated,,14206,9.0
local_refinement,1.9379256693927618,0.10799390151025433,30278.708299568658,-3.8900456216404686,evaluated,,14206,9.0
local_refinement,2.2174182252480468,0.1227284280645939,30278.720850020465,-3.890048088122394,evaluated,,14206,9.0
local_refinement,1.7882440885574225,0.12169644313226724,30273.11583807444,-3.889445496038737,evaluated,,14205,9.0
local_refinement,1.9952697758477227,0.1,30278.90946892146,-3.890085156517806,evaluated,,14206,9.0
local_refinement,1.9754814537429566,0.12410146588784648,30278.497191965173,-3.8900041336449442,evaluated,,14206,9.0
local_refinement,1.9955708563957215,0.1,30278.90976428742,-3.890085214564704,evaluated,,14206,9.0
local_refinement,2.080040512590035,0.1,30278.99187424642,-3.8901013512530813,evaluated,,14206,9.0
local_refinement,1.7455179968651982,0.1,30278.65801183093,-3.890035738825244,evaluated,,14206,9.0
local_refinement,1.7768275033746632,0.1,30278.690225466686,-3.8900420696212645,evaluated,,14206,9.0
local_refinement,1.7832963035896459,0.10883936351614465,30278.54645230683,-3.890013814550798,evaluated,,14206,9.0
local_refinement,1.8091280506394867,0.1,30278.723256172423,-3.8900485609922484,evaluated,,14206,9.0
local_refinement,2.2380730459436067,0.10132827381182925,30279.113445764226,-3.890125243138087,evaluated,,14207,9.0
local_refinement,2.100534643112616,0.1,30279.011567694164,-3.8901052215147782,evaluated,,14206,9.0
local_refinement,1.8153734112852022,0.1,30278.729618724814,-3.8900498113950803,evaluated,,14206,9.0
local_refinement,1.8013610378432985,0.9350966581458441,3994.007117035223,0.42132883560239726,evaluated,,0,10.0
local_refinement,1.8062062905660479,0.8487485715927985,3997.408077132233,0.4205935311210663,evaluated,,0,10.0
local_refinement,1.7723815226603603,1.0179435909098875,3993.8797376312186,0.4213571832218326,evaluated,,0,10.0
local_refinement,1.8238002310434753,0.9740578898698122,3994.2311292449745,0.42128481152461894,evaluated,,0,10.0
local_refinement,2.002050362512914,1.1223573917101248,3993.509739189044,0.42139422358515305,evaluated,,0,10.0
local_refinement,1.723587283904659,1.1719302744158442,3990.7336843383155,0.42157363816740134,evaluated,,0,10.0
local_refinement,2.0767402336945446,0.845591138211301,3993.9807142615,0.421316278833675,evaluated,,0,10.0
local_refinement,2.224147174464066,1.2271629493832834,3992.506362142206,0.42151068811877423,evaluated,,0,10.0
local_refinement,1.736646775912918,0.9343178425681858,3994.202048550739,0.42129052661821265,evaluated,,0,10.0
local_refinement,2.183720767875837,1.148670403669509,3992.6456146732976,0.4214807306683428,evaluated,,0,10.0
local_refinement,1.8107126116138261,0.9036105434497557,3993.636696260597,0.4213837421863552,evaluated,,0,10.0
local_refinement,1.9222832616748289,1.0287408494033996,3994.5276807390246,0.4212124739756522,evaluated,,0,10.0
local_refinement,2.0709528629181775,0.9761695651779984,3993.2998188217243,0.4214678376308941,evaluated,,0,10.0
local_refinement,1.9775208296798885,1.1483117326772099,3993.413612497695,0.42140154887388726,evaluated,,0,10.0
local_refinement,1.7220099217343585,0.9232038692176627,3993.3637264273366,0.4214551332612482,evaluated,,0,10.0
local_refinement,2.1280097515307315,1.2154919932693249,3994.124134987871,0.42125932239517844,evaluated,,0,10.0
local_refinement,2.0070064652693995,1.050381778970039,3993.7249940056045,0.4213726745306084,evaluated,,0,10.0
local_refinement,1.7643032068038655,1.0118654587894496,3993.723491087301,0.42137282498702555,evaluated,,0,10.0
local_refinement,2.019570359873014,0.9186718083844471,3993.7104387988365,0.4213693948133938,evaluated,,0,10.0
local_refinement,1.8615459385696282,0.9799759111918205,3993.7581251186994,0.42134392164759166,evaluated,,0,10.0
local_refinement,1.7120427186666356,0.9548724249661447,3995.212853922115,0.4210917328343587,evaluated,,0,10.0
local_refinement,1.8268688041979266,0.9573362485085017,3994.873526587391,0.421158564162484,evaluated,,0,10.0
local_refinement,1.7718572790915506,1.2133640483613788,3994.319080551859,0.4212211555552401,evaluated,,0,10.0
local_refinement,2.056155472132429,1.1172223247952722,3993.299398930533,0.42141528064569184,evaluated,,0,10.0
local_refinement,2.173502743164403,1.0350703631436962,3993.5738350591078,0.4213962409110654,evaluated,,0,10.0
local_refinement,1.752152172852454,1.0526522822222018,3994.4083195109406,0.42123593148269917,evaluated,,0,10.0
local_refinement,2.0521046708125272,1.1473879607441966,3993.1751784805733,0.4214782749544803,evaluated,,0,10.0
local_refinement,1.9589957277378074,0.8664275423990934,3993.276643157289,0.42143854505825995,evaluated,,0,10.0
local_refinement,1.8702655434792343,0.9735178660647619,3990.311560772945,0.42168895552077107,evaluated,,0,10.0
local_refinement,2.0875503447989603,1.0679639147348197,3993.4048641517065,0.42133166380448805,evaluated,,0,10.0
