phase,alpha,beta,cv_mse,cv_r2,evaluation,reuse_alpha,clipped_count,seed_index
coarse_grid,1.0,0.1,24332.528576863715,-3.0358531958612427,evaluated,,13319,
coarse_grid,1.0,0.11455149701087121,19677.618288927093,-2.206070289097181,evaluated,,12533,
coarse_grid,1.0,0.13122045467431637,15201.542326253686,-1.379664310105948,evaluated,,10988,
coarse_grid,1.0,0.1503149952139011,12057.999415641107,-0.8706387027938134,evaluated,,7760,
coarse_grid,1.0,0.17218807724934312,7439.623527895554,-0.10862455737129839,evaluated,,3323,
coarse_grid,1.0,0.1972440201633579,5337.62569666655,0.23645928372140446,evaluated,,1565,
coarse_grid,1.0,0.22594597786155107,5230.641375500631,0.25346966062895915,evaluated,,368,
coarse_grid,1.0,0.2588245000762584,4960.416542915686,0.29259598256737673,evaluated,,53,
coarse_grid,1.0,0.29648733946825756,4959.368111819538,0.2926541086842761,evaluated,,0,
coarse_grid,1.0,0.3396306858085926,4961.91982116162,0.2921562938437263,evaluated,,0,
coarse_grid,1.0,0.3890520349020314,4964.094439300994,0.29179822816328627,evaluated,,0,
coarse_grid,1.0,0.445664930131534,4964.070667470389,0.291845419536097,evaluated,,0,
coarse_grid,1.0,0.5105158491181254,4963.73829241243,0.29194674470032167,evaluated,,0,
coarse_grid,1.0,0.5848035476425733,4959.77054984303,0.29271288086449443,evaluated,,0,
coarse_grid,1.0,0.6,4961.918600756124,0.29215639849026587,evaluated,,0,
coarse_grid,1.0,0.669901218397251,4961.858076530998,0.2921615882823002,evaluated,,0,
coarse_grid,1.0,0.7673818741681168,4962.406153073764,0.2920291980477475,evaluated,,0,
coarse_grid,1.0,0.8790474246496578,4962.119326501117,0.2920855667401378,evaluated,,0,
coarse_grid,1.0,1.0069619843716933,4963.655978166684,0.2919538029289236,evaluated,,0,
coarse_grid,1.0,1.1,4962.667454122779,0.29203856624804164,evaluated,,0,
coarse_grid,1.0,1.1534900274281497,4962.183422543467,0.29213369072325884,evaluated,,0,
coarse_grid,1.0,1.3213400942900544,4963.532976932673,0.29196434995902826,evaluated,,0,
coarse_grid,1.0,1.5136148586141145,4964.165112470896,0.2919101460105428,evaluated,,0,
coarse_grid,1.0,1.6,4964.364198261672,0.29177509704673926,evaluated,,0,
coarse_grid,1.0,1.733868479521449,4962.029939474792,0.29214685148996894,evaluated,,0,
coarse_grid,1.0,1.9861722994914508,4963.317381499921,0.2919849322254471,evaluated,,0,
coarse_grid,1.0,2.1,4963.6424012755015,0.29195706264035504,evaluated,,0,
coarse_grid,1.0,2.2751901022827012,4961.128917952801,0.29226586735454635,evaluated,,0,
coarse_grid,1.0,2.6,4964.3038157952105,0.2916419194469414,evaluated,,0,
coarse_grid,1.0,2.6062643220080064,4962.103389919966,0.2922457103179853,evaluated,,0,
coarse_grid,1.0,2.9855147969204046,4962.962717623528,0.29207874506787224,evaluated,,0,
coarse_grid,1.0,3.1,4964.163477652253,0.2919123817208771,evaluated,,0,
coarse_grid,1.0,3.419951893353395,4963.271492111169,0.29198703382528723,evaluated,,0,
coarse_grid,1.0,3.6,4963.690235067163,0.2919966911383871,evaluated,,0,
coarse_grid,1.0,3.9176060908879475,4964.539825053629,0.2918300449539264,evaluated,,0,
coarse_grid,1.0,4.1,4964.142436597664,0.29184975370931043,evaluated,,0,
coarse_grid,1.0,4.487676424101213,4960.130182587507,0.29255922048798444,evaluated,,0,
coarse_grid,1.0,4.6,4973.493255912831,0.2899190444965135,evaluated,,0,
coarse_grid,1.0,5.1,4983.822643653544,0.287969704293324,evaluated,,0,
coarse_grid,1.0,5.140700524811874,4969.545531986397,0.2906948723202625,evaluated,,0,
coarse_grid,1.0,5.6,4969.824200064134,0.29065279162118307,evaluated,,0,
coarse_grid,1.0,5.8887494080177145,4981.95625809399,0.28824673062651823,evaluated,,0,
coarse_grid,1.0,6.1,4964.333200415361,0.29181318475833773,evaluated,,0,
coarse_grid,1.0,6.6,4965.157582379451,0.2915590982546231,evaluated,,0,
coarse_grid,1.0,6.745650602103109,4990.49173227262,0.28666225497702547,evaluated,,0,
coarse_grid,1.0,7.1,4998.295484437796,0.285125424202225,evaluated,,0,
coarse_grid,1.0,7.6,4963.447026412185,0.2919740295897441,evaluated,,0,
coarse_grid,1.0,7.727243747831959,4992.066588980559,0.28625659866271075,evaluated,,0,
coarse_grid,1.0,8.1,4992.869287293661,0.2861877694079359,evaluated,,0,
coarse_grid,1.0,8.6,4991.72535257866,0.2864125815774259,evaluated,,0,
coarse_grid,1.0,8.851673390820459,4972.814363353289,0.29012907034134805,evaluated,,0,
coarse_grid,1.0,9.1,4978.208409822692,0.2890680115473,evaluated,,0,
coarse_grid,1.0,9.6,4989.550661993813,0.2868389714770437,evaluated,,0,
coarse_grid,1.0,10.1,4980.605327679161,0.28859695642821304,evaluated,,0,
coarse_grid,1.0,10.13972437969778,4962.914052567071,0.29207374044992496,evaluated,,0,
coarse_grid,1.0,10.6,4961.633039843773,0.2923254919228829,evaluated,,0,
coarse_grid,1.0,11.1,4956.910742845257,0.29325857500113384,evaluated,,0,
coarse_grid,1.0,11.6,4987.526791944423,0.28723671324552336,evaluated,,0,
coarse_grid,1.0,11.615206069720077,4960.591883487299,0.29252846841065083,evaluated,,0,
coarse_grid,1.0,12.1,4972.57714314073,0.2892347936206445,evaluated,,0,
coarse_grid,1.0,12.6,4956.856068085596,0.29231025253598886,evaluated,,0,
coarse_grid,1.0,13.1,4975.266401126741,0.2896512228449599,evaluated,,0,
coarse_grid,1.0,13.305392433761932,4991.101252822822,0.2855943364941189,evaluated,,0,
coarse_grid,1.0,13.6,4971.126852685629,0.29045807990864014,evaluated,,0,
coarse_grid,1.0,14.1,4973.183799321265,0.289100251143941,evaluated,,0,
coarse_grid,1.0,14.6,4965.390632751994,0.2906471250853422,evaluated,,0,
coarse_grid,1.0,15.1,4979.641569364164,0.28878472223884144,evaluated,,0,
coarse_grid,1.0,15.241526216045477,4969.99354045137,0.28948565926006115,evaluated,,0,
coarse_grid,1.0,15.6,4957.129510296847,0.2920137672801268,evaluated,,0,
coarse_grid,1.0,16.1,4971.166345351539,0.28947432619451074,evaluated,,0,
coarse_grid,1.0,16.6,4971.0279199798115,0.28952331986430124,evaluated,,0,
coarse_grid,1.0,17.1,4991.020932784862,0.28548662764938665,evaluated,,0,
coarse_grid,1.0,17.459396447784496,4988.888044306705,0.2860399784906593,evaluated,,0,
coarse_grid,1.0,17.6,4969.350764282191,0.28961481627902885,evaluated,,0,
coarse_grid,1.0,18.1,4975.241686738327,0.28880680231820366,evaluated,,0,
coarse_grid,1.0,18.6,4975.001333964079,0.288827411932133,evaluated,,0,
coarse_grid,1.0,19.1,4968.985890836921,0.28969841845593847,evaluated,,0,
coarse_grid,1.0,19.6,4965.06368772637,0.2905759890068552,evaluated,,0,
coarse_grid,1.0,20.000000000000004,4964.728566478476,0.29064184882716937,evaluated,,0,
coarse_grid,1.2,0.1,29979.85559347835,-3.7153176174343105,evaluated,,13837,
coarse_grid,1.2,0.11455149701087121,28137.89234047437,-3.5260043829200116,evaluated,,13593,
coarse_grid,1.2,0.13122045467431637,20809.666149764496,-2.4191734419754325,evaluated,,12744,
coarse_grid,1.2,0.1503149952139011,16618.91256945968,-1.6390390331842233,evaluated,,11586,
coarse_grid,1.2,0.17218807724934312,12977.634401722094,-1.0120224111074327,evaluated,,8997,
coarse_grid,1.2,0.1972440201633579,10146.887915652256,-0.5678290101177403,evaluated,,4868,
coarse_grid,1.2,0.22594597786155107,5489.80701519027,0.21151366412562078,evaluated,,2110,
coarse_grid,1.2,0.2588245000762584,5445.008015269166,0.2153560712389273,evaluated,,694,
coarse_grid,1.2,0.29648733946825756,4957.3192788845245,0.2932600716001805,evaluated,,64,
coarse_grid,1.2,0.3396306858085926,4958.752913999578,0.29279225439060874,evaluated,,22,
coarse_grid,1.2,0.3890520349020314,4964.094439300994,0.29179822816328627,positive_alpha_scaling_without_clipping,1.0,0,
coarse_grid,1.2,0.445664930131534,4964.070667470389,0.291845419536097,positive_alpha_scaling_without_clipping,1.0,0,
coarse_grid,1.2,0.5105158491181254,4963.73829241243,0.29194674470032167,positive_alpha_scaling_without_clipping,1.0,0,
coarse_grid,1.2,0.5848035476425733,4959.77054984303,0.29271288086449443,positive_alpha_scaling_without_clipping,1.0,0,
coarse_grid,1.2,0.6,4961.918600756124,0.29215639849026587,positive_alpha_scaling_without_clipping,1.0,0,
coarse_grid,1.2,0.669901218397251,4961.858076530998,0.2921615882823002,positive_alpha_scaling_without_clipping,1.0,0,
coarse_grid,1.2,0.7673818741681168,4962.406153073764,0.2920291980477475,positive_alpha_scaling_without_clipping,1.0,0,
coarse_grid,1.2,0.8790474246496578,4962.119326501117,0.2920855667401378,positive_alpha_scaling_without_clipping,1.0,0,
coarse_grid,1.2,1.0069619843716933,4963.655978166684,0.2919538029289236,positive_alpha_scaling_without_clipping,1.0,0,
coarse_grid,1.2,1.1,4962.667454122779,0.29203856624804164,positive_alpha_scaling_without_clipping,1.0,0,
coarse_grid,1.2,1.1534900274281497,4962.183422543467,0.29213369072325884,positive_alpha_scaling_without_clipping,1.0,0,
coarse_grid,1.2,1.3213400942900544,4963.532976932673,0.29196434995902826,positive_alpha_scaling_without_clipping,1.0,0,
coarse_grid,1.2,1.5136148586141145,4964.165112470896,0.2919101460105428,positive_alpha_scaling_without_clipping,1.0,0,
coarse_grid,1.2,1.6,4964.364198261672,0.29177509704673926,positive_alpha_scaling_without_clipping,1.0,0,
coarse_grid,1.2,1.733868479521449,4962.029939474792,0.29214685148996894,positive_alpha_scaling_without_clipping,1.0,0,
coarse_grid,1.2,1.9861722994914508,4963.317381499921,0.2919849322254471,positive_alpha_scaling_without_clipping,1.0,0,
coarse_grid,1.2,2.1,4963.6424012755015,0.29195706264035504,positive_alpha_scaling_without_clipping,1.0,0,
coarse_grid,1.2,2.2751901022827012,4961.128917952801,0.29226586735454635,positive_alpha_scaling_without_clipping,1.0,0,
coarse_grid,1.2,2.6,4964.3038157952105,0.2916419194469414,positive_alpha_scaling_without_clipping,1.0,0,
coarse_grid,1.2,2.6062643220080064,4962.103389919966,0.2922457103179853,positive_alpha_scaling_without_clipping,1.0,0,
coarse_grid,1.2,2.9855147969204046,4962.962717623528,0.29207874506787224,positive_alpha_scaling_without_clipping,1.0,0,
coarse_grid,1.2,3.1,4964.163477652253,0.2919123817208771,positive_alpha_scaling_without_clipping,1.0,0,
coarse_grid,1.2,3.419951893353395,4963.271492111169,0.29198703382528723,positive_alpha_scaling_without_clipping,1.0,0,
coarse_grid,1.2,3.6,4963.690235067163,0.2919966911383871,positive_alpha_scaling_without_clipping,1.0,0,
coarse_grid,1.2,3.9176060908879475,4964.539825053629,0.2918300449539264,positive_alpha_scaling_without_clipping,1.0,0,
coarse_grid,1.2,4.1,4964.142436597664,0.29184975370931043,positive_alpha_scaling_without_clipping,1.0,0,
coarse_grid,1.2,4.487676424101213,4960.130182587507,0.29255922048798444,positive_alpha_scaling_without_clipping,1.0,0,
coarse_grid,1.2,4.6,4973.493255912831,0.2899190444965135,positive_alpha_scaling_without_clipping,1.0,0,
coarse_grid,1.2,5.1,4983.822643653544,0.287969704293324,positive_alpha_scaling_without_clipping,1.0,0,
coarse_grid,1.2,5.140700524811874,4969.545531986397,0.2906948723202625,positive_alpha_scaling_without_clipping,1.0,0,
coarse_grid,1.2,5.6,4969.824200064134,0.29065279162118307,positive_alpha_scaling_without_clipping,1.0,0,
coarse_grid,1.2,5.8887494080177145,4981.95625809399,0.28824673062651823,positive_alpha_scaling_without_clipping,1.0,0,
coarse_grid,1.2,6.1,4964.333200415361,0.29181318475833773,positive_alpha_scaling_without_clipping,1.0,0,
coarse_grid,1.2,6.6,4965.157582379451,0.2915590982546231,positive_alpha_scaling_without_clipping,1.0,0,
coarse_grid,1.2,6.745650602103109,4990.49173227262,0.28666225497702547,positive_alpha_scaling_without_clipping,1.0,0,
coarse_grid,1.2,7.1,4998.295484437796,0.285125424202225,positive_alpha_scaling_without_clipping,1.0,0,
coarse_grid,1.2,7.6,4963.447026412185,0.2919740295897441,positive_alpha_scaling_without_clipping,1.0,0,
coarse_grid,1.2,7.727243747831959,4992.066588980559,0.28625659866271075,positive_alpha_scaling_without_clipping,1.0,0,
coarse_grid,1.2,8.1,4992.869287293661,0.2861877694079359,positive_alpha_scaling_without_clipping,1.0,0,
coarse_grid,1.2,8.6,4991.72535257866,0.2864125815774259,positive_alpha_scaling_without_clipping,1.0,0,
coarse_grid,1.2,8.851673390820459,4972.814363353289,0.29012907034134805,positive_alpha_scaling_without_clipping,1.0,0,
coarse_grid,1.2,9.1,4978.208409822692,0.2890680115473,positive_alpha_scaling_without_clipping,1.0,0,
coarse_grid,1.2,9.6,4989.550661993813,0.2868389714770437,positive_alpha_scaling_without_clipping,1.0,0,
coarse_grid,1.2,10.1,4980.605327679161,0.28859695642821304,positive_alpha_scaling_without_clipping,1.0,0,
coarse_grid,1.2,10.13972437969778,4962.914052567071,0.29207374044992496,positive_alpha_scaling_without_clipping,1.0,0,
coarse_grid,1.2,10.6,4961.633039843773,0.2923254919228829,positive_alpha_scaling_without_clipping,1.0,0,
coarse_grid,1.2,11.1,4956.910742845257,0.29325857500113384,positive_alpha_scaling_without_clipping,1.0,0,
coarse_grid,1.2,11.6,4987.526791944423,0.28723671324552336,positive_alpha_scaling_without_clipping,1.0,0,
coarse_grid,1.2,11.615206069720077,4960.591883487299,0.29252846841065083,positive_alpha_scaling_without_clipping,1.0,0,
coarse_grid,1.2,12.1,4972.57714314073,0.2892347936206445,positive_alpha_scaling_without_clipping,1.0,0,
coarse_grid,1.2,12.6,4956.856068085596,0.29231025253598886,positive_alpha_scaling_without_clipping,1.0,0,
coarse_grid,1.2,13.1,4975.266401126741,0.2896512228449599,positive_alpha_scaling_without_clipping,1.0,0,
coarse_grid,1.2,13.305392433761932,4991.101252822822,0.2855943364941189,positive_alpha_scaling_without_clipping,1.0,0,
coarse_grid,1.2,13.6,4971.126852685629,0.29045807990864014,positive_alpha_scaling_without_clipping,1.0,0,
coarse_grid,1.2,14.1,4973.183799321265,0.289100251143941,positive_alpha_scaling_without_clipping,1.0,0,
coarse_grid,1.2,14.6,4965.390632751994,0.2906471250853422,positive_alpha_scaling_without_clipping,1.0,0,
coarse_grid,1.2,15.1,4979.641569364164,0.28878472223884144,positive_alpha_scaling_without_clipping,1.0,0,
coarse_grid,1.2,15.241526216045477,4969.99354045137,0.28948565926006115,positive_alpha_scaling_without_clipping,1.0,0,
coarse_grid,1.2,15.6,4957.129510296847,0.2920137672801268,positive_alpha_scaling_without_clipping,1.0,0,
coarse_grid,1.2,16.1,4971.166345351539,0.28947432619451074,positive_alpha_scaling_without_clipping,1.0,0,
coarse_grid,1.2,16.6,4971.0279199798115,0.28952331986430124,positive_alpha_scaling_without_clipping,1.0,0,
coarse_grid,1.2,17.1,4991.020932784862,0.28548662764938665,positive_alpha_scaling_without_clipping,1.0,0,
coarse_grid,1.2,17.459396447784496,4988.888044306705,0.2860399784906593,positive_alpha_scaling_without_clipping,1.0,0,
coarse_grid,1.2,17.6,4969.350764282191,0.28961481627902885,positive_alpha_scaling_without_clipping,1.0,0,
coarse_grid,1.2,18.1,4975.241686738327,0.28880680231820366,positive_alpha_scaling_without_clipping,1.0,0,
coarse_grid,1.2,18.6,4975.001333964079,0.288827411932133,positive_alpha_scaling_without_clipping,1.0,0,
coarse_grid,1.2,19.1,4968.985890836921,0.28969841845593847,positive_alpha_scaling_without_clipping,1.0,0,
coarse_grid,1.2,19.6,4965.06368772637,0.2905759890068552,positive_alpha_scaling_without_clipping,1.0,0,
coarse_grid,1.2,20.000000000000004,4964.728566478476,0.29064184882716937,positive_alpha_scaling_without_clipping,1.0,0,
coarse_grid,1.4,0.1,30429.109868897896,-3.757719369455722,evaluated,,13866,
coarse_grid,1.4,0.11455149701087121,30052.54901232575,-3.7249969016507603,evaluated,,13845,
coarse_grid,1.4,0.13122045467431637,28574.11286176186,-3.5701006137239815,evaluated,,13685,
coarse_grid,1.4,0.1503149952139011,21699.62569618433,-2.5891079130711985,evaluated,,12829,
coarse_grid,1.4,0.17218807724934312,17185.125267981784,-1.7367390741268622,evaluated,,11879,
coarse_grid,1.4,0.1972440201633579,13291.833919589377,-1.058752092946548,evaluated,,9533,
coarse_grid,1.4,0.22594597786155107,10817.104960403136,-0.6840591437117038,evaluated,,5567,
coarse_grid,1.4,0.2588245000762584,5518.409689226664,0.2068773695287815,evaluated,,2225,
coarse_grid,1.4,0.29648733946825756,5423.383162417376,0.2196053105304262,evaluated,,810,
coarse_grid,1.4,0.3396306858085926,4986.630065184698,0.2873792306286419,evaluated,,100,
coarse_grid,1.4,0.3890520349020314,4972.948898430728,0.2900581024895792,evaluated,,40,
coarse_grid,1.4,0.445664930131534,4964.070667470389,0.291845419536097,positive_alpha_scaling_without_clipping,1.0,0,
coarse_grid,1.4,0.5105158491181254,4963.73829241243,0.29194674470032167,positive_alpha_scaling_without_clipping,1.0,0,
coarse_grid,1.4,0.5848035476425733,4959.77054984303,0.29271288086449443,positive_alpha_scaling_without_clipping,1.0,0,
coarse_grid,1.4,0.6,4961.918600756124,0.29215639849026587,positive_alpha_scaling_without_clipping,1.0,0,
coarse_grid,1.4,0.669901218397251,4961.858076530998,0.2921615882823002,positive_alpha_scaling_without_clipping,1.0,0,
coarse_grid,1.4,0.7673818741681168,4962.406153073764,0.2920291980477475,positive_alpha_scaling_without_clipping,1.0,0,
coarse_grid,1.4,0.8790474246496578,4962.119326501117,0.2920855667401378,positive_alpha_scaling_without_clipping,1.0,0,
coarse_grid,1.4,1.0069619843716933,4963.655978166684,0.2919538029289236,positive_alpha_scaling_without_clipping,1.0,0,
coarse_grid,1.4,1.1,4962.667454122779,0.29203856624804164,positive_alpha_scaling_without_clipping,1.0,0,
coarse_grid,1.4,1.1534900274281497,4962.183422543467,0.29213369072325884,positive_alpha_scaling_without_clipping,1.0,0,
coarse_grid,1.4,1.3213400942900544,4963.532976932673,0.29196434995902826,positive_alpha_scaling_without_clipping,1.0,0,
coarse_grid,1.4,1.5136148586141145,4964.165112470896,0.2919101460105428,positive_alpha_scaling_without_clipping,1.0,0,
coarse_grid,1.4,1.6,4964.364198261672,0.29177509704673926,positive_alpha_scaling_without_clipping,1.0,0,
coarse_grid,1.4,1.733868479521449,4962.029939474792,0.29214685148996894,positive_alpha_scaling_without_clipping,1.0,0,
coarse_grid,1.4,1.9861722994914508,4963.317381499921,0.2919849322254471,positive_alpha_scaling_without_clipping,1.0,0,
coarse_grid,1.4,2.1,4963.6424012755015,0.29195706264035504,positive_alpha_scaling_without_clipping,1.0,0,
coarse_grid,1.4,2.2751901022827012,4961.128917952801,0.29226586735454635,positive_alpha_scaling_without_clipping,1.0,0,
coarse_grid,1.4,2.6,4964.3038157952105,0.2916419194469414,positive_alpha_scaling_without_clipping,1.0,0,
coarse_grid,1.4,2.6062643220080064,4962.103389919966,0.2922457103179853,positive_alpha_scaling_without_clipping,1.0,0,
coarse_grid,1.4,2.9855147969204046,4962.962717623528,0.29207874506787224,positive_alpha_scaling_without_clipping,1.0,0,
coarse_grid,1.4,3.1,4964.163477652253,0.2919123817208771,positive_alpha_scaling_without_clipping,1.0,0,
coarse_grid,1.4,3.419951893353395,4963.271492111169,0.29198703382528723,positive_alpha_scaling_without_clipping,1.0,0,
coarse_grid,1.4,3.6,4963.690235067163,0.2919966911383871,positive_alpha_scaling_without_clipping,1.0,0,
coarse_grid,1.4,3.9176060908879475,4964.539825053629,0.2918300449539264,positive_alpha_scaling_without_clipping,1.0,0,
coarse_grid,1.4,4.1,4964.142436597664,0.29184975370931043,positive_alpha_scaling_without_clipping,1.0,0,
coarse_grid,1.4,4.487676424101213,4960.130182587507,0.29255922048798444,positive_alpha_scaling_without_clipping,1.0,0,
coarse_grid,1.4,4.6,4973.493255912831,0.2899190444965135,positive_alpha_scaling_without_clipping,1.0,0,
coarse_grid,1.4,5.1,4983.822643653544,0.287969704293324,positive_alpha_scaling_without_clipping,1.0,0,
coarse_grid,1.4,5.140700524811874,4969.545531986397,0.2906948723202625,positive_alpha_scaling_without_clipping,1.0,0,
coarse_grid,1.4,5.6,4969.824200064134,0.29065279162118307,positive_alpha_scaling_without_clipping,1.0,0,
coarse_grid,1.4,5.8887494080177145,4981.95625809399,0.28824673062651823,positive_alpha_scaling_without_clipping,1.0,0,
coarse_grid,1.4,6.1,4964.333200415361,0.29181318475833773,positive_alpha_scaling_without_clipping,1.0,0,
coarse_grid,1.4,6.6,4965.157582379451,0.2915590982546231,positive_alpha_scaling_without_clipping,1.0,0,
coarse_grid,1.4,6.745650602103109,4990.49173227262,0.28666225497702547,positive_alpha_scaling_without_clipping,1.0,0,
coarse_grid,1.4,7.1,4998.295484437796,0.285125424202225,positive_alpha_scaling_without_clipping,1.0,0,
coarse_grid,1.4,7.6,4963.447026412185,0.2919740295897441,positive_alpha_scaling_without_clipping,1.0,0,
coarse_grid,1.4,7.727243747831959,4992.066588980559,0.28625659866271075,positive_alpha_scaling_without_clipping,1.0,0,
coarse_grid,1.4,8.1,4992.869287293661,0.2861877694079359,positive_alpha_scaling_without_clipping,1.0,0,
coarse_grid,1.4,8.6,4991.72535257866,0.2864125815774259,positive_alpha_scaling_without_clipping,1.0,0,
coarse_grid,1.4,8.851673390820459,4972.814363353289,0.29012907034134805,positive_alpha_scaling_without_clipping,1.0,0,
coarse_grid,1.4,9.1,4978.208409822692,0.2890680115473,positive_alpha_scaling_without_clipping,1.0,0,
coarse_grid,1.4,9.6,4989.550661993813,0.2868389714770437,positive_alpha_scaling_without_clipping,1.0,0,
coarse_grid,1.4,10.1,4980.605327679161,0.28859695642821304,positive_alpha_scaling_without_clipping,1.0,0,
coarse_grid,1.4,10.13972437969778,4962.914052567071,0.29207374044992496,positive_alpha_scaling_without_clipping,1.0,0,
coarse_grid,1.4,10.6,4961.633039843773,0.2923254919228829,positive_alpha_scaling_without_clipping,1.0,0,
coarse_grid,1.4,11.1,4956.910742845257,0.29325857500113384,positive_alpha_scaling_without_clipping,1.0,0,
coarse_grid,1.4,11.6,4987.526791944423,0.28723671324552336,positive_alpha_scaling_without_clipping,1.0,0,
coarse_grid,1.4,11.615206069720077,4960.591883487299,0.29252846841065083,positive_alpha_scaling_without_clipping,1.0,0,
coarse_grid,1.4,12.1,4972.57714314073,0.2892347936206445,positive_alpha_scaling_without_clipping,1.0,0,
coarse_grid,1.4,12.6,4956.856068085596,0.29231025253598886,positive_alpha_scaling_without_clipping,1.0,0,
coarse_grid,1.4,13.1,4975.266401126741,0.2896512228449599,positive_alpha_scaling_without_clipping,1.0,0,
coarse_grid,1.4,13.305392433761932,4991.101252822822,0.2855943364941189,positive_alpha_scaling_without_clipping,1.0,0,
coarse_grid,1.4,13.6,4971.126852685629,0.29045807990864014,positive_alpha_scaling_without_clipping,1.0,0,
coarse_grid,1.4,14.1,4973.183799321265,0.289100251143941,positive_alpha_scaling_without_clipping,1.0,0,
coarse_grid,1.4,14.6,4965.390632751994,0.2906471250853422,positive_alpha_scaling_without_clipping,1.0,0,
coarse_grid,1.4,15.1,4979.641569364164,0.28878472223884144,positive_alpha_scaling_without_clipping,1.0,0,
coarse_grid,1.4,15.241526216045477,4969.99354045137,0.28948565926006115,positive_alpha_scaling_without_clipping,1.0,0,
coarse_grid,1.4,15.6,4957.129510296847,0.2920137672801268,positive_alpha_scaling_without_clipping,1.0,0,
coarse_grid,1.4,16.1,4971.166345351539,0.28947432619451074,positive_alpha_scaling_without_clipping,1.0,0,
coarse_grid,1.4,16.6,4971.0279199798115,0.28952331986430124,positive_alpha_scaling_without_clipping,1.0,0,
coarse_grid,1.4,17.1,4991.020932784862,0.28548662764938665,positive_alpha_scaling_without_clipping,1.0,0,
coarse_grid,1.4,17.459396447784496,4988.888044306705,0.2860399784906593,positive_alpha_scaling_without_clipping,1.0,0,
coarse_grid,1.4,17.6,4969.350764282191,0.28961481627902885,positive_alpha_scaling_without_clipping,1.0,0,
coarse_grid,1.4,18.1,4975.241686738327,0.28880680231820366,positive_alpha_scaling_without_clipping,1.0,0,
coarse_grid,1.4,18.6,4975.001333964079,0.288827411932133,positive_alpha_scaling_without_clipping,1.0,0,
coarse_grid,1.4,19.1,4968.985890836921,0.28969841845593847,positive_alpha_scaling_without_clipping,1.0,0,
coarse_grid,1.4,19.6,4965.06368772637,0.2905759890068552,positive_alpha_scaling_without_clipping,1.0,0,
coarse_grid,1.4,20.000000000000004,4964.728566478476,0.29064184882716937,positive_alpha_scaling_without_clipping,1.0,0,
coarse_grid,1.5999999999999999,0.1,30434.633278727662,-3.758520267946965,evaluated,,13868,
coarse_grid,1.5999999999999999,0.11455149701087121,30429.133583777322,-3.757721402943835,evaluated,,13866,
coarse_grid,1.5999999999999999,0.13122045467431637,30039.890726334932,-3.723907664925001,evaluated,,13843,
coarse_grid,1.5999999999999999,0.1503149952139011,28569.615251542535,-3.5692167193044235,evaluated,,13685,
coarse_grid,1.5999999999999999,0.17218807724934312,21609.038338295533,-2.571308289517223,evaluated,,12829,
coarse_grid,1.5999999999999999,0.1972440201633579,17005.95236709131,-1.7078800024734075,evaluated,,11770,
coarse_grid,1.5999999999999999,0.22594597786155107,13291.8630209927,-1.058754588314821,evaluated,,9533,
coarse_grid,1.5999999999999999,0.2588245000762584,10817.97837026071,-0.6840612114110248,evaluated,,5567,
coarse_grid,1.5999999999999999,0.29648733946825756,5518.036448579118,0.2068164986230976,evaluated,,2225,
coarse_grid,1.5999999999999999,0.3396306858085926,5425.3865680472445,0.21910393160745184,evaluated,,773,
coarse_grid,1.5999999999999999,0.3890520349020314,4982.267750960517,0.28819792890953055,evaluated,,100,
coarse_grid,1.5999999999999999,0.445664930131534,4952.787549646577,0.2930943656605036,evaluated,,36,
coarse_grid,1.5999999999999999,0.5105158491181254,4963.73829241243,0.29194674470032167,positive_alpha_scaling_without_clipping,1.0,0,
coarse_grid,1.5999999999999999,0.5848035476425733,4959.77054984303,0.29271288086449443,positive_alpha_scaling_without_clipping,1.0,0,
coarse_grid,1.5999999999999999,0.6,4961.918600756124,0.29215639849026587,positive_alpha_scaling_without_clipping,1.0,0,
coarse_grid,1.5999999999999999,0.669901218397251,4961.858076530998,0.2921615882823002,positive_alpha_scaling_without_clipping,1.0,0,
coarse_grid,1.5999999999999999,0.7673818741681168,4962.406153073764,0.2920291980477475,positive_alpha_scaling_without_clipping,1.0,0,
coarse_grid,1.5999999999999999,0.8790474246496578,4962.119326501117,0.2920855667401378,positive_alpha_scaling_without_clipping,1.0,0,
coarse_grid,1.5999999999999999,1.0069619843716933,4963.655978166684,0.2919538029289236,positive_alpha_scaling_without_clipping,1.0,0,
coarse_grid,1.5999999999999999,1.1,4962.667454122779,0.29203856624804164,positive_alpha_scaling_without_clipping,1.0,0,
coarse_grid,1.5999999999999999,1.1534900274281497,4962.183422543467,0.29213369072325884,positive_alpha_scaling_without_clipping,1.0,0,
coarse_grid,1.5999999999999999,1.3213400942900544,4963.532976932673,0.29196434995902826,positive_alpha_scaling_without_clipping,1.0,0,
coarse_grid,1.5999999999999999,1.5136148586141145,4964.165112470896,0.2919101460105428,positive_alpha_scaling_without_clipping,1.0,0,
coarse_grid,1.5999999999999999,1.6,4964.364198261672,0.29177509704673926,positive_alpha_scaling_without_clipping,1.0,0,
coarse_grid,1.5999999999999999,1.733868479521449,4962.029939474792,0.29214685148996894,positive_alpha_scaling_without_clipping,1.0,0,
coarse_grid,1.5999999999999999,1.9861722994914508,4963.317381499921,0.2919849322254471,positive_alpha_scaling_without_clipping,1.0,0,
coarse_grid,1.5999999999999999,2.1,4963.6424012755015,0.29195706264035504,positive_alpha_scaling_without_clipping,1.0,0,
coarse_grid,1.5999999999999999,2.2751901022827012,4961.128917952801,0.29226586735454635,positive_alpha_scaling_without_clipping,1.0,0,
coarse_grid,1.5999999999999999,2.6,4964.3038157952105,0.2916419194469414,positive_alpha_scaling_without_clipping,1.0,0,
coarse_grid,1.5999999999999999,2.6062643220080064,4962.103389919966,0.2922457103179853,positive_alpha_scaling_without_clipping,1.0,0,
coarse_grid,1.5999999999999999,2.9855147969204046,4962.962717623528,0.29207874506787224,positive_alpha_scaling_without_clipping,1.0,0,
coarse_grid,1.5999999999999999,3.1,4964.163477652253,0.2919123817208771,positive_alpha_scaling_without_clipping,1.0,0,
coarse_grid,1.5999999999999999,3.419951893353395,4963.271492111169,0.29198703382528723,positive_alpha_scaling_without_clipping,1.0,0,
coarse_grid,1.5999999999999999,3.6,4963.690235067163,0.2919966911383871,positive_alpha_scaling_without_clipping,1.0,0,
coarse_grid,1.5999999999999999,3.9176060908879475,4964.539825053629,0.2918300449539264,positive_alpha_scaling_without_clipping,1.0,0,
coarse_grid,1.5999999999999999,4.1,4964.142436597664,0.29184975370931043,positive_alpha_scaling_without_clipping,1.0,0,
coarse_grid,1.5999999999999999,4.487676424101213,4960.130182587507,0.29255922048798444,positive_alpha_scaling_without_clipping,1.0,0,
coarse_grid,1.5999999999999999,4.6,4973.493255912831,0.2899190444965135,positive_alpha_scaling_without_clipping,1.0,0,
coarse_grid,1.5999999999999999,5.1,4983.822643653544,0.287969704293324,positive_alpha_scaling_without_clipping,1.0,0,
coarse_grid,1.5999999999999999,5.140700524811874,4969.545531986397,0.2906948723202625,positive_alpha_scaling_without_clipping,1.0,0,
coarse_grid,1.5999999999999999,5.6,4969.824200064134,0.29065279162118307,positive_alpha_scaling_without_clipping,1.0,0,
coarse_grid,1.5999999999999999,5.8887494080177145,4981.95625809399,0.28824673062651823,positive_alpha_scaling_without_clipping,1.0,0,
coarse_grid,1.5999999999999999,6.1,4964.333200415361,0.29181318475833773,positive_alpha_scaling_without_clipping,1.0,0,
coarse_grid,1.5999999999999999,6.6,4965.157582379451,0.2915590982546231,positive_alpha_scaling_without_clipping,1.0,0,
coarse_grid,1.5999999999999999,6.745650602103109,4990.49173227262,0.28666225497702547,positive_alpha_scaling_without_clipping,1.0,0,
coarse_grid,1.5999999999999999,7.1,4998.295484437796,0.285125424202225,positive_alpha_scaling_without_clipping,1.0,0,
coarse_grid,1.5999999999999999,7.6,4963.447026412185,0.2919740295897441,positive_alpha_scaling_without_clipping,1.0,0,
coarse_grid,1.5999999999999999,7.727243747831959,4992.066588980559,0.28625659866271075,positive_alpha_scaling_without_clipping,1.0,0,
coarse_grid,1.5999999999999999,8.1,4992.869287293661,0.2861877694079359,positive_alpha_scaling_without_clipping,1.0,0,
coarse_grid,1.5999999999999999,8.6,4991.72535257866,0.2864125815774259,positive_alpha_scaling_without_clipping,1.0,0,
coarse_grid,1.5999999999999999,8.851673390820459,4972.814363353289,0.29012907034134805,positive_alpha_scaling_without_clipping,1.0,0,
coarse_grid,1.5999999999999999,9.1,4978.208409822692,0.2890680115473,positive_alpha_scaling_without_clipping,1.0,0,
coarse_grid,1.5999999999999999,9.6,4989.550661993813,0.2868389714770437,positive_alpha_scaling_without_clipping,1.0,0,
coarse_grid,1.5999999999999999,10.1,4980.605327679161,0.28859695642821304,positive_alpha_scaling_without_clipping,1.0,0,
coarse_grid,1.5999999999999999,10.13972437969778,4962.914052567071,0.29207374044992496,positive_alpha_scaling_without_clipping,1.0,0,
coarse_grid,1.5999999999999999,10.6,4961.633039843773,0.2923254919228829,positive_alpha_scaling_without_clipping,1.0,0,
coarse_grid,1.5999999999999999,11.1,4956.910742845257,0.29325857500113384,positive_alpha_scaling_without_clipping,1.0,0,
coarse_grid,1.5999999999999999,11.6,4987.526791944423,0.28723671324552336,positive_alpha_scaling_without_clipping,1.0,0,
coarse_grid,1.5999999999999999,11.615206069720077,4960.591883487299,0.29252846841065083,positive_alpha_scaling_without_clipping,1.0,0,
coarse_grid,1.5999999999999999,12.1,4972.57714314073,0.2892347936206445,positive_alpha_scaling_without_clipping,1.0,0,
coarse_grid,1.5999999999999999,12.6,4956.856068085596,0.29231025253598886,positive_alpha_scaling_without_clipping,1.0,0,
coarse_grid,1.5999999999999999,13.1,4975.266401126741,0.2896512228449599,positive_alpha_scaling_without_clipping,1.0,0,
coarse_grid,1.5999999999999999,13.305392433761932,4991.101252822822,0.2855943364941189,positive_alpha_scaling_without_clipping,1.0,0,
coarse_grid,1.5999999999999999,13.6,4971.126852685629,0.29045807990864014,positive_alpha_scaling_without_clipping,1.0,0,
coarse_grid,1.5999999999999999,14.1,4973.183799321265,0.289100251143941,positive_alpha_scaling_without_clipping,1.0,0,
coarse_grid,1.5999999999999999,14.6,4965.390632751994,0.2906471250853422,positive_alpha_scaling_without_clipping,1.0,0,
coarse_grid,1.5999999999999999,15.1,4979.641569364164,0.28878472223884144,positive_alpha_scaling_without_clipping,1.0,0,
coarse_grid,1.5999999999999999,15.241526216045477,4969.99354045137,0.28948565926006115,positive_alpha_scaling_without_clipping,1.0,0,
coarse_grid,1.5999999999999999,15.6,4957.129510296847,0.2920137672801268,positive_alpha_scaling_without_clipping,1.0,0,
coarse_grid,1.5999999999999999,16.1,4971.166345351539,0.28947432619451074,positive_alpha_scaling_without_clipping,1.0,0,
coarse_grid,1.5999999999999999,16.6,4971.0279199798115,0.28952331986430124,positive_alpha_scaling_without_clipping,1.0,0,
coarse_grid,1.5999999999999999,17.1,4991.020932784862,0.28548662764938665,positive_alpha_scaling_without_clipping,1.0,0,
coarse_grid,1.5999999999999999,17.459396447784496,4988.888044306705,0.2860399784906593,positive_alpha_scaling_without_clipping,1.0,0,
coarse_grid,1.5999999999999999,17.6,4969.350764282191,0.28961481627902885,positive_alpha_scaling_without_clipping,1.0,0,
coarse_grid,1.5999999999999999,18.1,4975.241686738327,0.28880680231820366,positive_alpha_scaling_without_clipping,1.0,0,
coarse_grid,1.5999999999999999,18.6,4975.001333964079,0.288827411932133,positive_alpha_scaling_without_clipping,1.0,0,
coarse_grid,1.5999999999999999,19.1,4968.985890836921,0.28969841845593847,positive_alpha_scaling_without_clipping,1.0,0,
coarse_grid,1.5999999999999999,19.6,4965.06368772637,0.2905759890068552,positive_alpha_scaling_without_clipping,1.0,0,
coarse_grid,1.5999999999999999,20.000000000000004,4964.728566478476,0.29064184882716937,positive_alpha_scaling_without_clipping,1.0,0,
coarse_grid,1.7999999999999998,0.1,30432.478811377652,-3.7580968604983576,evaluated,,13870,
coarse_grid,1.7999999999999998,0.11455149701087121,30434.633278727662,-3.758520267946965,evaluated,,13868,
coarse_grid,1.7999999999999998,0.13122045467431637,30423.372115193793,-3.757119718767626,evaluated,,13865,
coarse_grid,1.7999999999999998,0.1503149952139011,29979.85559347835,-3.7153176174343105,evaluated,,13837,
coarse_grid,1.7999999999999998,0.17218807724934312,28130.73184716486,-3.5245971644708987,evaluated,,13593,
coarse_grid,1.7999999999999998,0.1972440201633579,20672.943942402286,-2.393749613468681,evaluated,,12717,
coarse_grid,1.7999999999999998,0.22594597786155107,16618.91256945968,-1.6390390331842233,evaluated,,11586,
coarse_grid,1.7999999999999998,0.2588245000762584,12977.662282719917,-1.0120248018291662,evaluated,,8997,
coarse_grid,1.7999999999999998,0.29648733946825756,9242.815781558975,-0.4061034851763005,evaluated,,4402,
coarse_grid,1.7999999999999998,0.3396306858085926,5482.373210184791,0.21284396464043298,evaluated,,2110,
coarse_grid,1.7999999999999998,0.3890520349020314,5454.551501561177,0.21344158476917108,evaluated,,655,
coarse_grid,1.7999999999999998,0.445664930131534,4964.428792067452,0.29186703462114527,evaluated,,64,
coarse_grid,1.7999999999999998,0.5105158491181254,4956.2732837949015,0.2924688715372366,evaluated,,21,
coarse_grid,1.7999999999999998,0.5848035476425733,4959.77054984303,0.29271288086449443,positive_alpha_scaling_without_clipping,1.0,0,
coarse_grid,1.7999999999999998,0.6,4961.918600756124,0.29215639849026587,positive_alpha_scaling_without_clipping,1.0,0,
coarse_grid,1.7999999999999998,0.669901218397251,4961.858076530998,0.2921615882823002,positive_alpha_scaling_without_clipping,1.0,0,
coarse_grid,1.7999999999999998,0.7673818741681168,4962.406153073764,0.2920291980477475,positive_alpha_scaling_without_clipping,1.0,0,
coarse_grid,1.7999999999999998,0.8790474246496578,4962.119326501117,0.2920855667401378,positive_alpha_scaling_without_clipping,1.0,0,
coarse_grid,1.7999999999999998,1.0069619843716933,4963.655978166684,0.2919538029289236,positive_alpha_scaling_without_clipping,1.0,0,
coarse_grid,1.7999999999999998,1.1,4962.667454122779,0.29203856624804164,positive_alpha_scaling_without_clipping,1.0,0,
coarse_grid,1.7999999999999998,1.1534900274281497,4962.183422543467,0.29213369072325884,positive_alpha_scaling_without_clipping,1.0,0,
coarse_grid,1.7999999999999998,1.3213400942900544,4963.532976932673,0.29196434995902826,positive_alpha_scaling_without_clipping,1.0,0,
coarse_grid,1.7999999999999998,1.5136148586141145,4964.165112470896,0.2919101460105428,positive_alpha_scaling_without_clipping,1.0,0,
coarse_grid,1.7999999999999998,1.6,4964.364198261672,0.29177509704673926,positive_alpha_scaling_without_clipping,1.0,0,
coarse_grid,1.7999999999999998,1.733868479521449,4962.029939474792,0.29214685148996894,positive_alpha_scaling_without_clipping,1.0,0,
coarse_grid,1.7999999999999998,1.9861722994914508,4963.317381499921,0.2919849322254471,positive_alpha_scaling_without_clipping,1.0,0,
coarse_grid,1.7999999999999998,2.1,4963.6424012755015,0.29195706264035504,positive_alpha_scaling_without_clipping,1.0,0,
coarse_grid,1.7999999999999998,2.2751901022827012,4961.128917952801,0.29226586735454635,positive_alpha_scaling_without_clipping,1.0,0,
coarse_grid,1.7999999999999998,2.6,4964.3038157952105,0.2916419194469414,positive_alpha_scaling_without_clipping,1.0,0,
coarse_grid,1.7999999999999998,2.6062643220080064,4962.103389919966,0.2922457103179853,positive_alpha_scaling_without_clipping,1.0,0,
coarse_grid,1.7999999999999998,2.9855147969204046,4962.962717623528,0.29207874506787224,positive_alpha_scaling_without_clipping,1.0,0,
coarse_grid,1.7999999999999998,3.1,4964.163477652253,0.2919123817208771,positive_alpha_scaling_without_clipping,1.0,0,
coarse_grid,1.7999999999999998,3.419951893353395,4963.271492111169,0.29198703382528723,positive_alpha_scaling_without_clipping,1.0,0,
coarse_grid,1.7999999999999998,3.6,4963.690235067163,0.2919966911383871,positive_alpha_scaling_without_clipping,1.0,0,
coarse_grid,1.7999999999999998,3.9176060908879475,4964.539825053629,0.2918300449539264,positive_alpha_scaling_without_clipping,1.0,0,
coarse_grid,1.7999999999999998,4.1,4964.142436597664,0.29184975370931043,positive_alpha_scaling_without_clipping,1.0,0,
coarse_grid,1.7999999999999998,4.487676424101213,4960.130182587507,0.29255922048798444,positive_alpha_scaling_without_clipping,1.0,0,
coarse_grid,1.7999999999999998,4.6,4973.493255912831,0.2899190444965135,positive_alpha_scaling_without_clipping,1.0,0,
coarse_grid,1.7999999999999998,5.1,4983.822643653544,0.287969704293324,positive_alpha_scaling_without_clipping,1.0,0,
coarse_grid,1.7999999999999998,5.140700524811874,4969.545531986397,0.2906948723202625,positive_alpha_scaling_without_clipping,1.0,0,
coarse_grid,1.7999999999999998,5.6,4969.824200064134,0.29065279162118307,positive_alpha_scaling_without_clipping,1.0,0,
coarse_grid,1.7999999999999998,5.8887494080177145,4981.95625809399,0.28824673062651823,positive_alpha_scaling_without_clipping,1.0,0,
coarse_grid,1.7999999999999998,6.1,4964.333200415361,0.29181318475833773,positive_alpha_scaling_without_clipping,1.0,0,
coarse_grid,1.7999999999999998,6.6,4965.157582379451,0.2915590982546231,positive_alpha_scaling_without_clipping,1.0,0,
coarse_grid,1.7999999999999998,6.745650602103109,4990.49173227262,0.28666225497702547,positive_alpha_scaling_without_clipping,1.0,0,
coarse_grid,1.7999999999999998,7.1,4998.295484437796,0.285125424202225,positive_alpha_scaling_without_clipping,1.0,0,
coarse_grid,1.7999999999999998,7.6,4963.447026412185,0.2919740295897441,positive_alpha_scaling_without_clipping,1.0,0,
coarse_grid,1.7999999999999998,7.727243747831959,4992.066588980559,0.28625659866271075,positive_alpha_scaling_without_clipping,1.0,0,
coarse_grid,1.7999999999999998,8.1,4992.869287293661,0.2861877694079359,positive_alpha_scaling_without_clipping,1.0,0,
coarse_grid,1.7999999999999998,8.6,4991.72535257866,0.2864125815774259,positive_alpha_scaling_without_clipping,1.0,0,
coarse_grid,1.7999999999999998,8.851673390820459,4972.814363353289,0.29012907034134805,positive_alpha_scaling_without_clipping,1.0,0,
coarse_grid,1.7999999999999998,9.1,4978.208409822692,0.2890680115473,positive_alpha_scaling_without_clipping,1.0,0,
coarse_grid,1.7999999999999998,9.6,4989.550661993813,0.2868389714770437,positive_alpha_scaling_without_clipping,1.0,0,
coarse_grid,1.7999999999999998,10.1,4980.605327679161,0.28859695642821304,positive_alpha_scaling_without_clipping,1.0,0,
coarse_grid,1.7999999999999998,10.13972437969778,4962.914052567071,0.29207374044992496,positive_alpha_scaling_without_clipping,1.0,0,
coarse_grid,1.7999999999999998,10.6,4961.633039843773,0.2923254919228829,positive_alpha_scaling_without_clipping,1.0,0,
coarse_grid,1.7999999999999998,11.1,4956.910742845257,0.29325857500113384,positive_alpha_scaling_without_clipping,1.0,0,
coarse_grid,1.7999999999999998,11.6,4987.526791944423,0.28723671324552336,positive_alpha_scaling_without_clipping,1.0,0,
coarse_grid,1.7999999999999998,11.615206069720077,4960.591883487299,0.29252846841065083,positive_alpha_scaling_without_clipping,1.0,0,
coarse_grid,1.7999999999999998,12.1,4972.57714314073,0.2892347936206445,positive_alpha_scaling_without_clipping,1.0,0,
coarse_grid,1.7999999999999998,12.6,4956.856068085596,0.29231025253598886,positive_alpha_scaling_without_clipping,1.0,0,
coarse_grid,1.7999999999999998,13.1,4975.266401126741,0.2896512228449599,positive_alpha_scaling_without_clipping,1.0,0,
coarse_grid,1.7999999999999998,13.305392433761932,4991.101252822822,0.2855943364941189,positive_alpha_scaling_without_clipping,1.0,0,
coarse_grid,1.7999999999999998,13.6,4971.126852685629,0.29045807990864014,positive_alpha_scaling_without_clipping,1.0,0,
coarse_grid,1.7999999999999998,14.1,4973.183799321265,0.289100251143941,positive_alpha_scaling_without_clipping,1.0,0,
coarse_grid,1.7999999999999998,14.6,4965.390632751994,0.2906471250853422,positive_alpha_scaling_without_clipping,1.0,0,
coarse_grid,1.7999999999999998,15.1,4979.641569364164,0.28878472223884144,positive_alpha_scaling_without_clipping,1.0,0,
coarse_grid,1.7999999999999998,15.241526216045477,4969.99354045137,0.28948565926006115,positive_alpha_scaling_without_clipping,1.0,0,
coarse_grid,1.7999999999999998,15.6,4957.129510296847,0.2920137672801268,positive_alpha_scaling_without_clipping,1.0,0,
coarse_grid,1.7999999999999998,16.1,4971.166345351539,0.28947432619451074,positive_alpha_scaling_without_clipping,1.0,0,
coarse_grid,1.7999999999999998,16.6,4971.0279199798115,0.28952331986430124,positive_alpha_scaling_without_clipping,1.0,0,
coarse_grid,1.7999999999999998,17.1,4991.020932784862,0.28548662764938665,positive_alpha_scaling_without_clipping,1.0,0,
coarse_grid,1.7999999999999998,17.459396447784496,4988.888044306705,0.2860399784906593,positive_alpha_scaling_without_clipping,1.0,0,
coarse_grid,1.7999999999999998,17.6,4969.350764282191,0.28961481627902885,positive_alpha_scaling_without_clipping,1.0,0,
coarse_grid,1.7999999999999998,18.1,4975.241686738327,0.28880680231820366,positive_alpha_scaling_without_clipping,1.0,0,
coarse_grid,1.7999999999999998,18.6,4975.001333964079,0.288827411932133,positive_alpha_scaling_without_clipping,1.0,0,
coarse_grid,1.7999999999999998,19.1,4968.985890836921,0.28969841845593847,positive_alpha_scaling_without_clipping,1.0,0,
coarse_grid,1.7999999999999998,19.6,4965.06368772637,0.2905759890068552,positive_alpha_scaling_without_clipping,1.0,0,
coarse_grid,1.7999999999999998,20.000000000000004,4964.728566478476,0.29064184882716937,positive_alpha_scaling_without_clipping,1.0,0,
coarse_grid,1.9999999999999998,0.1,30432.67232656299,-3.758134891137759,evaluated,,13870,
coarse_grid,1.9999999999999998,0.11455149701087121,30432.451271079808,-3.7580914481317023,evaluated,,13870,
coarse_grid,1.9999999999999998,0.13122045467431637,30434.633278727662,-3.758520267946965,evaluated,,13868,
coarse_grid,1.9999999999999998,0.1503149952139011,30415.427872216944,-3.756397635929909,evaluated,,13862,
coarse_grid,1.9999999999999998,0.17218807724934312,29427.38509762968,-3.665620726760976,evaluated,,13780,
coarse_grid,1.9999999999999998,0.1972440201633579,24664.763380299635,-3.0999052080960623,evaluated,,13333,
coarse_grid,1.9999999999999998,0.22594597786155107,20512.17075064332,-2.3631826071135413,evaluated,,12704,
coarse_grid,1.9999999999999998,0.2588245000762584,15220.881113020017,-1.3791919768659069,evaluated,,11082,
coarse_grid,1.9999999999999998,0.29648733946825756,11964.73932051475,-0.8509117674359499,evaluated,,7897,
coarse_grid,1.9999999999999998,0.3396306858085926,8114.37504177289,-0.21911781317066836,evaluated,,3736,
coarse_grid,1.9999999999999998,0.3890520349020314,5314.605123711273,0.2409445955652978,evaluated,,1688,
coarse_grid,1.9999999999999998,0.445664930131534,5326.2776449960875,0.2381645318224237,evaluated,,453,
coarse_grid,1.9999999999999998,0.5105158491181254,4963.73829241243,0.29194674470032167,evaluated,,53,
coarse_grid,1.9999999999999998,0.5848035476425733,4959.77054984303,0.29271288086449443,evaluated,,2,
coarse_grid,1.9999999999999998,0.6,4961.918600756124,0.29215639849026587,positive_alpha_scaling_without_clipping,1.0,0,
coarse_grid,1.9999999999999998,0.669901218397251,4961.858076530998,0.2921615882823002,positive_alpha_scaling_without_clipping,1.0,0,
coarse_grid,1.9999999999999998,0.7673818741681168,4962.406153073764,0.2920291980477475,positive_alpha_scaling_without_clipping,1.0,0,
coarse_grid,1.9999999999999998,0.8790474246496578,4962.119326501117,0.2920855667401378,positive_alpha_scaling_without_clipping,1.0,0,
coarse_grid,1.9999999999999998,1.0069619843716933,4963.655978166684,0.2919538029289236,positive_alpha_scaling_without_clipping,1.0,0,
coarse_grid,1.9999999999999998,1.1,4962.667454122779,0.29203856624804164,positive_alpha_scaling_without_clipping,1.0,0,
coarse_grid,1.9999999999999998,1.1534900274281497,4962.183422543467,0.29213369072325884,positive_alpha_scaling_without_clipping,1.0,0,
coarse_grid,1.9999999999999998,1.3213400942900544,4963.532976932673,0.29196434995902826,positive_alpha_scaling_without_clipping,1.0,0,
coarse_grid,1.9999999999999998,1.5136148586141145,4964.165112470896,0.2919101460105428,positive_alpha_scaling_without_clipping,1.0,0,
coarse_grid,1.9999999999999998,1.6,4964.364198261672,0.29177509704673926,positive_alpha_scaling_without_clipping,1.0,0,
coarse_grid,1.9999999999999998,1.733868479521449,4962.029939474792,0.29214685148996894,positive_alpha_scaling_without_clipping,1.0,0,
coarse_grid,1.9999999999999998,1.9861722994914508,4963.317381499921,0.2919849322254471,positive_alpha_scaling_without_clipping,1.0,0,
coarse_grid,1.9999999999999998,2.1,4963.6424012755015,0.29195706264035504,positive_alpha_scaling_without_clipping,1.0,0,
coarse_grid,1.9999999999999998,2.2751901022827012,4961.128917952801,0.29226586735454635,positive_alpha_scaling_without_clipping,1.0,0,
coarse_grid,1.9999999999999998,2.6,4964.3038157952105,0.2916419194469414,positive_alpha_scaling_without_clipping,1.0,0,
coarse_grid,1.9999999999999998,2.6062643220080064,4962.103389919966,0.2922457103179853,positive_alpha_scaling_without_clipping,1.0,0,
coarse_grid,1.9999999999999998,2.9855147969204046,4962.962717623528,0.29207874506787224,positive_alpha_scaling_without_clipping,1.0,0,
coarse_grid,1.9999999999999998,3.1,4964.163477652253,0.2919123817208771,positive_alpha_scaling_without_clipping,1.0,0,
coarse_grid,1.9999999999999998,3.419951893353395,4963.271492111169,0.29198703382528723,positive_alpha_scaling_without_clipping,1.0,0,
coarse_grid,1.9999999999999998,3.6,4963.690235067163,0.2919966911383871,positive_alpha_scaling_without_clipping,1.0,0,
coarse_grid,1.9999999999999998,3.9176060908879475,4964.539825053629,0.2918300449539264,positive_alpha_scaling_without_clipping,1.0,0,
coarse_grid,1.9999999999999998,4.1,4964.142436597664,0.29184975370931043,positive_alpha_scaling_without_clipping,1.0,0,
coarse_grid,1.9999999999999998,4.487676424101213,4960.130182587507,0.29255922048798444,positive_alpha_scaling_without_clipping,1.0,0,
coarse_grid,1.9999999999999998,4.6,4973.493255912831,0.2899190444965135,positive_alpha_scaling_without_clipping,1.0,0,
coarse_grid,1.9999999999999998,5.1,4983.822643653544,0.287969704293324,positive_alpha_scaling_without_clipping,1.0,0,
coarse_grid,1.9999999999999998,5.140700524811874,4969.545531986397,0.2906948723202625,positive_alpha_scaling_without_clipping,1.0,0,
coarse_grid,1.9999999999999998,5.6,4969.824200064134,0.29065279162118307,positive_alpha_scaling_without_clipping,1.0,0,
coarse_grid,1.9999999999999998,5.8887494080177145,4981.95625809399,0.28824673062651823,positive_alpha_scaling_without_clipping,1.0,0,
coarse_grid,1.9999999999999998,6.1,4964.333200415361,0.29181318475833773,positive_alpha_scaling_without_clipping,1.0,0,
coarse_grid,1.9999999999999998,6.6,4965.157582379451,0.2915590982546231,positive_alpha_scaling_without_clipping,1.0,0,
coarse_grid,1.9999999999999998,6.745650602103109,4990.49173227262,0.28666225497702547,positive_alpha_scaling_without_clipping,1.0,0,
coarse_grid,1.9999999999999998,7.1,4998.295484437796,0.285125424202225,positive_alpha_scaling_without_clipping,1.0,0,
coarse_grid,1.9999999999999998,7.6,4963.447026412185,0.2919740295897441,positive_alpha_scaling_without_clipping,1.0,0,
coarse_grid,1.9999999999999998,7.727243747831959,4992.066588980559,0.28625659866271075,positive_alpha_scaling_without_clipping,1.0,0,
coarse_grid,1.9999999999999998,8.1,4992.869287293661,0.2861877694079359,positive_alpha_scaling_without_clipping,1.0,0,
coarse_grid,1.9999999999999998,8.6,4991.72535257866,0.2864125815774259,positive_alpha_scaling_without_clipping,1.0,0,
coarse_grid,1.9999999999999998,8.851673390820459,4972.814363353289,0.29012907034134805,positive_alpha_scaling_without_clipping,1.0,0,
coarse_grid,1.9999999999999998,9.1,4978.208409822692,0.2890680115473,positive_alpha_scaling_without_clipping,1.0,0,
coarse_grid,1.9999999999999998,9.6,4989.550661993813,0.2868389714770437,positive_alpha_scaling_without_clipping,1.0,0,
coarse_grid,1.9999999999999998,10.1,4980.605327679161,0.28859695642821304,positive_alpha_scaling_without_clipping,1.0,0,
coarse_grid,1.9999999999999998,10.13972437969778,4962.914052567071,0.29207374044992496,positive_alpha_scaling_without_clipping,1.0,0,
coarse_grid,1.9999999999999998,10.6,4961.633039843773,0.2923254919228829,positive_alpha_scaling_without_clipping,1.0,0,
coarse_grid,1.9999999999999998,11.1,4956.910742845257,0.29325857500113384,positive_alpha_scaling_without_clipping,1.0,0,
coarse_grid,1.9999999999999998,11.6,4987.526791944423,0.28723671324552336,positive_alpha_scaling_without_clipping,1.0,0,
coarse_grid,1.9999999999999998,11.615206069720077,4960.591883487299,0.29252846841065083,positive_alpha_scaling_without_clipping,1.0,0,
coarse_grid,1.9999999999999998,12.1,4972.57714314073,0.2892347936206445,positive_alpha_scaling_without_clipping,1.0,0,
coarse_grid,1.9999999999999998,12.6,4956.856068085596,0.29231025253598886,positive_alpha_scaling_without_clipping,1.0,0,
coarse_grid,1.9999999999999998,13.1,4975.266401126741,0.2896512228449599,positive_alpha_scaling_without_clipping,1.0,0,
coarse_grid,1.9999999999999998,13.305392433761932,4991.101252822822,0.2855943364941189,positive_alpha_scaling_without_clipping,1.0,0,
coarse_grid,1.9999999999999998,13.6,4971.126852685629,0.29045807990864014,positive_alpha_scaling_without_clipping,1.0,0,
coarse_grid,1.9999999999999998,14.1,4973.183799321265,0.289100251143941,positive_alpha_scaling_without_clipping,1.0,0,
coarse_grid,1.9999999999999998,14.6,4965.390632751994,0.2906471250853422,positive_alpha_scaling_without_clipping,1.0,0,
coarse_grid,1.9999999999999998,15.1,4979.641569364164,0.28878472223884144,positive_alpha_scaling_without_clipping,1.0,0,
coarse_grid,1.9999999999999998,15.241526216045477,4969.99354045137,0.28948565926006115,positive_alpha_scaling_without_clipping,1.0,0,
coarse_grid,1.9999999999999998,15.6,4957.129510296847,0.2920137672801268,positive_alpha_scaling_without_clipping,1.0,0,
coarse_grid,1.9999999999999998,16.1,4971.166345351539,0.28947432619451074,positive_alpha_scaling_without_clipping,1.0,0,
coarse_grid,1.9999999999999998,16.6,4971.0279199798115,0.28952331986430124,positive_alpha_scaling_without_clipping,1.0,0,
coarse_grid,1.9999999999999998,17.1,4991.020932784862,0.28548662764938665,positive_alpha_scaling_without_clipping,1.0,0,
coarse_grid,1.9999999999999998,17.459396447784496,4988.888044306705,0.2860399784906593,positive_alpha_scaling_without_clipping,1.0,0,
coarse_grid,1.9999999999999998,17.6,4969.350764282191,0.28961481627902885,positive_alpha_scaling_without_clipping,1.0,0,
coarse_grid,1.9999999999999998,18.1,4975.241686738327,0.28880680231820366,positive_alpha_scaling_without_clipping,1.0,0,
coarse_grid,1.9999999999999998,18.6,4975.001333964079,0.288827411932133,positive_alpha_scaling_without_clipping,1.0,0,
coarse_grid,1.9999999999999998,19.1,4968.985890836921,0.28969841845593847,positive_alpha_scaling_without_clipping,1.0,0,
coarse_grid,1.9999999999999998,19.6,4965.06368772637,0.2905759890068552,positive_alpha_scaling_without_clipping,1.0,0,
coarse_grid,1.9999999999999998,20.000000000000004,4964.728566478476,0.29064184882716937,positive_alpha_scaling_without_clipping,1.0,0,
coarse_grid,2.1999999999999997,0.1,30433.129431143607,-3.7582247237751503,evaluated,,13870,
coarse_grid,2.1999999999999997,0.11455149701087121,30432.574257585584,-3.758115618097714,evaluated,,13870,
coarse_grid,2.1999999999999997,0.13122045467431637,30432.42625804217,-3.7580865324357426,evaluated,,13870,
coarse_grid,2.1999999999999997,0.1503149952139011,30427.85783225757,-3.757612010629251,evaluated,,13866,
coarse_grid,2.1999999999999997,0.17218807724934312,30053.73725275266,-3.725206248312417,evaluated,,13846,
coarse_grid,2.1999999999999997,0.1972440201633579,28946.638401153315,-3.619210132754879,evaluated,,13736,
coarse_grid,2.1999999999999997,0.22594597786155107,23923.256855641077,-2.956395691762192,evaluated,,13307,
coarse_grid,2.1999999999999997,0.2588245000762584,17902.683052320423,-1.8696915969514123,evaluated,,12074,
coarse_grid,2.1999999999999997,0.29648733946825756,14366.49153358239,-1.2442123335361037,evaluated,,10292,
coarse_grid,2.1999999999999997,0.3396306858085926,11799.364652214008,-0.8393806579807729,evaluated,,6812,
coarse_grid,2.1999999999999997,0.3890520349020314,6145.254962162772,0.10439146668429045,evaluated,,2674,
coarse_grid,2.1999999999999997,0.445664930131534,5381.112433601276,0.22793912207032097,evaluated,,1317,
coarse_grid,2.1999999999999997,0.5105158491181254,4999.399251925028,0.28524464910278324,evaluated,,206,
coarse_grid,2.1999999999999997,0.5848035476425733,4959.920249520434,0.2926834610830962,evaluated,,53,
coarse_grid,2.1999999999999997,0.6,4962.048285826773,0.2921309120864519,evaluated,,50,
coarse_grid,2.1999999999999997,0.669901218397251,4961.858076530998,0.2921615882823002,positive_alpha_scaling_without_clipping,1.0,0,
coarse_grid,2.1999999999999997,0.7673818741681168,4962.406153073764,0.2920291980477475,positive_alpha_scaling_without_clipping,1.0,0,
coarse_grid,2.1999999999999997,0.8790474246496578,4962.119326501117,0.2920855667401378,positive_alpha_scaling_without_clipping,1.0,0,
coarse_grid,2.1999999999999997,1.0069619843716933,4963.655978166684,0.2919538029289236,positive_alpha_scaling_without_clipping,1.0,0,
coarse_grid,2.1999999999999997,1.1,4962.667454122779,0.29203856624804164,positive_alpha_scaling_without_clipping,1.0,0,
coarse_grid,2.1999999999999997,1.1534900274281497,4962.183422543467,0.29213369072325884,positive_alpha_scaling_without_clipping,1.0,0,
coarse_grid,2.1999999999999997,1.3213400942900544,4963.532976932673,0.29196434995902826,positive_alpha_scaling_without_clipping,1.0,0,
coarse_grid,2.1999999999999997,1.5136148586141145,4964.165112470896,0.2919101460105428,positive_alpha_scaling_without_clipping,1.0,0,
coarse_grid,2.1999999999999997,1.6,4964.364198261672,0.29177509704673926,positive_alpha_scaling_without_clipping,1.0,0,
coarse_grid,2.1999999999999997,1.733868479521449,4962.029939474792,0.29214685148996894,positive_alpha_scaling_without_clipping,1.0,0,
coarse_grid,2.1999999999999997,1.9861722994914508,4963.317381499921,0.2919849322254471,positive_alpha_scaling_without_clipping,1.0,0,
coarse_grid,2.1999999999999997,2.1,4963.6424012755015,0.29195706264035504,positive_alpha_scaling_without_clipping,1.0,0,
coarse_grid,2.1999999999999997,2.2751901022827012,4961.128917952801,0.29226586735454635,positive_alpha_scaling_without_clipping,1.0,0,
coarse_grid,2.1999999999999997,2.6,4964.3038157952105,0.2916419194469414,positive_alpha_scaling_without_clipping,1.0,0,
coarse_grid,2.1999999999999997,2.6062643220080064,4962.103389919966,0.2922457103179853,positive_alpha_scaling_without_clipping,1.0,0,
coarse_grid,2.1999999999999997,2.9855147969204046,4962.962717623528,0.29207874506787224,positive_alpha_scaling_without_clipping,1.0,0,
coarse_grid,2.1999999999999997,3.1,4964.163477652253,0.2919123817208771,positive_alpha_scaling_without_clipping,1.0,0,
coarse_grid,2.1999999999999997,3.419951893353395,4963.271492111169,0.29198703382528723,positive_alpha_scaling_without_clipping,1.0,0,
coarse_grid,2.1999999999999997,3.6,4963.690235067163,0.2919966911383871,positive_alpha_scaling_without_clipping,1.0,0,
coarse_grid,2.1999999999999997,3.9176060908879475,4964.539825053629,0.2918300449539264,positive_alpha_scaling_without_clipping,1.0,0,
coarse_grid,2.1999999999999997,4.1,4964.142436597664,0.29184975370931043,positive_alpha_scaling_without_clipping,1.0,0,
coarse_grid,2.1999999999999997,4.487676424101213,4960.130182587507,0.29255922048798444,positive_alpha_scaling_without_clipping,1.0,0,
coarse_grid,2.1999999999999997,4.6,4973.493255912831,0.2899190444965135,positive_alpha_scaling_without_clipping,1.0,0,
coarse_grid,2.1999999999999997,5.1,4983.822643653544,0.287969704293324,positive_alpha_scaling_without_clipping,1.0,0,
coarse_grid,2.1999999999999997,5.140700524811874,4969.545531986397,0.2906948723202625,positive_alpha_scaling_without_clipping,1.0,0,
coarse_grid,2.1999999999999997,5.6,4969.824200064134,0.29065279162118307,positive_alpha_scaling_without_clipping,1.0,0,
coarse_grid,2.1999999999999997,5.8887494080177145,4981.95625809399,0.28824673062651823,positive_alpha_scaling_without_clipping,1.0,0,
coarse_grid,2.1999999999999997,6.1,4964.333200415361,0.29181318475833773,positive_alpha_scaling_without_clipping,1.0,0,
coarse_grid,2.1999999999999997,6.6,4965.157582379451,0.2915590982546231,positive_alpha_scaling_without_clipping,1.0,0,
coarse_grid,2.1999999999999997,6.745650602103109,4990.49173227262,0.28666225497702547,positive_alpha_scaling_without_clipping,1.0,0,
coarse_grid,2.1999999999999997,7.1,4998.295484437796,0.285125424202225,positive_alpha_scaling_without_clipping,1.0,0,
coarse_grid,2.1999999999999997,7.6,4963.447026412185,0.2919740295897441,positive_alpha_scaling_without_clipping,1.0,0,
coarse_grid,2.1999999999999997,7.727243747831959,4992.066588980559,0.28625659866271075,positive_alpha_scaling_without_clipping,1.0,0,
coarse_grid,2.1999999999999997,8.1,4992.869287293661,0.2861877694079359,positive_alpha_scaling_without_clipping,1.0,0,
coarse_grid,2.1999999999999997,8.6,4991.72535257866,0.2864125815774259,positive_alpha_scaling_without_clipping,1.0,0,
coarse_grid,2.1999999999999997,8.851673390820459,4972.814363353289,0.29012907034134805,positive_alpha_scaling_without_clipping,1.0,0,
coarse_grid,2.1999999999999997,9.1,4978.208409822692,0.2890680115473,positive_alpha_scaling_without_clipping,1.0,0,
coarse_grid,2.1999999999999997,9.6,4989.550661993813,0.2868389714770437,positive_alpha_scaling_without_clipping,1.0,0,
coarse_grid,2.1999999999999997,10.1,4980.605327679161,0.28859695642821304,positive_alpha_scaling_without_clipping,1.0,0,
coarse_grid,2.1999999999999997,10.13972437969778,4962.914052567071,0.29207374044992496,positive_alpha_scaling_without_clipping,1.0,0,
coarse_grid,2.1999999999999997,10.6,4961.633039843773,0.2923254919228829,positive_alpha_scaling_without_clipping,1.0,0,
coarse_grid,2.1999999999999997,11.1,4956.910742845257,0.29325857500113384,positive_alpha_scaling_without_clipping,1.0,0,
coarse_grid,2.1999999999999997,11.6,4987.526791944423,0.28723671324552336,positive_alpha_scaling_without_clipping,1.0,0,
coarse_grid,2.1999999999999997,11.615206069720077,4960.591883487299,0.29252846841065083,positive_alpha_scaling_without_clipping,1.0,0,
coarse_grid,2.1999999999999997,12.1,4972.57714314073,0.2892347936206445,positive_alpha_scaling_without_clipping,1.0,0,
coarse_grid,2.1999999999999997,12.6,4956.856068085596,0.29231025253598886,positive_alpha_scaling_without_clipping,1.0,0,
coarse_grid,2.1999999999999997,13.1,4975.266401126741,0.2896512228449599,positive_alpha_scaling_without_clipping,1.0,0,
coarse_grid,2.1999999999999997,13.305392433761932,4991.101252822822,0.2855943364941189,positive_alpha_scaling_without_clipping,1.0,0,
coarse_grid,2.1999999999999997,13.6,4971.126852685629,0.29045807990864014,positive_alpha_scaling_without_clipping,1.0,0,
coarse_grid,2.1999999999999997,14.1,4973.183799321265,0.289100251143941,positive_alpha_scaling_without_clipping,1.0,0,
coarse_grid,2.1999999999999997,14.6,4965.390632751994,0.2906471250853422,positive_alpha_scaling_without_clipping,1.0,0,
coarse_grid,2.1999999999999997,15.1,4979.641569364164,0.28878472223884144,positive_alpha_scaling_without_clipping,1.0,0,
coarse_grid,2.1999999999999997,15.241526216045477,4969.99354045137,0.28948565926006115,positive_alpha_scaling_without_clipping,1.0,0,
coarse_grid,2.1999999999999997,15.6,4957.129510296847,0.2920137672801268,positive_alpha_scaling_without_clipping,1.0,0,
coarse_grid,2.1999999999999997,16.1,4971.166345351539,0.28947432619451074,positive_alpha_scaling_without_clipping,1.0,0,
coarse_grid,2.1999999999999997,16.6,4971.0279199798115,0.28952331986430124,positive_alpha_scaling_without_clipping,1.0,0,
coarse_grid,2.1999999999999997,17.1,4991.020932784862,0.28548662764938665,positive_alpha_scaling_without_clipping,1.0,0,
coarse_grid,2.1999999999999997,17.459396447784496,4988.888044306705,0.2860399784906593,positive_alpha_scaling_without_clipping,1.0,0,
coarse_grid,2.1999999999999997,17.6,4969.350764282191,0.28961481627902885,positive_alpha_scaling_without_clipping,1.0,0,
coarse_grid,2.1999999999999997,18.1,4975.241686738327,0.28880680231820366,positive_alpha_scaling_without_clipping,1.0,0,
coarse_grid,2.1999999999999997,18.6,4975.001333964079,0.288827411932133,positive_alpha_scaling_without_clipping,1.0,0,
coarse_grid,2.1999999999999997,19.1,4968.985890836921,0.28969841845593847,positive_alpha_scaling_without_clipping,1.0,0,
coarse_grid,2.1999999999999997,19.6,4965.06368772637,0.2905759890068552,positive_alpha_scaling_without_clipping,1.0,0,
coarse_grid,2.1999999999999997,20.000000000000004,4964.728566478476,0.29064184882716937,positive_alpha_scaling_without_clipping,1.0,0,
coarse_grid,2.3999999999999995,0.1,30434.199833351697,-3.7584350849430317,evaluated,,13870,
coarse_grid,2.3999999999999995,0.11455149701087121,30432.843017996318,-3.7581684363313235,evaluated,,13870,
coarse_grid,2.3999999999999995,0.13122045467431637,30432.497041162605,-3.7581004431132143,evaluated,,13870,
coarse_grid,2.3999999999999995,0.1503149952139011,30434.633278727662,-3.758520267946965,evaluated,,13868,
coarse_grid,2.3999999999999995,0.17218807724934312,30429.153723109277,-3.7577231298382205,evaluated,,13866,
coarse_grid,2.3999999999999995,0.1972440201633579,30039.853860213625,-3.7239004197976335,evaluated,,13843,
coarse_grid,2.3999999999999995,0.22594597786155107,28566.06810239081,-3.5685196145782125,evaluated,,13685,
coarse_grid,2.3999999999999995,0.2588245000762584,21549.872629460602,-2.5596776393182576,evaluated,,12829,
coarse_grid,2.3999999999999995,0.29648733946825756,17005.953587496813,-1.7078801071199483,evaluated,,11770,
coarse_grid,2.3999999999999995,0.3396306858085926,13291.896066628198,-1.0587574218905593,evaluated,,9533,
coarse_grid,2.3999999999999995,0.3890520349020314,10625.108802018593,-0.6530632743370466,evaluated,,5270,
coarse_grid,2.3999999999999995,0.445664930131534,5518.993481534655,0.20676620965473014,evaluated,,2225,
coarse_grid,2.3999999999999995,0.5105158491181254,5426.395987943159,0.21901737652435693,evaluated,,773,
coarse_grid,2.3999999999999995,0.5848035476425733,4967.697039133935,0.2912036285895442,evaluated,,86,
coarse_grid,2.3999999999999995,0.6,4963.8387837137725,0.29192635856457316,evaluated,,55,
coarse_grid,2.3999999999999995,0.669901218397251,4961.4982347844725,0.29219244375919096,evaluated,,36,
coarse_grid,2.3999999999999995,0.7673818741681168,4962.406153073764,0.2920291980477475,positive_alpha_scaling_without_clipping,1.0,0,
coarse_grid,2.3999999999999995,0.8790474246496578,4962.119326501117,0.2920855667401378,positive_alpha_scaling_without_clipping,1.0,0,
coarse_grid,2.3999999999999995,1.0069619843716933,4963.655978166684,0.2919538029289236,positive_alpha_scaling_without_clipping,1.0,0,
coarse_grid,2.3999999999999995,1.1,4962.667454122779,0.29203856624804164,positive_alpha_scaling_without_clipping,1.0,0,
coarse_grid,2.3999999999999995,1.1534900274281497,4962.183422543467,0.29213369072325884,positive_alpha_scaling_without_clipping,1.0,0,
coarse_grid,2.3999999999999995,1.3213400942900544,4963.532976932673,0.29196434995902826,positive_alpha_scaling_without_clipping,1.0,0,
coarse_grid,2.3999999999999995,1.5136148586141145,4964.165112470896,0.2919101460105428,positive_alpha_scaling_without_clipping,1.0,0,
coarse_grid,2.3999999999999995,1.6,4964.364198261672,0.29177509704673926,positive_alpha_scaling_without_clipping,1.0,0,
coarse_grid,2.3999999999999995,1.733868479521449,4962.029939474792,0.29214685148996894,positive_alpha_scaling_without_clipping,1.0,0,
coarse_grid,2.3999999999999995,1.9861722994914508,4963.317381499921,0.2919849322254471,positive_alpha_scaling_without_clipping,1.0,0,
coarse_grid,2.3999999999999995,2.1,4963.6424012755015,0.29195706264035504,positive_alpha_scaling_without_clipping,1.0,0,
coarse_grid,2.3999999999999995,2.2751901022827012,4961.128917952801,0.29226586735454635,positive_alpha_scaling_without_clipping,1.0,0,
coarse_grid,2.3999999999999995,2.6,4964.3038157952105,0.2916419194469414,positive_alpha_scaling_without_clipping,1.0,0,
coarse_grid,2.3999999999999995,2.6062643220080064,4962.103389919966,0.2922457103179853,positive_alpha_scaling_without_clipping,1.0,0,
coarse_grid,2.3999999999999995,2.9855147969204046,4962.962717623528,0.29207874506787224,positive_alpha_scaling_without_clipping,1.0,0,
coarse_grid,2.3999999999999995,3.1,4964.163477652253,0.2919123817208771,positive_alpha_scaling_without_clipping,1.0,0,
coarse_grid,2.3999999999999995,3.419951893353395,4963.271492111169,0.29198703382528723,positive_alpha_scaling_without_clipping,1.0,0,
coarse_grid,2.3999999999999995,3.6,4963.690235067163,0.2919966911383871,positive_alpha_scaling_without_clipping,1.0,0,
coarse_grid,2.3999999999999995,3.9176060908879475,4964.539825053629,0.2918300449539264,positive_alpha_scaling_without_clipping,1.0,0,
coarse_grid,2.3999999999999995,4.1,4964.142436597664,0.29184975370931043,positive_alpha_scaling_without_clipping,1.0,0,
coarse_grid,2.3999999999999995,4.487676424101213,4960.130182587507,0.29255922048798444,positive_alpha_scaling_without_clipping,1.0,0,
coarse_grid,2.3999999999999995,4.6,4973.493255912831,0.2899190444965135,positive_alpha_scaling_without_clipping,1.0,0,
coarse_grid,2.3999999999999995,5.1,4983.822643653544,0.287969704293324,positive_alpha_scaling_without_clipping,1.0,0,
coarse_grid,2.3999999999999995,5.140700524811874,4969.545531986397,0.2906948723202625,positive_alpha_scaling_without_clipping,1.0,0,
coarse_grid,2.3999999999999995,5.6,4969.824200064134,0.29065279162118307,positive_alpha_scaling_without_clipping,1.0,0,
coarse_grid,2.3999999999999995,5.8887494080177145,4981.95625809399,0.28824673062651823,positive_alpha_scaling_without_clipping,1.0,0,
coarse_grid,2.3999999999999995,6.1,4964.333200415361,0.29181318475833773,positive_alpha_scaling_without_clipping,1.0,0,
coarse_grid,2.3999999999999995,6.6,4965.157582379451,0.2915590982546231,positive_alpha_scaling_without_clipping,1.0,0,
coarse_grid,2.3999999999999995,6.745650602103109,4990.49173227262,0.28666225497702547,positive_alpha_scaling_without_clipping,1.0,0,
coarse_grid,2.3999999999999995,7.1,4998.295484437796,0.285125424202225,positive_alpha_scaling_without_clipping,1.0,0,
coarse_grid,2.3999999999999995,7.6,4963.447026412185,0.2919740295897441,positive_alpha_scaling_without_clipping,1.0,0,
coarse_grid,2.3999999999999995,7.727243747831959,4992.066588980559,0.28625659866271075,positive_alpha_scaling_without_clipping,1.0,0,
coarse_grid,2.3999999999999995,8.1,4992.869287293661,0.2861877694079359,positive_alpha_scaling_without_clipping,1.0,0,
coarse_grid,2.3999999999999995,8.6,4991.72535257866,0.2864125815774259,positive_alpha_scaling_without_clipping,1.0,0,
coarse_grid,2.3999999999999995,8.851673390820459,4972.814363353289,0.29012907034134805,positive_alpha_scaling_without_clipping,1.0,0,
coarse_grid,2.3999999999999995,9.1,4978.208409822692,0.2890680115473,positive_alpha_scaling_without_clipping,1.0,0,
coarse_grid,2.3999999999999995,9.6,4989.550661993813,0.2868389714770437,positive_alpha_scaling_without_clipping,1.0,0,
coarse_grid,2.3999999999999995,10.1,4980.605327679161,0.28859695642821304,positive_alpha_scaling_without_clipping,1.0,0,
coarse_grid,2.3999999999999995,10.13972437969778,4962.914052567071,0.29207374044992496,positive_alpha_scaling_without_clipping,1.0,0,
coarse_grid,2.3999999999999995,10.6,4961.633039843773,0.2923254919228829,positive_alpha_scaling_without_clipping,1.0,0,
coarse_grid,2.3999999999999995,11.1,4956.910742845257,0.29325857500113384,positive_alpha_scaling_without_clipping,1.0,0,
coarse_grid,2.3999999999999995,11.6,4987.526791944423,0.28723671324552336,positive_alpha_scaling_without_clipping,1.0,0,
coarse_grid,2.3999999999999995,11.615206069720077,4960.591883487299,0.29252846841065083,positive_alpha_scaling_without_clipping,1.0,0,
coarse_grid,2.3999999999999995,12.1,4972.57714314073,0.2892347936206445,positive_alpha_scaling_without_clipping,1.0,0,
coarse_grid,2.3999999999999995,12.6,4956.856068085596,0.29231025253598886,positive_alpha_scaling_without_clipping,1.0,0,
coarse_grid,2.3999999999999995,13.1,4975.266401126741,0.2896512228449599,positive_alpha_scaling_without_clipping,1.0,0,
coarse_grid,2.3999999999999995,13.305392433761932,4991.101252822822,0.2855943364941189,positive_alpha_scaling_without_clipping,1.0,0,
coarse_grid,2.3999999999999995,13.6,4971.126852685629,0.29045807990864014,positive_alpha_scaling_without_clipping,1.0,0,
coarse_grid,2.3999999999999995,14.1,4973.183799321265,0.289100251143941,positive_alpha_scaling_without_clipping,1.0,0,
coarse_grid,2.3999999999999995,14.6,4965.390632751994,0.2906471250853422,positive_alpha_scaling_without_clipping,1.0,0,
coarse_grid,2.3999999999999995,15.1,4979.641569364164,0.28878472223884144,positive_alpha_scaling_without_clipping,1.0,0,
coarse_grid,2.3999999999999995,15.241526216045477,4969.99354045137,0.28948565926006115,positive_alpha_scaling_without_clipping,1.0,0,
coarse_grid,2.3999999999999995,15.6,4957.129510296847,0.2920137672801268,positive_alpha_scaling_without_clipping,1.0,0,
coarse_grid,2.3999999999999995,16.1,4971.166345351539,0.28947432619451074,positive_alpha_scaling_without_clipping,1.0,0,
coarse_grid,2.3999999999999995,16.6,4971.0279199798115,0.28952331986430124,positive_alpha_scaling_without_clipping,1.0,0,
coarse_grid,2.3999999999999995,17.1,4991.020932784862,0.28548662764938665,positive_alpha_scaling_without_clipping,1.0,0,
coarse_grid,2.3999999999999995,17.459396447784496,4988.888044306705,0.2860399784906593,positive_alpha_scaling_without_clipping,1.0,0,
coarse_grid,2.3999999999999995,17.6,4969.350764282191,0.28961481627902885,positive_alpha_scaling_without_clipping,1.0,0,
coarse_grid,2.3999999999999995,18.1,4975.241686738327,0.28880680231820366,positive_alpha_scaling_without_clipping,1.0,0,
coarse_grid,2.3999999999999995,18.6,4975.001333964079,0.288827411932133,positive_alpha_scaling_without_clipping,1.0,0,
coarse_grid,2.3999999999999995,19.1,4968.985890836921,0.28969841845593847,positive_alpha_scaling_without_clipping,1.0,0,
coarse_grid,2.3999999999999995,19.6,4965.06368772637,0.2905759890068552,positive_alpha_scaling_without_clipping,1.0,0,
coarse_grid,2.3999999999999995,20.000000000000004,4964.728566478476,0.29064184882716937,positive_alpha_scaling_without_clipping,1.0,0,
coarse_grid,2.5999999999999996,0.1,30434.712180473303,-3.758535774140091,evaluated,,13871,
coarse_grid,2.5999999999999996,0.11455149701087121,30433.403110143052,-3.7582785086361246,evaluated,,13870,
coarse_grid,2.5999999999999996,0.13122045467431637,30432.646259354617,-3.7581297682705266,evaluated,,13870,
coarse_grid,2.5999999999999996,0.1503149952139011,30432.444459680424,-3.758090109519059,evaluated,,13870,
coarse_grid,2.5999999999999996,0.17218807724934312,30434.633278727662,-3.758520267946965,evaluated,,13868,
coarse_grid,2.5999999999999996,0.1972440201633579,30359.943876534606,-3.7516182157542284,evaluated,,13852,
coarse_grid,2.5999999999999996,0.22594597786155107,29416.060743700982,-3.6633952041490643,evaluated,,13780,
coarse_grid,2.5999999999999996,0.2588245000762584,24332.528576863715,-3.0358531958612427,evaluated,,13319,
coarse_grid,2.5999999999999996,0.29648733946825756,20176.654229967116,-2.30065704420565,evaluated,,12650,
coarse_grid,2.5999999999999996,0.3396306858085926,15171.330930979737,-1.37139161432994,evaluated,,11050,
coarse_grid,2.5999999999999996,0.3890520349020314,12057.970314237788,-0.8706362074255404,evaluated,,7760,
coarse_grid,2.5999999999999996,0.445664930131534,7883.556876959952,-0.18146887768910774,evaluated,,3560,
coarse_grid,2.5999999999999996,0.5105158491181254,5325.619374383407,0.23882253570971096,evaluated,,1620,
coarse_grid,2.5999999999999996,0.5848035476425733,5284.639323096408,0.24504848124060247,evaluated,,408,
coarse_grid,2.5999999999999996,0.6,4995.481809307927,0.2853572641224896,evaluated,,218,
coarse_grid,2.5999999999999996,0.669901218397251,4972.54787998639,0.29020809562469,evaluated,,53,
coarse_grid,2.5999999999999996,0.7673818741681168,4957.9436115293065,0.2928625839928496,evaluated,,1,
coarse_grid,2.5999999999999996,0.8790474246496578,4962.119326501117,0.2920855667401378,positive_alpha_scaling_without_clipping,1.0,0,
coarse_grid,2.5999999999999996,1.0069619843716933,4963.655978166684,0.2919538029289236,positive_alpha_scaling_without_clipping,1.0,0,
coarse_grid,2.5999999999999996,1.1,4962.667454122779,0.29203856624804164,positive_alpha_scaling_without_clipping,1.0,0,
coarse_grid,2.5999999999999996,1.1534900274281497,4962.183422543467,0.29213369072325884,positive_alpha_scaling_without_clipping,1.0,0,
coarse_grid,2.5999999999999996,1.3213400942900544,4963.532976932673,0.29196434995902826,positive_alpha_scaling_without_clipping,1.0,0,
coarse_grid,2.5999999999999996,1.5136148586141145,4964.165112470896,0.2919101460105428,positive_alpha_scaling_without_clipping,1.0,0,
coarse_grid,2.5999999999999996,1.6,4964.364198261672,0.29177509704673926,positive_alpha_scaling_without_clipping,1.0,0,
coarse_grid,2.5999999999999996,1.733868479521449,4962.029939474792,0.29214685148996894,positive_alpha_scaling_without_clipping,1.0,0,
coarse_grid,2.5999999999999996,1.9861722994914508,4963.317381499921,0.2919849322254471,positive_alpha_scaling_without_clipping,1.0,0,
coarse_grid,2.5999999999999996,2.1,4963.6424012755015,0.29195706264035504,positive_alpha_scaling_without_clipping,1.0,0,
coarse_grid,2.5999999999999996,2.2751901022827012,4961.128917952801,0.29226586735454635,positive_alpha_scaling_without_clipping,1.0,0,
coarse_grid,2.5999999999999996,2.6,4964.3038157952105,0.2916419194469414,positive_alpha_scaling_without_clipping,1.0,0,
coarse_grid,2.5999999999999996,2.6062643220080064,4962.103389919966,0.2922457103179853,positive_alpha_scaling_without_clipping,1.0,0,
coarse_grid,2.5999999999999996,2.9855147969204046,4962.962717623528,0.29207874506787224,positive_alpha_scaling_without_clipping,1.0,0,
coarse_grid,2.5999999999999996,3.1,4964.163477652253,0.2919123817208771,positive_alpha_scaling_without_clipping,1.0,0,
coarse_grid,2.5999999999999996,3.419951893353395,4963.271492111169,0.29198703382528723,positive_alpha_scaling_without_clipping,1.0,0,
coarse_grid,2.5999999999999996,3.6,4963.690235067163,0.2919966911383871,positive_alpha_scaling_without_clipping,1.0,0,
coarse_grid,2.5999999999999996,3.9176060908879475,4964.539825053629,0.2918300449539264,positive_alpha_scaling_without_clipping,1.0,0,
coarse_grid,2.5999999999999996,4.1,4964.142436597664,0.29184975370931043,positive_alpha_scaling_without_clipping,1.0,0,
coarse_grid,2.5999999999999996,4.487676424101213,4960.130182587507,0.29255922048798444,positive_alpha_scaling_without_clipping,1.0,0,
coarse_grid,2.5999999999999996,4.6,4973.493255912831,0.2899190444965135,positive_alpha_scaling_without_clipping,1.0,0,
coarse_grid,2.5999999999999996,5.1,4983.822643653544,0.287969704293324,positive_alpha_scaling_without_clipping,1.0,0,
coarse_grid,2.5999999999999996,5.140700524811874,4969.545531986397,0.2906948723202625,positive_alpha_scaling_without_clipping,1.0,0,
coarse_grid,2.5999999999999996,5.6,4969.824200064134,0.29065279162118307,positive_alpha_scaling_without_clipping,1.0,0,
coarse_grid,2.5999999999999996,5.8887494080177145,4981.95625809399,0.28824673062651823,positive_alpha_scaling_without_clipping,1.0,0,
coarse_grid,2.5999999999999996,6.1,4964.333200415361,0.29181318475833773,positive_alpha_scaling_without_clipping,1.0,0,
coarse_grid,2.5999999999999996,6.6,4965.157582379451,0.2915590982546231,positive_alpha_scaling_without_clipping,1.0,0,
coarse_grid,2.5999999999999996,6.745650602103109,4990.49173227262,0.28666225497702547,positive_alpha_scaling_without_clipping,1.0,0,
coarse_grid,2.5999999999999996,7.1,4998.295484437796,0.285125424202225,positive_alpha_scaling_without_clipping,1.0,0,
coarse_grid,2.5999999999999996,7.6,4963.447026412185,0.2919740295897441,positive_alpha_scaling_without_clipping,1.0,0,
coarse_grid,2.5999999999999996,7.727243747831959,4992.066588980559,0.28625659866271075,positive_alpha_scaling_without_clipping,1.0,0,
coarse_grid,2.5999999999999996,8.1,4992.869287293661,0.2861877694079359,positive_alpha_scaling_without_clipping,1.0,0,
coarse_grid,2.5999999999999996,8.6,4991.72535257866,0.2864125815774259,positive_alpha_scaling_without_clipping,1.0,0,
coarse_grid,2.5999999999999996,8.851673390820459,4972.814363353289,0.29012907034134805,positive_alpha_scaling_without_clipping,1.0,0,
coarse_grid,2.5999999999999996,9.1,4978.208409822692,0.2890680115473,positive_alpha_scaling_without_clipping,1.0,0,
coarse_grid,2.5999999999999996,9.6,4989.550661993813,0.2868389714770437,positive_alpha_scaling_without_clipping,1.0,0,
coarse_grid,2.5999999999999996,10.1,4980.605327679161,0.28859695642821304,positive_alpha_scaling_without_clipping,1.0,0,
coarse_grid,2.5999999999999996,10.13972437969778,4962.914052567071,0.29207374044992496,positive_alpha_scaling_without_clipping,1.0,0,
coarse_grid,2.5999999999999996,10.6,4961.633039843773,0.2923254919228829,positive_alpha_scaling_without_clipping,1.0,0,
coarse_grid,2.5999999999999996,11.1,4956.910742845257,0.29325857500113384,positive_alpha_scaling_without_clipping,1.0,0,
coarse_grid,2.5999999999999996,11.6,4987.526791944423,0.28723671324552336,positive_alpha_scaling_without_clipping,1.0,0,
coarse_grid,2.5999999999999996,11.615206069720077,4960.591883487299,0.29252846841065083,positive_alpha_scaling_without_clipping,1.0,0,
coarse_grid,2.5999999999999996,12.1,4972.57714314073,0.2892347936206445,positive_alpha_scaling_without_clipping,1.0,0,
coarse_grid,2.5999999999999996,12.6,4956.856068085596,0.29231025253598886,positive_alpha_scaling_without_clipping,1.0,0,
coarse_grid,2.5999999999999996,13.1,4975.266401126741,0.2896512228449599,positive_alpha_scaling_without_clipping,1.0,0,
coarse_grid,2.5999999999999996,13.305392433761932,4991.101252822822,0.2855943364941189,positive_alpha_scaling_without_clipping,1.0,0,
coarse_grid,2.5999999999999996,13.6,4971.126852685629,0.29045807990864014,positive_alpha_scaling_without_clipping,1.0,0,
coarse_grid,2.5999999999999996,14.1,4973.183799321265,0.289100251143941,positive_alpha_scaling_without_clipping,1.0,0,
coarse_grid,2.5999999999999996,14.6,4965.390632751994,0.2906471250853422,positive_alpha_scaling_without_clipping,1.0,0,
coarse_grid,2.5999999999999996,15.1,4979.641569364164,0.28878472223884144,positive_alpha_scaling_without_clipping,1.0,0,
coarse_grid,2.5999999999999996,15.241526216045477,4969.99354045137,0.28948565926006115,positive_alpha_scaling_without_clipping,1.0,0,
coarse_grid,2.5999999999999996,15.6,4957.129510296847,0.2920137672801268,positive_alpha_scaling_without_clipping,1.0,0,
coarse_grid,2.5999999999999996,16.1,4971.166345351539,0.28947432619451074,positive_alpha_scaling_without_clipping,1.0,0,
coarse_grid,2.5999999999999996,16.6,4971.0279199798115,0.28952331986430124,positive_alpha_scaling_without_clipping,1.0,0,
coarse_grid,2.5999999999999996,17.1,4991.020932784862,0.28548662764938665,positive_alpha_scaling_without_clipping,1.0,0,
coarse_grid,2.5999999999999996,17.459396447784496,4988.888044306705,0.2860399784906593,positive_alpha_scaling_without_clipping,1.0,0,
coarse_grid,2.5999999999999996,17.6,4969.350764282191,0.28961481627902885,positive_alpha_scaling_without_clipping,1.0,0,
coarse_grid,2.5999999999999996,18.1,4975.241686738327,0.28880680231820366,positive_alpha_scaling_without_clipping,1.0,0,
coarse_grid,2.5999999999999996,18.6,4975.001333964079,0.288827411932133,positive_alpha_scaling_without_clipping,1.0,0,
coarse_grid,2.5999999999999996,19.1,4968.985890836921,0.28969841845593847,positive_alpha_scaling_without_clipping,1.0,0,
coarse_grid,2.5999999999999996,19.6,4965.06368772637,0.2905759890068552,positive_alpha_scaling_without_clipping,1.0,0,
coarse_grid,2.5999999999999996,20.000000000000004,4964.728566478476,0.29064184882716937,positive_alpha_scaling_without_clipping,1.0,0,
coarse_grid,2.8,0.1,30434.712180473303,-3.758535774140091,evaluated,,13871,
coarse_grid,2.8,0.11455149701087121,30434.596756394254,-3.758513090382632,evaluated,,13870,
coarse_grid,2.8,0.13122045467431637,30432.934390738636,-3.7581863933914286,evaluated,,13870,
coarse_grid,2.8,0.1503149952139011,30432.521786861624,-3.7581053062703584,evaluated,,13870,
coarse_grid,2.8,0.17218807724934312,30434.633278727662,-3.758520267946965,evaluated,,13869,
coarse_grid,2.8,0.1972440201633579,30428.927229352572,-3.7577037085983465,evaluated,,13866,
coarse_grid,2.8,0.22594597786155107,30052.992631335725,-3.7250599113283265,evaluated,,13846,
coarse_grid,2.8,0.2588245000762584,28758.010361049295,-3.587915273910667,evaluated,,13722,
coarse_grid,2.8,0.29648733946825756,22076.433847925306,-2.6488201733516807,evaluated,,13016,
coarse_grid,2.8,0.3396306858085926,17209.44141784148,-1.7385581203967995,evaluated,,11918,
coarse_grid,2.8,0.3890520349020314,13227.793005971056,-1.044052453564158,evaluated,,9680,
coarse_grid,2.8,0.445664930131534,10759.54363164563,-0.6704097379259014,evaluated,,5817,
coarse_grid,2.8,0.5105158491181254,5712.117090410475,0.1753983205618047,evaluated,,2386,
coarse_grid,2.8,0.5848035476425733,5439.294666344702,0.21648245924544218,evaluated,,918,
coarse_grid,2.8,0.6,5437.348589953037,0.21673064585585405,evaluated,,732,
coarse_grid,2.8,0.669901218397251,4982.6879760308375,0.2883878669510841,evaluated,,137,
coarse_grid,2.8,0.7673818741681168,4958.865553720119,0.2927473255962494,evaluated,,50,
coarse_grid,2.8,0.8790474246496578,4962.119326501117,0.2920855667401378,positive_alpha_scaling_without_clipping,1.0,0,
coarse_grid,2.8,1.0069619843716933,4963.655978166684,0.2919538029289236,positive_alpha_scaling_without_clipping,1.0,0,
coarse_grid,2.8,1.1,4962.667454122779,0.29203856624804164,positive_alpha_scaling_without_clipping,1.0,0,
coarse_grid,2.8,1.1534900274281497,4962.183422543467,0.29213369072325884,positive_alpha_scaling_without_clipping,1.0,0,
coarse_grid,2.8,1.3213400942900544,4963.532976932673,0.29196434995902826,positive_alpha_scaling_without_clipping,1.0,0,
coarse_grid,2.8,1.5136148586141145,4964.165112470896,0.2919101460105428,positive_alpha_scaling_without_clipping,1.0,0,
coarse_grid,2.8,1.6,4964.364198261672,0.29177509704673926,positive_alpha_scaling_without_clipping,1.0,0,
coarse_grid,2.8,1.733868479521449,4962.029939474792,0.29214685148996894,positive_alpha_scaling_without_clipping,1.0,0,
coarse_grid,2.8,1.9861722994914508,4963.317381499921,0.2919849322254471,positive_alpha_scaling_without_clipping,1.0,0,
coarse_grid,2.8,2.1,4963.6424012755015,0.29195706264035504,positive_alpha_scaling_without_clipping,1.0,0,
coarse_grid,2.8,2.2751901022827012,4961.128917952801,0.29226586735454635,positive_alpha_scaling_without_clipping,1.0,0,
coarse_grid,2.8,2.6,4964.3038157952105,0.2916419194469414,positive_alpha_scaling_without_clipping,1.0,0,
coarse_grid,2.8,2.6062643220080064,4962.103389919966,0.2922457103179853,positive_alpha_scaling_without_clipping,1.0,0,
coarse_grid,2.8,2.9855147969204046,4962.962717623528,0.29207874506787224,positive_alpha_scaling_without_clipping,1.0,0,
coarse_grid,2.8,3.1,4964.163477652253,0.2919123817208771,positive_alpha_scaling_without_clipping,1.0,0,
coarse_grid,2.8,3.419951893353395,4963.271492111169,0.29198703382528723,positive_alpha_scaling_without_clipping,1.0,0,
coarse_grid,2.8,3.6,4963.690235067163,0.2919966911383871,positive_alpha_scaling_without_clipping,1.0,0,
coarse_grid,2.8,3.9176060908879475,4964.539825053629,0.2918300449539264,positive_alpha_scaling_without_clipping,1.0,0,
coarse_grid,2.8,4.1,4964.142436597664,0.29184975370931043,positive_alpha_scaling_without_clipping,1.0,0,
coarse_grid,2.8,4.487676424101213,4960.130182587507,0.29255922048798444,positive_alpha_scaling_without_clipping,1.0,0,
coarse_grid,2.8,4.6,4973.493255912831,0.2899190444965135,positive_alpha_scaling_without_clipping,1.0,0,
coarse_grid,2.8,5.1,4983.822643653544,0.287969704293324,positive_alpha_scaling_without_clipping,1.0,0,
coarse_grid,2.8,5.140700524811874,4969.545531986397,0.2906948723202625,positive_alpha_scaling_without_clipping,1.0,0,
coarse_grid,2.8,5.6,4969.824200064134,0.29065279162118307,positive_alpha_scaling_without_clipping,1.0,0,
coarse_grid,2.8,5.8887494080177145,4981.95625809399,0.28824673062651823,positive_alpha_scaling_without_clipping,1.0,0,
coarse_grid,2.8,6.1,4964.333200415361,0.29181318475833773,positive_alpha_scaling_without_clipping,1.0,0,
coarse_grid,2.8,6.6,4965.157582379451,0.2915590982546231,positive_alpha_scaling_without_clipping,1.0,0,
coarse_grid,2.8,6.745650602103109,4990.49173227262,0.28666225497702547,positive_alpha_scaling_without_clipping,1.0,0,
coarse_grid,2.8,7.1,4998.295484437796,0.285125424202225,positive_alpha_scaling_without_clipping,1.0,0,
coarse_grid,2.8,7.6,4963.447026412185,0.2919740295897441,positive_alpha_scaling_without_clipping,1.0,0,
coarse_grid,2.8,7.727243747831959,4992.066588980559,0.28625659866271075,positive_alpha_scaling_without_clipping,1.0,0,
coarse_grid,2.8,8.1,4992.869287293661,0.2861877694079359,positive_alpha_scaling_without_clipping,1.0,0,
coarse_grid,2.8,8.6,4991.72535257866,0.2864125815774259,positive_alpha_scaling_without_clipping,1.0,0,
coarse_grid,2.8,8.851673390820459,4972.814363353289,0.29012907034134805,positive_alpha_scaling_without_clipping,1.0,0,
coarse_grid,2.8,9.1,4978.208409822692,0.2890680115473,positive_alpha_scaling_without_clipping,1.0,0,
coarse_grid,2.8,9.6,4989.550661993813,0.2868389714770437,positive_alpha_scaling_without_clipping,1.0,0,
coarse_grid,2.8,10.1,4980.605327679161,0.28859695642821304,positive_alpha_scaling_without_clipping,1.0,0,
coarse_grid,2.8,10.13972437969778,4962.914052567071,0.29207374044992496,positive_alpha_scaling_without_clipping,1.0,0,
coarse_grid,2.8,10.6,4961.633039843773,0.2923254919228829,positive_alpha_scaling_without_clipping,1.0,0,
coarse_grid,2.8,11.1,4956.910742845257,0.29325857500113384,positive_alpha_scaling_without_clipping,1.0,0,
coarse_grid,2.8,11.6,4987.526791944423,0.28723671324552336,positive_alpha_scaling_without_clipping,1.0,0,
coarse_grid,2.8,11.615206069720077,4960.591883487299,0.29252846841065083,positive_alpha_scaling_without_clipping,1.0,0,
coarse_grid,2.8,12.1,4972.57714314073,0.2892347936206445,positive_alpha_scaling_without_clipping,1.0,0,
coarse_grid,2.8,12.6,4956.856068085596,0.29231025253598886,positive_alpha_scaling_without_clipping,1.0,0,
coarse_grid,2.8,13.1,4975.266401126741,0.2896512228449599,positive_alpha_scaling_without_clipping,1.0,0,
coarse_grid,2.8,13.305392433761932,4991.101252822822,0.2855943364941189,positive_alpha_scaling_without_clipping,1.0,0,
coarse_grid,2.8,13.6,4971.126852685629,0.29045807990864014,positive_alpha_scaling_without_clipping,1.0,0,
coarse_grid,2.8,14.1,4973.183799321265,0.289100251143941,positive_alpha_scaling_without_clipping,1.0,0,
coarse_grid,2.8,14.6,4965.390632751994,0.2906471250853422,positive_alpha_scaling_without_clipping,1.0,0,
coarse_grid,2.8,15.1,4979.641569364164,0.28878472223884144,positive_alpha_scaling_without_clipping,1.0,0,
coarse_grid,2.8,15.241526216045477,4969.99354045137,0.28948565926006115,positive_alpha_scaling_without_clipping,1.0,0,
coarse_grid,2.8,15.6,4957.129510296847,0.2920137672801268,positive_alpha_scaling_without_clipping,1.0,0,
coarse_grid,2.8,16.1,4971.166345351539,0.28947432619451074,positive_alpha_scaling_without_clipping,1.0,0,
coarse_grid,2.8,16.6,4971.0279199798115,0.28952331986430124,positive_alpha_scaling_without_clipping,1.0,0,
coarse_grid,2.8,17.1,4991.020932784862,0.28548662764938665,positive_alpha_scaling_without_clipping,1.0,0,
coarse_grid,2.8,17.459396447784496,4988.888044306705,0.2860399784906593,positive_alpha_scaling_without_clipping,1.0,0,
coarse_grid,2.8,17.6,4969.350764282191,0.28961481627902885,positive_alpha_scaling_without_clipping,1.0,0,
coarse_grid,2.8,18.1,4975.241686738327,0.28880680231820366,positive_alpha_scaling_without_clipping,1.0,0,
coarse_grid,2.8,18.6,4975.001333964079,0.288827411932133,positive_alpha_scaling_without_clipping,1.0,0,
coarse_grid,2.8,19.1,4968.985890836921,0.28969841845593847,positive_alpha_scaling_without_clipping,1.0,0,
coarse_grid,2.8,19.6,4965.06368772637,0.2905759890068552,positive_alpha_scaling_without_clipping,1.0,0,
coarse_grid,2.8,20.000000000000004,4964.728566478476,0.29064184882716937,positive_alpha_scaling_without_clipping,1.0,0,
coarse_grid,2.9999999999999996,0.1,30434.712180473303,-3.758535774140091,evaluated,,13871,
coarse_grid,2.9999999999999996,0.11455149701087121,30434.712180473303,-3.758535774140091,evaluated,,13871,
coarse_grid,2.9999999999999996,0.13122045467431637,30433.480725801674,-3.7582937620805486,evaluated,,13870,
coarse_grid,2.9999999999999996,0.1503149952139011,30432.6662709664,-3.7581337010595237,evaluated,,13870,
coarse_grid,2.9999999999999996,0.17218807724934312,30432.449681410864,-3.7580911357214575,evaluated,,13870,
coarse_grid,2.9999999999999996,0.1972440201633579,30434.633278727662,-3.758520267946965,evaluated,,13868,
coarse_grid,2.9999999999999996,0.22594597786155107,30415.40579602786,-3.7563932973991365,evaluated,,13862,
coarse_grid,2.9999999999999996,0.2588245000762584,29424.309853522333,-3.6650163633384674,evaluated,,13780,
coarse_grid,2.9999999999999996,0.29648733946825756,24664.763380299635,-3.0999052080960623,evaluated,,13333,
coarse_grid,2.9999999999999996,0.3396306858085926,20512.203796278816,-2.3631854406892794,evaluated,,12704,
coarse_grid,2.9999999999999996,0.3890520349020314,15171.269186349113,-1.371386319891366,evaluated,,11050,
coarse_grid,2.9999999999999996,0.445664930131534,11964.449317913473,-0.8508571345077742,evaluated,,7897,
coarse_grid,2.9999999999999996,0.5105158491181254,8120.174496422511,-0.21963607484357406,evaluated,,3736,
coarse_grid,2.9999999999999996,0.5848035476425733,5310.634435188584,0.24176745611984485,evaluated,,1688,
coarse_grid,2.9999999999999996,0.6,5357.5361185518595,0.2325494493644945,evaluated,,1446,
coarse_grid,2.9999999999999996,0.669901218397251,5323.215478817148,0.23808111263824183,evaluated,,436,
coarse_grid,2.9999999999999996,0.7673818741681168,4963.040766792725,0.2919265626178677,evaluated,,53,
coarse_grid,2.9999999999999996,0.8790474246496578,4960.697328390763,0.29238710766847514,evaluated,,2,
coarse_grid,2.9999999999999996,1.0069619843716933,4963.655978166684,0.2919538029289236,positive_alpha_scaling_without_clipping,1.0,0,
coarse_grid,2.9999999999999996,1.1,4962.667454122779,0.29203856624804164,positive_alpha_scaling_without_clipping,1.0,0,
coarse_grid,2.9999999999999996,1.1534900274281497,4962.183422543467,0.29213369072325884,positive_alpha_scaling_without_clipping,1.0,0,
coarse_grid,2.9999999999999996,1.3213400942900544,4963.532976932673,0.29196434995902826,positive_alpha_scaling_without_clipping,1.0,0,
coarse_grid,2.9999999999999996,1.5136148586141145,4964.165112470896,0.2919101460105428,positive_alpha_scaling_without_clipping,1.0,0,
coarse_grid,2.9999999999999996,1.6,4964.364198261672,0.29177509704673926,positive_alpha_scaling_without_clipping,1.0,0,
coarse_grid,2.9999999999999996,1.733868479521449,4962.029939474792,0.29214685148996894,positive_alpha_scaling_without_clipping,1.0,0,
coarse_grid,2.9999999999999996,1.9861722994914508,4963.317381499921,0.2919849322254471,positive_alpha_scaling_without_clipping,1.0,0,
coarse_grid,2.9999999999999996,2.1,4963.6424012755015,0.29195706264035504,positive_alpha_scaling_without_clipping,1.0,0,
coarse_grid,2.9999999999999996,2.2751901022827012,4961.128917952801,0.29226586735454635,positive_alpha_scaling_without_clipping,1.0,0,
coarse_grid,2.9999999999999996,2.6,4964.3038157952105,0.2916419194469414,positive_alpha_scaling_without_clipping,1.0,0,
coarse_grid,2.9999999999999996,2.6062643220080064,4962.103389919966,0.2922457103179853,positive_alpha_scaling_without_clipping,1.0,0,
coarse_grid,2.9999999999999996,2.9855147969204046,4962.962717623528,0.29207874506787224,positive_alpha_scaling_without_clipping,1.0,0,
coarse_grid,2.9999999999999996,3.1,4964.163477652253,0.2919123817208771,positive_alpha_scaling_without_clipping,1.0,0,
coarse_grid,2.9999999999999996,3.419951893353395,4963.271492111169,0.29198703382528723,positive_alpha_scaling_without_clipping,1.0,0,
coarse_grid,2.9999999999999996,3.6,4963.690235067163,0.2919966911383871,positive_alpha_scaling_without_clipping,1.0,0,
coarse_grid,2.9999999999999996,3.9176060908879475,4964.539825053629,0.2918300449539264,positive_alpha_scaling_without_clipping,1.0,0,
coarse_grid,2.9999999999999996,4.1,4964.142436597664,0.29184975370931043,positive_alpha_scaling_without_clipping,1.0,0,
coarse_grid,2.9999999999999996,4.487676424101213,4960.130182587507,0.29255922048798444,positive_alpha_scaling_without_clipping,1.0,0,
coarse_grid,2.9999999999999996,4.6,4973.493255912831,0.2899190444965135,positive_alpha_scaling_without_clipping,1.0,0,
coarse_grid,2.9999999999999996,5.1,4983.822643653544,0.287969704293324,positive_alpha_scaling_without_clipping,1.0,0,
coarse_grid,2.9999999999999996,5.140700524811874,4969.545531986397,0.2906948723202625,positive_alpha_scaling_without_clipping,1.0,0,
coarse_grid,2.9999999999999996,5.6,4969.824200064134,0.29065279162118307,positive_alpha_scaling_without_clipping,1.0,0,
coarse_grid,2.9999999999999996,5.8887494080177145,4981.95625809399,0.28824673062651823,positive_alpha_scaling_without_clipping,1.0,0,
coarse_grid,2.9999999999999996,6.1,4964.333200415361,0.29181318475833773,positive_alpha_scaling_without_clipping,1.0,0,
coarse_grid,2.9999999999999996,6.6,4965.157582379451,0.2915590982546231,positive_alpha_scaling_without_clipping,1.0,0,
coarse_grid,2.9999999999999996,6.745650602103109,4990.49173227262,0.28666225497702547,positive_alpha_scaling_without_clipping,1.0,0,
coarse_grid,2.9999999999999996,7.1,4998.295484437796,0.285125424202225,positive_alpha_scaling_without_clipping,1.0,0,
coarse_grid,2.9999999999999996,7.6,4963.447026412185,0.2919740295897441,positive_alpha_scaling_without_clipping,1.0,0,
coarse_grid,2.9999999999999996,7.727243747831959,4992.066588980559,0.28625659866271075,positive_alpha_scaling_without_clipping,1.0,0,
coarse_grid,2.9999999999999996,8.1,4992.869287293661,0.2861877694079359,positive_alpha_scaling_without_clipping,1.0,0,
coarse_grid,2.9999999999999996,8.6,4991.72535257866,0.2864125815774259,positive_alpha_scaling_without_clipping,1.0,0,
coarse_grid,2.9999999999999996,8.851673390820459,4972.814363353289,0.29012907034134805,positive_alpha_scaling_without_clipping,1.0,0,
coarse_grid,2.9999999999999996,9.1,4978.208409822692,0.2890680115473,positive_alpha_scaling_without_clipping,1.0,0,
coarse_grid,2.9999999999999996,9.6,4989.550661993813,0.2868389714770437,positive_alpha_scaling_without_clipping,1.0,0,
coarse_grid,2.9999999999999996,10.1,4980.605327679161,0.28859695642821304,positive_alpha_scaling_without_clipping,1.0,0,
coarse_grid,2.9999999999999996,10.13972437969778,4962.914052567071,0.29207374044992496,positive_alpha_scaling_without_clipping,1.0,0,
coarse_grid,2.9999999999999996,10.6,4961.633039843773,0.2923254919228829,positive_alpha_scaling_without_clipping,1.0,0,
coarse_grid,2.9999999999999996,11.1,4956.910742845257,0.29325857500113384,positive_alpha_scaling_without_clipping,1.0,0,
coarse_grid,2.9999999999999996,11.6,4987.526791944423,0.28723671324552336,positive_alpha_scaling_without_clipping,1.0,0,
coarse_grid,2.9999999999999996,11.615206069720077,4960.591883487299,0.29252846841065083,positive_alpha_scaling_without_clipping,1.0,0,
coarse_grid,2.9999999999999996,12.1,4972.57714314073,0.2892347936206445,positive_alpha_scaling_without_clipping,1.0,0,
coarse_grid,2.9999999999999996,12.6,4956.856068085596,0.29231025253598886,positive_alpha_scaling_without_clipping,1.0,0,
coarse_grid,2.9999999999999996,13.1,4975.266401126741,0.2896512228449599,positive_alpha_scaling_without_clipping,1.0,0,
coarse_grid,2.9999999999999996,13.305392433761932,4991.101252822822,0.2855943364941189,positive_alpha_scaling_without_clipping,1.0,0,
coarse_grid,2.9999999999999996,13.6,4971.126852685629,0.29045807990864014,positive_alpha_scaling_without_clipping,1.0,0,
coarse_grid,2.9999999999999996,14.1,4973.183799321265,0.289100251143941,positive_alpha_scaling_without_clipping,1.0,0,
coarse_grid,2.9999999999999996,14.6,4965.390632751994,0.2906471250853422,positive_alpha_scaling_without_clipping,1.0,0,
coarse_grid,2.9999999999999996,15.1,4979.641569364164,0.28878472223884144,positive_alpha_scaling_without_clipping,1.0,0,
coarse_grid,2.9999999999999996,15.241526216045477,4969.99354045137,0.28948565926006115,positive_alpha_scaling_without_clipping,1.0,0,
coarse_grid,2.9999999999999996,15.6,4957.129510296847,0.2920137672801268,positive_alpha_scaling_without_clipping,1.0,0,
coarse_grid,2.9999999999999996,16.1,4971.166345351539,0.28947432619451074,positive_alpha_scaling_without_clipping,1.0,0,
coarse_grid,2.9999999999999996,16.6,4971.0279199798115,0.28952331986430124,positive_alpha_scaling_without_clipping,1.0,0,
coarse_grid,2.9999999999999996,17.1,4991.020932784862,0.28548662764938665,positive_alpha_scaling_without_clipping,1.0,0,
coarse_grid,2.9999999999999996,17.459396447784496,4988.888044306705,0.2860399784906593,positive_alpha_scaling_without_clipping,1.0,0,
coarse_grid,2.9999999999999996,17.6,4969.350764282191,0.28961481627902885,positive_alpha_scaling_without_clipping,1.0,0,
coarse_grid,2.9999999999999996,18.1,4975.241686738327,0.28880680231820366,positive_alpha_scaling_without_clipping,1.0,0,
coarse_grid,2.9999999999999996,18.6,4975.001333964079,0.288827411932133,positive_alpha_scaling_without_clipping,1.0,0,
coarse_grid,2.9999999999999996,19.1,4968.985890836921,0.28969841845593847,positive_alpha_scaling_without_clipping,1.0,0,
coarse_grid,2.9999999999999996,19.6,4965.06368772637,0.2905759890068552,positive_alpha_scaling_without_clipping,1.0,0,
coarse_grid,2.9999999999999996,20.000000000000004,4964.728566478476,0.29064184882716937,positive_alpha_scaling_without_clipping,1.0,0,
coarse_grid,3.1999999999999993,0.1,30434.712180473303,-3.758535774140091,evaluated,,13871,
coarse_grid,3.1999999999999993,0.11455149701087121,30434.712180473303,-3.758535774140091,evaluated,,13871,
coarse_grid,3.1999999999999993,0.13122045467431637,30434.54126220647,-3.7585021843679924,evaluated,,13870,
coarse_grid,3.1999999999999993,0.1503149952139011,30432.92185753119,-3.7581839302984563,evaluated,,13870,
coarse_grid,3.1999999999999993,0.17218807724934312,30432.518394392384,-3.758104639564156,evaluated,,13870,
coarse_grid,3.1999999999999993,0.1972440201633579,30434.633278727662,-3.758520267946965,evaluated,,13869,
coarse_grid,3.1999999999999993,0.22594597786155107,30428.963848520507,-3.757706848595028,evaluated,,13866,
coarse_grid,3.1999999999999993,0.2588245000762584,30052.732821182064,-3.7250330247504597,evaluated,,13845,
coarse_grid,3.1999999999999993,0.29648733946825756,28756.305760187443,-3.5875802766308023,evaluated,,13722,
coarse_grid,3.1999999999999993,0.3396306858085926,22076.510633342972,-2.648826757497916,evaluated,,13016,
coarse_grid,3.1999999999999993,0.3890520349020314,17209.440197435983,-1.7385580157502598,evaluated,,11918,
coarse_grid,3.1999999999999993,0.445664930131534,13227.793005971056,-1.0440524535641582,evaluated,,9680,
coarse_grid,3.1999999999999993,0.5105158491181254,10803.643308804714,-0.6798024631039801,evaluated,,5720,
coarse_grid,3.1999999999999993,0.5848035476425733,5711.254115115509,0.17559029629258982,evaluated,,2386,
coarse_grid,3.1999999999999993,0.6,5504.539125943795,0.20848766510832872,evaluated,,2161,
coarse_grid,3.1999999999999993,0.669901218397251,5435.9000684596185,0.21710031484476122,evaluated,,918,
coarse_grid,3.1999999999999993,0.7673818741681168,4980.043568178611,0.28890519085117317,evaluated,,127,
coarse_grid,3.1999999999999993,0.8790474246496578,4961.541430540883,0.2922214479692522,evaluated,,47,
coarse_grid,3.1999999999999993,1.0069619843716933,4963.655978166684,0.2919538029289236,positive_alpha_scaling_without_clipping,1.0,0,
coarse_grid,3.1999999999999993,1.1,4962.667454122779,0.29203856624804164,positive_alpha_scaling_without_clipping,1.0,0,
coarse_grid,3.1999999999999993,1.1534900274281497,4962.183422543467,0.29213369072325884,positive_alpha_scaling_without_clipping,1.0,0,
coarse_grid,3.1999999999999993,1.3213400942900544,4963.532976932673,0.29196434995902826,positive_alpha_scaling_without_clipping,1.0,0,
coarse_grid,3.1999999999999993,1.5136148586141145,4964.165112470896,0.2919101460105428,positive_alpha_scaling_without_clipping,1.0,0,
coarse_grid,3.1999999999999993,1.6,4964.364198261672,0.29177509704673926,positive_alpha_scaling_without_clipping,1.0,0,
coarse_grid,3.1999999999999993,1.733868479521449,4962.029939474792,0.29214685148996894,positive_alpha_scaling_without_clipping,1.0,0,
coarse_grid,3.1999999999999993,1.9861722994914508,4963.317381499921,0.2919849322254471,positive_alpha_scaling_without_clipping,1.0,0,
coarse_grid,3.1999999999999993,2.1,4963.6424012755015,0.29195706264035504,positive_alpha_scaling_without_clipping,1.0,0,
coarse_grid,3.1999999999999993,2.2751901022827012,4961.128917952801,0.29226586735454635,positive_alpha_scaling_without_clipping,1.0,0,
coarse_grid,3.1999999999999993,2.6,4964.3038157952105,0.2916419194469414,positive_alpha_scaling_without_clipping,1.0,0,
coarse_grid,3.1999999999999993,2.6062643220080064,4962.103389919966,0.2922457103179853,positive_alpha_scaling_without_clipping,1.0,0,
coarse_grid,3.1999999999999993,2.9855147969204046,4962.962717623528,0.29207874506787224,positive_alpha_scaling_without_clipping,1.0,0,
coarse_grid,3.1999999999999993,3.1,4964.163477652253,0.2919123817208771,positive_alpha_scaling_without_clipping,1.0,0,
coarse_grid,3.1999999999999993,3.419951893353395,4963.271492111169,0.29198703382528723,positive_alpha_scaling_without_clipping,1.0,0,
coarse_grid,3.1999999999999993,3.6,4963.690235067163,0.2919966911383871,positive_alpha_scaling_without_clipping,1.0,0,
coarse_grid,3.1999999999999993,3.9176060908879475,4964.539825053629,0.2918300449539264,positive_alpha_scaling_without_clipping,1.0,0,
coarse_grid,3.1999999999999993,4.1,4964.142436597664,0.29184975370931043,positive_alpha_scaling_without_clipping,1.0,0,
coarse_grid,3.1999999999999993,4.487676424101213,4960.130182587507,0.29255922048798444,positive_alpha_scaling_without_clipping,1.0,0,
coarse_grid,3.1999999999999993,4.6,4973.493255912831,0.2899190444965135,positive_alpha_scaling_without_clipping,1.0,0,
coarse_grid,3.1999999999999993,5.1,4983.822643653544,0.287969704293324,positive_alpha_scaling_without_clipping,1.0,0,
coarse_grid,3.1999999999999993,5.140700524811874,4969.545531986397,0.2906948723202625,positive_alpha_scaling_without_clipping,1.0,0,
coarse_grid,3.1999999999999993,5.6,4969.824200064134,0.29065279162118307,positive_alpha_scaling_without_clipping,1.0,0,
coarse_grid,3.1999999999999993,5.8887494080177145,4981.95625809399,0.28824673062651823,positive_alpha_scaling_without_clipping,1.0,0,
coarse_grid,3.1999999999999993,6.1,4964.333200415361,0.29181318475833773,positive_alpha_scaling_without_clipping,1.0,0,
coarse_grid,3.1999999999999993,6.6,4965.157582379451,0.2915590982546231,positive_alpha_scaling_without_clipping,1.0,0,
coarse_grid,3.1999999999999993,6.745650602103109,4990.49173227262,0.28666225497702547,positive_alpha_scaling_without_clipping,1.0,0,
coarse_grid,3.1999999999999993,7.1,4998.295484437796,0.285125424202225,positive_alpha_scaling_without_clipping,1.0,0,
coarse_grid,3.1999999999999993,7.6,4963.447026412185,0.2919740295897441,positive_alpha_scaling_without_clipping,1.0,0,
coarse_grid,3.1999999999999993,7.727243747831959,4992.066588980559,0.28625659866271075,positive_alpha_scaling_without_clipping,1.0,0,
coarse_grid,3.1999999999999993,8.1,4992.869287293661,0.2861877694079359,positive_alpha_scaling_without_clipping,1.0,0,
coarse_grid,3.1999999999999993,8.6,4991.72535257866,0.2864125815774259,positive_alpha_scaling_without_clipping,1.0,0,
coarse_grid,3.1999999999999993,8.851673390820459,4972.814363353289,0.29012907034134805,positive_alpha_scaling_without_clipping,1.0,0,
coarse_grid,3.1999999999999993,9.1,4978.208409822692,0.2890680115473,positive_alpha_scaling_without_clipping,1.0,0,
coarse_grid,3.1999999999999993,9.6,4989.550661993813,0.2868389714770437,positive_alpha_scaling_without_clipping,1.0,0,
coarse_grid,3.1999999999999993,10.1,4980.605327679161,0.28859695642821304,positive_alpha_scaling_without_clipping,1.0,0,
coarse_grid,3.1999999999999993,10.13972437969778,4962.914052567071,0.29207374044992496,positive_alpha_scaling_without_clipping,1.0,0,
coarse_grid,3.1999999999999993,10.6,4961.633039843773,0.2923254919228829,positive_alpha_scaling_without_clipping,1.0,0,
coarse_grid,3.1999999999999993,11.1,4956.910742845257,0.29325857500113384,positive_alpha_scaling_without_clipping,1.0,0,
coarse_grid,3.1999999999999993,11.6,4987.526791944423,0.28723671324552336,positive_alpha_scaling_without_clipping,1.0,0,
coarse_grid,3.1999999999999993,11.615206069720077,4960.591883487299,0.29252846841065083,positive_alpha_scaling_without_clipping,1.0,0,
coarse_grid,3.1999999999999993,12.1,4972.57714314073,0.2892347936206445,positive_alpha_scaling_without_clipping,1.0,0,
coarse_grid,3.1999999999999993,12.6,4956.856068085596,0.29231025253598886,positive_alpha_scaling_without_clipping,1.0,0,
coarse_grid,3.1999999999999993,13.1,4975.266401126741,0.2896512228449599,positive_alpha_scaling_without_clipping,1.0,0,
coarse_grid,3.1999999999999993,13.305392433761932,4991.101252822822,0.2855943364941189,positive_alpha_scaling_without_clipping,1.0,0,
coarse_grid,3.1999999999999993,13.6,4971.126852685629,0.29045807990864014,positive_alpha_scaling_without_clipping,1.0,0,
coarse_grid,3.1999999999999993,14.1,4973.183799321265,0.289100251143941,positive_alpha_scaling_without_clipping,1.0,0,
coarse_grid,3.1999999999999993,14.6,4965.390632751994,0.2906471250853422,positive_alpha_scaling_without_clipping,1.0,0,
coarse_grid,3.1999999999999993,15.1,4979.641569364164,0.28878472223884144,positive_alpha_scaling_without_clipping,1.0,0,
coarse_grid,3.1999999999999993,15.241526216045477,4969.99354045137,0.28948565926006115,positive_alpha_scaling_without_clipping,1.0,0,
coarse_grid,3.1999999999999993,15.6,4957.129510296847,0.2920137672801268,positive_alpha_scaling_without_clipping,1.0,0,
coarse_grid,3.1999999999999993,16.1,4971.166345351539,0.28947432619451074,positive_alpha_scaling_without_clipping,1.0,0,
coarse_grid,3.1999999999999993,16.6,4971.0279199798115,0.28952331986430124,positive_alpha_scaling_without_clipping,1.0,0,
coarse_grid,3.1999999999999993,17.1,4991.020932784862,0.28548662764938665,positive_alpha_scaling_without_clipping,1.0,0,
coarse_grid,3.1999999999999993,17.459396447784496,4988.888044306705,0.2860399784906593,positive_alpha_scaling_without_clipping,1.0,0,
coarse_grid,3.1999999999999993,17.6,4969.350764282191,0.28961481627902885,positive_alpha_scaling_without_clipping,1.0,0,
coarse_grid,3.1999999999999993,18.1,4975.241686738327,0.28880680231820366,positive_alpha_scaling_without_clipping,1.0,0,
coarse_grid,3.1999999999999993,18.6,4975.001333964079,0.288827411932133,positive_alpha_scaling_without_clipping,1.0,0,
coarse_grid,3.1999999999999993,19.1,4968.985890836921,0.28969841845593847,positive_alpha_scaling_without_clipping,1.0,0,
coarse_grid,3.1999999999999993,19.6,4965.06368772637,0.2905759890068552,positive_alpha_scaling_without_clipping,1.0,0,
coarse_grid,3.1999999999999993,20.000000000000004,4964.728566478476,0.29064184882716937,positive_alpha_scaling_without_clipping,1.0,0,
coarse_grid,3.3999999999999995,0.1,30432.418641825243,-3.7580850356560513,evaluated,,13872,
coarse_grid,3.3999999999999995,0.11455149701087121,30434.712180473303,-3.758535774140091,evaluated,,13871,
coarse_grid,3.3999999999999995,0.13122045467431637,30434.712180473303,-3.758535774140091,evaluated,,13871,
coarse_grid,3.3999999999999995,0.1503149952139011,30433.368285446362,-3.7582716647004415,evaluated,,13870,
coarse_grid,3.3999999999999995,0.17218807724934312,30432.63722032788,-3.7581279918726396,evaluated,,13870,
coarse_grid,3.3999999999999995,0.1972440201633579,30432.44211910986,-3.7580896495376113,evaluated,,13870,
coarse_grid,3.3999999999999995,0.22594597786155107,30434.633278727662,-3.758520267946965,evaluated,,13868,
coarse_grid,3.3999999999999995,0.2588245000762584,30359.734311522298,-3.751577030916976,evaluated,,13852,
coarse_grid,3.3999999999999995,0.29648733946825756,29019.335889257327,-3.628800863165927,evaluated,,13750,
coarse_grid,3.3999999999999995,0.3396306858085926,24332.528576863715,-3.0358531958612427,evaluated,,13319,
coarse_grid,3.3999999999999995,0.3890520349020314,20176.687275602613,-2.3006598777813876,evaluated,,12650,
coarse_grid,3.3999999999999995,0.445664930131534,15201.574151483688,-1.3796670390351462,evaluated,,10988,
coarse_grid,3.3999999999999995,0.5105158491181254,12058.021767048991,-0.870639525298836,evaluated,,7760,
coarse_grid,3.3999999999999995,0.5848035476425733,7437.6048541967,-0.10829079454022555,evaluated,,3323,
coarse_grid,3.3999999999999995,0.6,6143.705534338725,0.10469592395071758,evaluated,,2674,
coarse_grid,3.3999999999999995,0.669901218397251,5334.75212819521,0.23690905661527834,evaluated,,1565,
coarse_grid,3.3999999999999995,0.7673818741681168,5289.404905141861,0.24408571098110232,evaluated,,408,
coarse_grid,3.3999999999999995,0.8790474246496578,4957.987758593075,0.2928975245665964,evaluated,,53,
coarse_grid,3.3999999999999995,1.0069619843716933,4963.655978166684,0.2919538029289236,positive_alpha_scaling_without_clipping,1.0,0,
coarse_grid,3.3999999999999995,1.1,4962.667454122779,0.29203856624804164,positive_alpha_scaling_without_clipping,1.0,0,
coarse_grid,3.3999999999999995,1.1534900274281497,4962.183422543467,0.29213369072325884,positive_alpha_scaling_without_clipping,1.0,0,
coarse_grid,3.3999999999999995,1.3213400942900544,4963.532976932673,0.29196434995902826,positive_alpha_scaling_without_clipping,1.0,0,
coarse_grid,3.3999999999999995,1.5136148586141145,4964.165112470896,0.2919101460105428,positive_alpha_scaling_without_clipping,1.0,0,
coarse_grid,3.3999999999999995,1.6,4964.364198261672,0.29177509704673926,positive_alpha_scaling_without_clipping,1.0,0,
coarse_grid,3.3999999999999995,1.733868479521449,4962.029939474792,0.29214685148996894,positive_alpha_scaling_without_clipping,1.0,0,
coarse_grid,3.3999999999999995,1.9861722994914508,4963.317381499921,0.2919849322254471,positive_alpha_scaling_without_clipping,1.0,0,
coarse_grid,3.3999999999999995,2.1,4963.6424012755015,0.29195706264035504,positive_alpha_scaling_without_clipping,1.0,0,
coarse_grid,3.3999999999999995,2.2751901022827012,4961.128917952801,0.29226586735454635,positive_alpha_scaling_without_clipping,1.0,0,
coarse_grid,3.3999999999999995,2.6,4964.3038157952105,0.2916419194469414,positive_alpha_scaling_without_clipping,1.0,0,
coarse_grid,3.3999999999999995,2.6062643220080064,4962.103389919966,0.2922457103179853,positive_alpha_scaling_without_clipping,1.0,0,
coarse_grid,3.3999999999999995,2.9855147969204046,4962.962717623528,0.29207874506787224,positive_alpha_scaling_without_clipping,1.0,0,
coarse_grid,3.3999999999999995,3.1,4964.163477652253,0.2919123817208771,positive_alpha_scaling_without_clipping,1.0,0,
coarse_grid,3.3999999999999995,3.419951893353395,4963.271492111169,0.29198703382528723,positive_alpha_scaling_without_clipping,1.0,0,
coarse_grid,3.3999999999999995,3.6,4963.690235067163,0.2919966911383871,positive_alpha_scaling_without_clipping,1.0,0,
coarse_grid,3.3999999999999995,3.9176060908879475,4964.539825053629,0.2918300449539264,positive_alpha_scaling_without_clipping,1.0,0,
coarse_grid,3.3999999999999995,4.1,4964.142436597664,0.29184975370931043,positive_alpha_scaling_without_clipping,1.0,0,
coarse_grid,3.3999999999999995,4.487676424101213,4960.130182587507,0.29255922048798444,positive_alpha_scaling_without_clipping,1.0,0,
coarse_grid,3.3999999999999995,4.6,4973.493255912831,0.2899190444965135,positive_alpha_scaling_without_clipping,1.0,0,
coarse_grid,3.3999999999999995,5.1,4983.822643653544,0.287969704293324,positive_alpha_scaling_without_clipping,1.0,0,
coarse_grid,3.3999999999999995,5.140700524811874,4969.545531986397,0.2906948723202625,positive_alpha_scaling_without_clipping,1.0,0,
coarse_grid,3.3999999999999995,5.6,4969.824200064134,0.29065279162118307,positive_alpha_scaling_without_clipping,1.0,0,
coarse_grid,3.3999999999999995,5.8887494080177145,4981.95625809399,0.28824673062651823,positive_alpha_scaling_without_clipping,1.0,0,
coarse_grid,3.3999999999999995,6.1,4964.333200415361,0.29181318475833773,positive_alpha_scaling_without_clipping,1.0,0,
coarse_grid,3.3999999999999995,6.6,4965.157582379451,0.2915590982546231,positive_alpha_scaling_without_clipping,1.0,0,
coarse_grid,3.3999999999999995,6.745650602103109,4990.49173227262,0.28666225497702547,positive_alpha_scaling_without_clipping,1.0,0,
coarse_grid,3.3999999999999995,7.1,4998.295484437796,0.285125424202225,positive_alpha_scaling_without_clipping,1.0,0,
coarse_grid,3.3999999999999995,7.6,4963.447026412185,0.2919740295897441,positive_alpha_scaling_without_clipping,1.0,0,
coarse_grid,3.3999999999999995,7.727243747831959,4992.066588980559,0.28625659866271075,positive_alpha_scaling_without_clipping,1.0,0,
coarse_grid,3.3999999999999995,8.1,4992.869287293661,0.2861877694079359,positive_alpha_scaling_without_clipping,1.0,0,
coarse_grid,3.3999999999999995,8.6,4991.72535257866,0.2864125815774259,positive_alpha_scaling_without_clipping,1.0,0,
coarse_grid,3.3999999999999995,8.851673390820459,4972.814363353289,0.29012907034134805,positive_alpha_scaling_without_clipping,1.0,0,
coarse_grid,3.3999999999999995,9.1,4978.208409822692,0.2890680115473,positive_alpha_scaling_without_clipping,1.0,0,
coarse_grid,3.3999999999999995,9.6,4989.550661993813,0.2868389714770437,positive_alpha_scaling_without_clipping,1.0,0,
coarse_grid,3.3999999999999995,10.1,4980.605327679161,0.28859695642821304,positive_alpha_scaling_without_clipping,1.0,0,
coarse_grid,3.3999999999999995,10.13972437969778,4962.914052567071,0.29207374044992496,positive_alpha_scaling_without_clipping,1.0,0,
coarse_grid,3.3999999999999995,10.6,4961.633039843773,0.2923254919228829,positive_alpha_scaling_without_clipping,1.0,0,
coarse_grid,3.3999999999999995,11.1,4956.910742845257,0.29325857500113384,positive_alpha_scaling_without_clipping,1.0,0,
coarse_grid,3.3999999999999995,11.6,4987.526791944423,0.28723671324552336,positive_alpha_scaling_without_clipping,1.0,0,
coarse_grid,3.3999999999999995,11.615206069720077,4960.591883487299,0.29252846841065083,positive_alpha_scaling_without_clipping,1.0,0,
coarse_grid,3.3999999999999995,12.1,4972.57714314073,0.2892347936206445,positive_alpha_scaling_without_clipping,1.0,0,
coarse_grid,3.3999999999999995,12.6,4956.856068085596,0.29231025253598886,positive_alpha_scaling_without_clipping,1.0,0,
coarse_grid,3.3999999999999995,13.1,4975.266401126741,0.2896512228449599,positive_alpha_scaling_without_clipping,1.0,0,
coarse_grid,3.3999999999999995,13.305392433761932,4991.101252822822,0.2855943364941189,positive_alpha_scaling_without_clipping,1.0,0,
coarse_grid,3.3999999999999995,13.6,4971.126852685629,0.29045807990864014,positive_alpha_scaling_without_clipping,1.0,0,
coarse_grid,3.3999999999999995,14.1,4973.183799321265,0.289100251143941,positive_alpha_scaling_without_clipping,1.0,0,
coarse_grid,3.3999999999999995,14.6,4965.390632751994,0.2906471250853422,positive_alpha_scaling_without_clipping,1.0,0,
coarse_grid,3.3999999999999995,15.1,4979.641569364164,0.28878472223884144,positive_alpha_scaling_without_clipping,1.0,0,
coarse_grid,3.3999999999999995,15.241526216045477,4969.99354045137,0.28948565926006115,positive_alpha_scaling_without_clipping,1.0,0,
coarse_grid,3.3999999999999995,15.6,4957.129510296847,0.2920137672801268,positive_alpha_scaling_without_clipping,1.0,0,
coarse_grid,3.3999999999999995,16.1,4971.166345351539,0.28947432619451074,positive_alpha_scaling_without_clipping,1.0,0,
coarse_grid,3.3999999999999995,16.6,4971.0279199798115,0.28952331986430124,positive_alpha_scaling_without_clipping,1.0,0,
coarse_grid,3.3999999999999995,17.1,4991.020932784862,0.28548662764938665,positive_alpha_scaling_without_clipping,1.0,0,
coarse_grid,3.3999999999999995,17.459396447784496,4988.888044306705,0.2860399784906593,positive_alpha_scaling_without_clipping,1.0,0,
coarse_grid,3.3999999999999995,17.6,4969.350764282191,0.28961481627902885,positive_alpha_scaling_without_clipping,1.0,0,
coarse_grid,3.3999999999999995,18.1,4975.241686738327,0.28880680231820366,positive_alpha_scaling_without_clipping,1.0,0,
coarse_grid,3.3999999999999995,18.6,4975.001333964079,0.288827411932133,positive_alpha_scaling_without_clipping,1.0,0,
coarse_grid,3.3999999999999995,19.1,4968.985890836921,0.28969841845593847,positive_alpha_scaling_without_clipping,1.0,0,
coarse_grid,3.3999999999999995,19.6,4965.06368772637,0.2905759890068552,positive_alpha_scaling_without_clipping,1.0,0,
coarse_grid,3.3999999999999995,20.000000000000004,4964.728566478476,0.29064184882716937,positive_alpha_scaling_without_clipping,1.0,0,
coarse_grid,3.5999999999999996,0.1,30432.418641825243,-3.7580850356560513,evaluated,,13872,
coarse_grid,3.5999999999999996,0.11455149701087121,30434.712180473303,-3.758535774140091,evaluated,,13871,
coarse_grid,3.5999999999999996,0.13122045467431637,30434.712180473303,-3.758535774140091,evaluated,,13871,
coarse_grid,3.5999999999999996,0.1503149952139011,30434.15971077994,-3.7584271998406016,evaluated,,13870,
coarse_grid,3.5999999999999996,0.17218807724934312,30432.833550286115,-3.758166575686268,evaluated,,13870,
coarse_grid,3.5999999999999996,0.1972440201633579,30432.49447822474,-3.7580999394309544,evaluated,,13870,
coarse_grid,3.5999999999999996,0.22594597786155107,30434.633278727662,-3.758520267946965,evaluated,,13868,
coarse_grid,3.5999999999999996,0.2588245000762584,30429.17275337434,-3.7577247616330567,evaluated,,13866,
coarse_grid,3.5999999999999996,0.29648733946825756,30039.8183174309,-3.723893434739842,evaluated,,13843,
coarse_grid,3.5999999999999996,0.3396306858085926,28562.9235145039,-3.5679016233452,evaluated,,13685,
coarse_grid,3.5999999999999996,0.3890520349020314,21504.66940746428,-2.5507903995947165,evaluated,,12829,
coarse_grid,3.5999999999999996,0.445664930131534,17006.259490328674,-1.7079063374777388,evaluated,,11770,
coarse_grid,3.5999999999999996,0.5105158491181254,13291.895248630897,-1.058757351749457,evaluated,,9533,
coarse_grid,3.5999999999999996,0.5848035476425733,10622.53517467374,-0.6526700474534906,evaluated,,5270,
coarse_grid,3.5999999999999996,0.6,8523.21493297734,-0.2834779432192175,evaluated,,4089,
coarse_grid,3.5999999999999996,0.669901218397251,5499.654322779628,0.20939757482786042,evaluated,,2193,
coarse_grid,3.5999999999999996,0.7673818741681168,5426.686334686645,0.21890708593761493,evaluated,,773,
coarse_grid,3.5999999999999996,0.8790474246496578,4970.245055199645,0.29047385041999263,evaluated,,86,
coarse_grid,3.5999999999999996,1.0069619843716933,4963.532976932673,0.2919643499590283,evaluated,,30,
coarse_grid,3.5999999999999996,1.1,4962.667454122779,0.29203856624804164,positive_alpha_scaling_without_clipping,1.0,0,
coarse_grid,3.5999999999999996,1.1534900274281497,4962.183422543467,0.29213369072325884,positive_alpha_scaling_without_clipping,1.0,0,
coarse_grid,3.5999999999999996,1.3213400942900544,4963.532976932673,0.29196434995902826,positive_alpha_scaling_without_clipping,1.0,0,
coarse_grid,3.5999999999999996,1.5136148586141145,4964.165112470896,0.2919101460105428,positive_alpha_scaling_without_clipping,1.0,0,
coarse_grid,3.5999999999999996,1.6,4964.364198261672,0.29177509704673926,positive_alpha_scaling_without_clipping,1.0,0,
coarse_grid,3.5999999999999996,1.733868479521449,4962.029939474792,0.29214685148996894,positive_alpha_scaling_without_clipping,1.0,0,
coarse_grid,3.5999999999999996,1.9861722994914508,4963.317381499921,0.2919849322254471,positive_alpha_scaling_without_clipping,1.0,0,
coarse_grid,3.5999999999999996,2.1,4963.6424012755015,0.29195706264035504,positive_alpha_scaling_without_clipping,1.0,0,
coarse_grid,3.5999999999999996,2.2751901022827012,4961.128917952801,0.29226586735454635,positive_alpha_scaling_without_clipping,1.0,0,
coarse_grid,3.5999999999999996,2.6,4964.3038157952105,0.2916419194469414,positive_alpha_scaling_without_clipping,1.0,0,
coarse_grid,3.5999999999999996,2.6062643220080064,4962.103389919966,0.2922457103179853,positive_alpha_scaling_without_clipping,1.0,0,
coarse_grid,3.5999999999999996,2.9855147969204046,4962.962717623528,0.29207874506787224,positive_alpha_scaling_without_clipping,1.0,0,
coarse_grid,3.5999999999999996,3.1,4964.163477652253,0.2919123817208771,positive_alpha_scaling_without_clipping,1.0,0,
coarse_grid,3.5999999999999996,3.419951893353395,4963.271492111169,0.29198703382528723,positive_alpha_scaling_without_clipping,1.0,0,
coarse_grid,3.5999999999999996,3.6,4963.690235067163,0.2919966911383871,positive_alpha_scaling_without_clipping,1.0,0,
coarse_grid,3.5999999999999996,3.9176060908879475,4964.539825053629,0.2918300449539264,positive_alpha_scaling_without_clipping,1.0,0,
coarse_grid,3.5999999999999996,4.1,4964.142436597664,0.29184975370931043,positive_alpha_scaling_without_clipping,1.0,0,
coarse_grid,3.5999999999999996,4.487676424101213,4960.130182587507,0.29255922048798444,positive_alpha_scaling_without_clipping,1.0,0,
coarse_grid,3.5999999999999996,4.6,4973.493255912831,0.2899190444965135,positive_alpha_scaling_without_clipping,1.0,0,
coarse_grid,3.5999999999999996,5.1,4983.822643653544,0.287969704293324,positive_alpha_scaling_without_clipping,1.0,0,
coarse_grid,3.5999999999999996,5.140700524811874,4969.545531986397,0.2906948723202625,positive_alpha_scaling_without_clipping,1.0,0,
coarse_grid,3.5999999999999996,5.6,4969.824200064134,0.29065279162118307,positive_alpha_scaling_without_clipping,1.0,0,
coarse_grid,3.5999999999999996,5.8887494080177145,4981.95625809399,0.28824673062651823,positive_alpha_scaling_without_clipping,1.0,0,
coarse_grid,3.5999999999999996,6.1,4964.333200415361,0.29181318475833773,positive_alpha_scaling_without_clipping,1.0,0,
coarse_grid,3.5999999999999996,6.6,4965.157582379451,0.2915590982546231,positive_alpha_scaling_without_clipping,1.0,0,
coarse_grid,3.5999999999999996,6.745650602103109,4990.49173227262,0.28666225497702547,positive_alpha_scaling_without_clipping,1.0,0,
coarse_grid,3.5999999999999996,7.1,4998.295484437796,0.285125424202225,positive_alpha_scaling_without_clipping,1.0,0,
coarse_grid,3.5999999999999996,7.6,4963.447026412185,0.2919740295897441,positive_alpha_scaling_without_clipping,1.0,0,
coarse_grid,3.5999999999999996,7.727243747831959,4992.066588980559,0.28625659866271075,positive_alpha_scaling_without_clipping,1.0,0,
coarse_grid,3.5999999999999996,8.1,4992.869287293661,0.2861877694079359,positive_alpha_scaling_without_clipping,1.0,0,
coarse_grid,3.5999999999999996,8.6,4991.72535257866,0.2864125815774259,positive_alpha_scaling_without_clipping,1.0,0,
coarse_grid,3.5999999999999996,8.851673390820459,4972.814363353289,0.29012907034134805,positive_alpha_scaling_without_clipping,1.0,0,
coarse_grid,3.5999999999999996,9.1,4978.208409822692,0.2890680115473,positive_alpha_scaling_without_clipping,1.0,0,
coarse_grid,3.5999999999999996,9.6,4989.550661993813,0.2868389714770437,positive_alpha_scaling_without_clipping,1.0,0,
coarse_grid,3.5999999999999996,10.1,4980.605327679161,0.28859695642821304,positive_alpha_scaling_without_clipping,1.0,0,
coarse_grid,3.5999999999999996,10.13972437969778,4962.914052567071,0.29207374044992496,positive_alpha_scaling_without_clipping,1.0,0,
coarse_grid,3.5999999999999996,10.6,4961.633039843773,0.2923254919228829,positive_alpha_scaling_without_clipping,1.0,0,
coarse_grid,3.5999999999999996,11.1,4956.910742845257,0.29325857500113384,positive_alpha_scaling_without_clipping,1.0,0,
coarse_grid,3.5999999999999996,11.6,4987.526791944423,0.28723671324552336,positive_alpha_scaling_without_clipping,1.0,0,
coarse_grid,3.5999999999999996,11.615206069720077,4960.591883487299,0.29252846841065083,positive_alpha_scaling_without_clipping,1.0,0,
coarse_grid,3.5999999999999996,12.1,4972.57714314073,0.2892347936206445,positive_alpha_scaling_without_clipping,1.0,0,
coarse_grid,3.5999999999999996,12.6,4956.856068085596,0.29231025253598886,positive_alpha_scaling_without_clipping,1.0,0,
coarse_grid,3.5999999999999996,13.1,4975.266401126741,0.2896512228449599,positive_alpha_scaling_without_clipping,1.0,0,
coarse_grid,3.5999999999999996,13.305392433761932,4991.101252822822,0.2855943364941189,positive_alpha_scaling_without_clipping,1.0,0,
coarse_grid,3.5999999999999996,13.6,4971.126852685629,0.29045807990864014,positive_alpha_scaling_without_clipping,1.0,0,
coarse_grid,3.5999999999999996,14.1,4973.183799321265,0.289100251143941,positive_alpha_scaling_without_clipping,1.0,0,
coarse_grid,3.5999999999999996,14.6,4965.390632751994,0.2906471250853422,positive_alpha_scaling_without_clipping,1.0,0,
coarse_grid,3.5999999999999996,15.1,4979.641569364164,0.28878472223884144,positive_alpha_scaling_without_clipping,1.0,0,
coarse_grid,3.5999999999999996,15.241526216045477,4969.99354045137,0.28948565926006115,positive_alpha_scaling_without_clipping,1.0,0,
coarse_grid,3.5999999999999996,15.6,4957.129510296847,0.2920137672801268,positive_alpha_scaling_without_clipping,1.0,0,
coarse_grid,3.5999999999999996,16.1,4971.166345351539,0.28947432619451074,positive_alpha_scaling_without_clipping,1.0,0,
coarse_grid,3.5999999999999996,16.6,4971.0279199798115,0.28952331986430124,positive_alpha_scaling_without_clipping,1.0,0,
coarse_grid,3.5999999999999996,17.1,4991.020932784862,0.28548662764938665,positive_alpha_scaling_without_clipping,1.0,0,
coarse_grid,3.5999999999999996,17.459396447784496,4988.888044306705,0.2860399784906593,positive_alpha_scaling_without_clipping,1.0,0,
coarse_grid,3.5999999999999996,17.6,4969.350764282191,0.28961481627902885,positive_alpha_scaling_without_clipping,1.0,0,
coarse_grid,3.5999999999999996,18.1,4975.241686738327,0.28880680231820366,positive_alpha_scaling_without_clipping,1.0,0,
coarse_grid,3.5999999999999996,18.6,4975.001333964079,0.288827411932133,positive_alpha_scaling_without_clipping,1.0,0,
coarse_grid,3.5999999999999996,19.1,4968.985890836921,0.28969841845593847,positive_alpha_scaling_without_clipping,1.0,0,
coarse_grid,3.5999999999999996,19.6,4965.06368772637,0.2905759890068552,positive_alpha_scaling_without_clipping,1.0,0,
coarse_grid,3.5999999999999996,20.000000000000004,4964.728566478476,0.29064184882716937,positive_alpha_scaling_without_clipping,1.0,0,
coarse_grid,3.7999999999999994,0.1,30432.418641825243,-3.7580850356560513,evaluated,,13872,
coarse_grid,3.7999999999999994,0.11455149701087121,30432.418641825243,-3.7580850356560513,evaluated,,13872,
coarse_grid,3.7999999999999994,0.13122045467431637,30434.712180473303,-3.758535774140091,evaluated,,13871,
coarse_grid,3.7999999999999994,0.1503149952139011,30434.712180473303,-3.758535774140091,evaluated,,13871,
coarse_grid,3.7999999999999994,0.17218807724934312,30433.15302012991,-3.758229359608924,evaluated,,13870,
coarse_grid,3.7999999999999994,0.1972440201633579,30432.580546822108,-3.7581168540921195,evaluated,,13870,
coarse_grid,3.7999999999999994,0.22594597786155107,30432.427797924625,-3.7580868350616807,evaluated,,13870,
coarse_grid,3.7999999999999994,0.2588245000762584,30429.727020062062,-3.7579919208710457,evaluated,,13867,
coarse_grid,3.7999999999999994,0.29648733946825756,30060.15117119177,-3.7257681223534935,evaluated,,13847,
coarse_grid,3.7999999999999994,0.3396306858085926,28962.890541738336,-3.620886651755316,evaluated,,13739,
coarse_grid,3.7999999999999994,0.3890520349020314,23923.256855641077,-2.956395691762192,evaluated,,13307,
coarse_grid,3.7999999999999994,0.445664930131534,17902.715807711153,-1.86969440563943,evaluated,,12074,
coarse_grid,3.7999999999999994,0.5105158491181254,14970.669408402351,-1.3492360211911676,evaluated,,10638,
coarse_grid,3.7999999999999994,0.5848035476425733,11799.363834216707,-0.8393805878396705,evaluated,,6812,
coarse_grid,3.7999999999999994,0.6,10729.730595284918,-0.6632837195219621,evaluated,,5908,
coarse_grid,3.7999999999999994,0.669901218397251,6143.018196984578,0.10475486130874201,evaluated,,2674,
coarse_grid,3.7999999999999994,0.7673818741681168,5366.315908884444,0.23068129428824735,evaluated,,1387,
coarse_grid,3.7999999999999994,0.8790474246496578,4993.9517483618365,0.2855571833062748,evaluated,,218,
coarse_grid,3.7999999999999994,1.0069619843716933,4963.17194658737,0.2920489274041407,evaluated,,53,
coarse_grid,3.7999999999999994,1.1,4962.66745412278,0.29203856624804153,evaluated,,7,
coarse_grid,3.7999999999999994,1.1534900274281497,4962.183422543467,0.29213369072325884,positive_alpha_scaling_without_clipping,1.0,0,
coarse_grid,3.7999999999999994,1.3213400942900544,4963.532976932673,0.29196434995902826,positive_alpha_scaling_without_clipping,1.0,0,
coarse_grid,3.7999999999999994,1.5136148586141145,4964.165112470896,0.2919101460105428,positive_alpha_scaling_without_clipping,1.0,0,
coarse_grid,3.7999999999999994,1.6,4964.364198261672,0.29177509704673926,positive_alpha_scaling_without_clipping,1.0,0,
coarse_grid,3.7999999999999994,1.733868479521449,4962.029939474792,0.29214685148996894,positive_alpha_scaling_without_clipping,1.0,0,
coarse_grid,3.7999999999999994,1.9861722994914508,4963.317381499921,0.2919849322254471,positive_alpha_scaling_without_clipping,1.0,0,
coarse_grid,3.7999999999999994,2.1,4963.6424012755015,0.29195706264035504,positive_alpha_scaling_without_clipping,1.0,0,
coarse_grid,3.7999999999999994,2.2751901022827012,4961.128917952801,0.29226586735454635,positive_alpha_scaling_without_clipping,1.0,0,
coarse_grid,3.7999999999999994,2.6,4964.3038157952105,0.2916419194469414,positive_alpha_scaling_without_clipping,1.0,0,
coarse_grid,3.7999999999999994,2.6062643220080064,4962.103389919966,0.2922457103179853,positive_alpha_scaling_without_clipping,1.0,0,
coarse_grid,3.7999999999999994,2.9855147969204046,4962.962717623528,0.29207874506787224,positive_alpha_scaling_without_clipping,1.0,0,
coarse_grid,3.7999999999999994,3.1,4964.163477652253,0.2919123817208771,positive_alpha_scaling_without_clipping,1.0,0,
coarse_grid,3.7999999999999994,3.419951893353395,4963.271492111169,0.29198703382528723,positive_alpha_scaling_without_clipping,1.0,0,
coarse_grid,3.7999999999999994,3.6,4963.690235067163,0.2919966911383871,positive_alpha_scaling_without_clipping,1.0,0,
coarse_grid,3.7999999999999994,3.9176060908879475,4964.539825053629,0.2918300449539264,positive_alpha_scaling_without_clipping,1.0,0,
coarse_grid,3.7999999999999994,4.1,4964.142436597664,0.29184975370931043,positive_alpha_scaling_without_clipping,1.0,0,
coarse_grid,3.7999999999999994,4.487676424101213,4960.130182587507,0.29255922048798444,positive_alpha_scaling_without_clipping,1.0,0,
coarse_grid,3.7999999999999994,4.6,4973.493255912831,0.2899190444965135,positive_alpha_scaling_without_clipping,1.0,0,
coarse_grid,3.7999999999999994,5.1,4983.822643653544,0.287969704293324,positive_alpha_scaling_without_clipping,1.0,0,
coarse_grid,3.7999999999999994,5.140700524811874,4969.545531986397,0.2906948723202625,positive_alpha_scaling_without_clipping,1.0,0,
coarse_grid,3.7999999999999994,5.6,4969.824200064134,0.29065279162118307,positive_alpha_scaling_without_clipping,1.0,0,
coarse_grid,3.7999999999999994,5.8887494080177145,4981.95625809399,0.28824673062651823,positive_alpha_scaling_without_clipping,1.0,0,
coarse_grid,3.7999999999999994,6.1,4964.333200415361,0.29181318475833773,positive_alpha_scaling_without_clipping,1.0,0,
coarse_grid,3.7999999999999994,6.6,4965.157582379451,0.2915590982546231,positive_alpha_scaling_without_clipping,1.0,0,
coarse_grid,3.7999999999999994,6.745650602103109,4990.49173227262,0.28666225497702547,positive_alpha_scaling_without_clipping,1.0,0,
coarse_grid,3.7999999999999994,7.1,4998.295484437796,0.285125424202225,positive_alpha_scaling_without_clipping,1.0,0,
coarse_grid,3.7999999999999994,7.6,4963.447026412185,0.2919740295897441,positive_alpha_scaling_without_clipping,1.0,0,
coarse_grid,3.7999999999999994,7.727243747831959,4992.066588980559,0.28625659866271075,positive_alpha_scaling_without_clipping,1.0,0,
coarse_grid,3.7999999999999994,8.1,4992.869287293661,0.2861877694079359,positive_alpha_scaling_without_clipping,1.0,0,
coarse_grid,3.7999999999999994,8.6,4991.72535257866,0.2864125815774259,positive_alpha_scaling_without_clipping,1.0,0,
coarse_grid,3.7999999999999994,8.851673390820459,4972.814363353289,0.29012907034134805,positive_alpha_scaling_without_clipping,1.0,0,
coarse_grid,3.7999999999999994,9.1,4978.208409822692,0.2890680115473,positive_alpha_scaling_without_clipping,1.0,0,
coarse_grid,3.7999999999999994,9.6,4989.550661993813,0.2868389714770437,positive_alpha_scaling_without_clipping,1.0,0,
coarse_grid,3.7999999999999994,10.1,4980.605327679161,0.28859695642821304,positive_alpha_scaling_without_clipping,1.0,0,
coarse_grid,3.7999999999999994,10.13972437969778,4962.914052567071,0.29207374044992496,positive_alpha_scaling_without_clipping,1.0,0,
coarse_grid,3.7999999999999994,10.6,4961.633039843773,0.2923254919228829,positive_alpha_scaling_without_clipping,1.0,0,
coarse_grid,3.7999999999999994,11.1,4956.910742845257,0.29325857500113384,positive_alpha_scaling_without_clipping,1.0,0,
coarse_grid,3.7999999999999994,11.6,4987.526791944423,0.28723671324552336,positive_alpha_scaling_without_clipping,1.0,0,
coarse_grid,3.7999999999999994,11.615206069720077,4960.591883487299,0.29252846841065083,positive_alpha_scaling_without_clipping,1.0,0,
coarse_grid,3.7999999999999994,12.1,4972.57714314073,0.2892347936206445,positive_alpha_scaling_without_clipping,1.0,0,
coarse_grid,3.7999999999999994,12.6,4956.856068085596,0.29231025253598886,positive_alpha_scaling_without_clipping,1.0,0,
coarse_grid,3.7999999999999994,13.1,4975.266401126741,0.2896512228449599,positive_alpha_scaling_without_clipping,1.0,0,
coarse_grid,3.7999999999999994,13.305392433761932,4991.101252822822,0.2855943364941189,positive_alpha_scaling_without_clipping,1.0,0,
coarse_grid,3.7999999999999994,13.6,4971.126852685629,0.29045807990864014,positive_alpha_scaling_without_clipping,1.0,0,
coarse_grid,3.7999999999999994,14.1,4973.183799321265,0.289100251143941,positive_alpha_scaling_without_clipping,1.0,0,
coarse_grid,3.7999999999999994,14.6,4965.390632751994,0.2906471250853422,positive_alpha_scaling_without_clipping,1.0,0,
coarse_grid,3.7999999999999994,15.1,4979.641569364164,0.28878472223884144,positive_alpha_scaling_without_clipping,1.0,0,
coarse_grid,3.7999999999999994,15.241526216045477,4969.99354045137,0.28948565926006115,positive_alpha_scaling_without_clipping,1.0,0,
coarse_grid,3.7999999999999994,15.6,4957.129510296847,0.2920137672801268,positive_alpha_scaling_without_clipping,1.0,0,
coarse_grid,3.7999999999999994,16.1,4971.166345351539,0.28947432619451074,positive_alpha_scaling_without_clipping,1.0,0,
coarse_grid,3.7999999999999994,16.6,4971.0279199798115,0.28952331986430124,positive_alpha_scaling_without_clipping,1.0,0,
coarse_grid,3.7999999999999994,17.1,4991.020932784862,0.28548662764938665,positive_alpha_scaling_without_clipping,1.0,0,
coarse_grid,3.7999999999999994,17.459396447784496,4988.888044306705,0.2860399784906593,positive_alpha_scaling_without_clipping,1.0,0,
coarse_grid,3.7999999999999994,17.6,4969.350764282191,0.28961481627902885,positive_alpha_scaling_without_clipping,1.0,0,
coarse_grid,3.7999999999999994,18.1,4975.241686738327,0.28880680231820366,positive_alpha_scaling_without_clipping,1.0,0,
coarse_grid,3.7999999999999994,18.6,4975.001333964079,0.288827411932133,positive_alpha_scaling_without_clipping,1.0,0,
coarse_grid,3.7999999999999994,19.1,4968.985890836921,0.28969841845593847,positive_alpha_scaling_without_clipping,1.0,0,
coarse_grid,3.7999999999999994,19.6,4965.06368772637,0.2905759890068552,positive_alpha_scaling_without_clipping,1.0,0,
coarse_grid,3.7999999999999994,20.000000000000004,4964.728566478476,0.29064184882716937,positive_alpha_scaling_without_clipping,1.0,0,
coarse_grid,3.999999999999999,0.1,30432.418641825243,-3.7580850356560513,evaluated,,13872,
coarse_grid,3.999999999999999,0.11455149701087121,30432.418641825243,-3.7580850356560513,evaluated,,13872,
coarse_grid,3.999999999999999,0.13122045467431637,30434.712180473303,-3.758535774140091,evaluated,,13871,
coarse_grid,3.999999999999999,0.1503149952139011,30434.712180473303,-3.758535774140091,evaluated,,13871,
coarse_grid,3.999999999999999,0.17218807724934312,30433.67515750145,-3.7583319728382714,evaluated,,13870,
coarse_grid,3.999999999999999,0.1972440201633579,30432.71558430483,-3.7581433923805867,evaluated,,13870,
coarse_grid,3.999999999999999,0.22594597786155107,30432.46272790279,-3.7580936996878416,evaluated,,13870,
coarse_grid,3.999999999999999,0.2588245000762584,30434.633278727662,-3.758520267946965,evaluated,,13868,
coarse_grid,3.999999999999999,0.29648733946825756,30424.699916373607,-3.757210519550195,evaluated,,13864,
coarse_grid,3.999999999999999,0.3396306858085926,29883.17345603549,-3.7062620579053838,evaluated,,13816,
coarse_grid,3.999999999999999,0.3890520349020314,25352.47927036921,-3.201563365171349,evaluated,,13373,
coarse_grid,3.999999999999999,0.445664930131534,20599.264167730453,-2.379669727408757,evaluated,,12710,
coarse_grid,3.999999999999999,0.5105158491181254,15444.767009668385,-1.4212606174624152,evaluated,,11164,
coarse_grid,3.999999999999999,0.5848035476425733,12087.52884794386,-0.8697439900194637,evaluated,,8182,
coarse_grid,3.999999999999999,0.6,12058.021364640794,-0.8706394907933988,evaluated,,7760,
coarse_grid,3.999999999999999,0.669901218397251,8308.324102294213,-0.24966750792608428,evaluated,,3932,
coarse_grid,3.999999999999999,0.7673818741681168,5422.873597250747,0.22317655834953454,evaluated,,1952,
coarse_grid,3.999999999999999,0.8790474246496578,5350.506233775692,0.23373258807420544,evaluated,,503,
coarse_grid,3.999999999999999,1.0069619843716933,4963.655978166684,0.2919538029289236,evaluated,,53,
coarse_grid,3.999999999999999,1.1,4962.667454122779,0.29203856624804164,evaluated,,47,
coarse_grid,3.999999999999999,1.1534900274281497,4962.183422543467,0.29213369072325884,evaluated,,9,
coarse_grid,3.999999999999999,1.3213400942900544,4963.532976932673,0.29196434995902826,positive_alpha_scaling_without_clipping,1.0,0,
coarse_grid,3.999999999999999,1.5136148586141145,4964.165112470896,0.2919101460105428,positive_alpha_scaling_without_clipping,1.0,0,
coarse_grid,3.999999999999999,1.6,4964.364198261672,0.29177509704673926,positive_alpha_scaling_without_clipping,1.0,0,
coarse_grid,3.999999999999999,1.733868479521449,4962.029939474792,0.29214685148996894,positive_alpha_scaling_without_clipping,1.0,0,
coarse_grid,3.999999999999999,1.9861722994914508,4963.317381499921,0.2919849322254471,positive_alpha_scaling_without_clipping,1.0,0,
coarse_grid,3.999999999999999,2.1,4963.6424012755015,0.29195706264035504,positive_alpha_scaling_without_clipping,1.0,0,
coarse_grid,3.999999999999999,2.2751901022827012,4961.128917952801,0.29226586735454635,positive_alpha_scaling_without_clipping,1.0,0,
coarse_grid,3.999999999999999,2.6,4964.3038157952105,0.2916419194469414,positive_alpha_scaling_without_clipping,1.0,0,
coarse_grid,3.999999999999999,2.6062643220080064,4962.103389919966,0.2922457103179853,positive_alpha_scaling_without_clipping,1.0,0,
coarse_grid,3.999999999999999,2.9855147969204046,4962.962717623528,0.29207874506787224,positive_alpha_scaling_without_clipping,1.0,0,
coarse_grid,3.999999999999999,3.1,4964.163477652253,0.2919123817208771,positive_alpha_scaling_without_clipping,1.0,0,
coarse_grid,3.999999999999999,3.419951893353395,4963.271492111169,0.29198703382528723,positive_alpha_scaling_without_clipping,1.0,0,
coarse_grid,3.999999999999999,3.6,4963.690235067163,0.2919966911383871,positive_alpha_scaling_without_clipping,1.0,0,
coarse_grid,3.999999999999999,3.9176060908879475,4964.539825053629,0.2918300449539264,positive_alpha_scaling_without_clipping,1.0,0,
coarse_grid,3.999999999999999,4.1,4964.142436597664,0.29184975370931043,positive_alpha_scaling_without_clipping,1.0,0,
coarse_grid,3.999999999999999,4.487676424101213,4960.130182587507,0.29255922048798444,positive_alpha_scaling_without_clipping,1.0,0,
coarse_grid,3.999999999999999,4.6,4973.493255912831,0.2899190444965135,positive_alpha_scaling_without_clipping,1.0,0,
coarse_grid,3.999999999999999,5.1,4983.822643653544,0.287969704293324,positive_alpha_scaling_without_clipping,1.0,0,
coarse_grid,3.999999999999999,5.140700524811874,4969.545531986397,0.2906948723202625,positive_alpha_scaling_without_clipping,1.0,0,
coarse_grid,3.999999999999999,5.6,4969.824200064134,0.29065279162118307,positive_alpha_scaling_without_clipping,1.0,0,
coarse_grid,3.999999999999999,5.8887494080177145,4981.95625809399,0.28824673062651823,positive_alpha_scaling_without_clipping,1.0,0,
coarse_grid,3.999999999999999,6.1,4964.333200415361,0.29181318475833773,positive_alpha_scaling_without_clipping,1.0,0,
coarse_grid,3.999999999999999,6.6,4965.157582379451,0.2915590982546231,positive_alpha_scaling_without_clipping,1.0,0,
coarse_grid,3.999999999999999,6.745650602103109,4990.49173227262,0.28666225497702547,positive_alpha_scaling_without_clipping,1.0,0,
coarse_grid,3.999999999999999,7.1,4998.295484437796,0.285125424202225,positive_alpha_scaling_without_clipping,1.0,0,
coarse_grid,3.999999999999999,7.6,4963.447026412185,0.2919740295897441,positive_alpha_scaling_without_clipping,1.0,0,
coarse_grid,3.999999999999999,7.727243747831959,4992.066588980559,0.28625659866271075,positive_alpha_scaling_without_clipping,1.0,0,
coarse_grid,3.999999999999999,8.1,4992.869287293661,0.2861877694079359,positive_alpha_scaling_without_clipping,1.0,0,
coarse_grid,3.999999999999999,8.6,4991.72535257866,0.2864125815774259,positive_alpha_scaling_without_clipping,1.0,0,
coarse_grid,3.999999999999999,8.851673390820459,4972.814363353289,0.29012907034134805,positive_alpha_scaling_without_clipping,1.0,0,
coarse_grid,3.999999999999999,9.1,4978.208409822692,0.2890680115473,positive_alpha_scaling_without_clipping,1.0,0,
coarse_grid,3.999999999999999,9.6,4989.550661993813,0.2868389714770437,positive_alpha_scaling_without_clipping,1.0,0,
coarse_grid,3.999999999999999,10.1,4980.605327679161,0.28859695642821304,positive_alpha_scaling_without_clipping,1.0,0,
coarse_grid,3.999999999999999,10.13972437969778,4962.914052567071,0.29207374044992496,positive_alpha_scaling_without_clipping,1.0,0,
coarse_grid,3.999999999999999,10.6,4961.633039843773,0.2923254919228829,positive_alpha_scaling_without_clipping,1.0,0,
coarse_grid,3.999999999999999,11.1,4956.910742845257,0.29325857500113384,positive_alpha_scaling_without_clipping,1.0,0,
coarse_grid,3.999999999999999,11.6,4987.526791944423,0.28723671324552336,positive_alpha_scaling_without_clipping,1.0,0,
coarse_grid,3.999999999999999,11.615206069720077,4960.591883487299,0.29252846841065083,positive_alpha_scaling_without_clipping,1.0,0,
coarse_grid,3.999999999999999,12.1,4972.57714314073,0.2892347936206445,positive_alpha_scaling_without_clipping,1.0,0,
coarse_grid,3.999999999999999,12.6,4956.856068085596,0.29231025253598886,positive_alpha_scaling_without_clipping,1.0,0,
coarse_grid,3.999999999999999,13.1,4975.266401126741,0.2896512228449599,positive_alpha_scaling_without_clipping,1.0,0,
coarse_grid,3.999999999999999,13.305392433761932,4991.101252822822,0.2855943364941189,positive_alpha_scaling_without_clipping,1.0,0,
coarse_grid,3.999999999999999,13.6,4971.126852685629,0.29045807990864014,positive_alpha_scaling_without_clipping,1.0,0,
coarse_grid,3.999999999999999,14.1,4973.183799321265,0.289100251143941,positive_alpha_scaling_without_clipping,1.0,0,
coarse_grid,3.999999999999999,14.6,4965.390632751994,0.2906471250853422,positive_alpha_scaling_without_clipping,1.0,0,
coarse_grid,3.999999999999999,15.1,4979.641569364164,0.28878472223884144,positive_alpha_scaling_without_clipping,1.0,0,
coarse_grid,3.999999999999999,15.241526216045477,4969.99354045137,0.28948565926006115,positive_alpha_scaling_without_clipping,1.0,0,
coarse_grid,3.999999999999999,15.6,4957.129510296847,0.2920137672801268,positive_alpha_scaling_without_clipping,1.0,0,
coarse_grid,3.999999999999999,16.1,4971.166345351539,0.28947432619451074,positive_alpha_scaling_without_clipping,1.0,0,
coarse_grid,3.999999999999999,16.6,4971.0279199798115,0.28952331986430124,positive_alpha_scaling_without_clipping,1.0,0,
coarse_grid,3.999999999999999,17.1,4991.020932784862,0.28548662764938665,positive_alpha_scaling_without_clipping,1.0,0,
coarse_grid,3.999999999999999,17.459396447784496,4988.888044306705,0.2860399784906593,positive_alpha_scaling_without_clipping,1.0,0,
coarse_grid,3.999999999999999,17.6,4969.350764282191,0.28961481627902885,positive_alpha_scaling_without_clipping,1.0,0,
coarse_grid,3.999999999999999,18.1,4975.241686738327,0.28880680231820366,positive_alpha_scaling_without_clipping,1.0,0,
coarse_grid,3.999999999999999,18.6,4975.001333964079,0.288827411932133,positive_alpha_scaling_without_clipping,1.0,0,
coarse_grid,3.999999999999999,19.1,4968.985890836921,0.28969841845593847,positive_alpha_scaling_without_clipping,1.0,0,
coarse_grid,3.999999999999999,19.6,4965.06368772637,0.2905759890068552,positive_alpha_scaling_without_clipping,1.0,0,
coarse_grid,3.999999999999999,20.000000000000004,4964.728566478476,0.29064184882716937,positive_alpha_scaling_without_clipping,1.0,0,
coarse_grid,4.199999999999999,0.1,30432.418641825243,-3.7580850356560513,evaluated,,13872,
coarse_grid,4.199999999999999,0.11455149701087121,30432.418641825243,-3.7580850356560513,evaluated,,13872,
coarse_grid,4.199999999999999,0.13122045467431637,30434.712180473303,-3.758535774140091,evaluated,,13871,
coarse_grid,4.199999999999999,0.1503149952139011,30434.712180473303,-3.758535774140091,evaluated,,13871,
coarse_grid,4.199999999999999,0.17218807724934312,30434.5465704011,-3.758503227562796,evaluated,,13870,
coarse_grid,4.199999999999999,0.1972440201633579,30432.923059666442,-3.7581841665485065,evaluated,,13870,
coarse_grid,4.199999999999999,0.22594597786155107,30432.51871984075,-3.75810470352301,evaluated,,13870,
coarse_grid,4.199999999999999,0.2588245000762584,30434.633278727662,-3.758520267946965,evaluated,,13869,
coarse_grid,4.199999999999999,0.29648733946825756,30428.960427067315,-3.757706555214477,evaluated,,13866,
coarse_grid,4.199999999999999,0.3396306858085926,30052.736830323007,-3.7250338126482836,evaluated,,13845,
coarse_grid,4.199999999999999,0.3890520349020314,28756.453374517554,-3.587609286588595,evaluated,,13722,
coarse_grid,4.199999999999999,0.445664930131534,22076.510633342972,-2.648826757497916,evaluated,,13016,
coarse_grid,4.199999999999999,0.5105158491181254,17209.44059984418,-1.7385580502556972,evaluated,,11918,
coarse_grid,4.199999999999999,0.5848035476425733,13227.793005971056,-1.0440524535641582,evaluated,,9680,
coarse_grid,4.199999999999999,0.6,13213.037107360637,-1.0474644414993808,evaluated,,9328,
coarse_grid,4.199999999999999,0.669901218397251,10801.664121982101,-0.6795063081427282,evaluated,,5720,
coarse_grid,4.199999999999999,0.7673818741681168,5709.758150438205,0.17571857130230129,evaluated,,2386,
coarse_grid,4.199999999999999,0.8790474246496578,5440.853715817462,0.21603272574153531,evaluated,,918,
coarse_grid,4.199999999999999,1.0069619843716933,4984.193644000607,0.2883158135513847,evaluated,,127,
coarse_grid,4.199999999999999,1.1,4964.766941587964,0.2917348779847776,evaluated,,53,
coarse_grid,4.199999999999999,1.1534900274281497,4972.3226065483295,0.29014108404465855,evaluated,,47,
coarse_grid,4.199999999999999,1.3213400942900544,4963.532976932673,0.29196434995902826,positive_alpha_scaling_without_clipping,1.0,0,
coarse_grid,4.199999999999999,1.5136148586141145,4964.165112470896,0.2919101460105428,positive_alpha_scaling_without_clipping,1.0,0,
coarse_grid,4.199999999999999,1.6,4964.364198261672,0.29177509704673926,positive_alpha_scaling_without_clipping,1.0,0,
coarse_grid,4.199999999999999,1.733868479521449,4962.029939474792,0.29214685148996894,positive_alpha_scaling_without_clipping,1.0,0,
coarse_grid,4.199999999999999,1.9861722994914508,4963.317381499921,0.2919849322254471,positive_alpha_scaling_without_clipping,1.0,0,
coarse_grid,4.199999999999999,2.1,4963.6424012755015,0.29195706264035504,positive_alpha_scaling_without_clipping,1.0,0,
coarse_grid,4.199999999999999,2.2751901022827012,4961.128917952801,0.29226586735454635,positive_alpha_scaling_without_clipping,1.0,0,
coarse_grid,4.199999999999999,2.6,4964.3038157952105,0.2916419194469414,positive_alpha_scaling_without_clipping,1.0,0,
coarse_grid,4.199999999999999,2.6062643220080064,4962.103389919966,0.2922457103179853,positive_alpha_scaling_without_clipping,1.0,0,
coarse_grid,4.199999999999999,2.9855147969204046,4962.962717623528,0.29207874506787224,positive_alpha_scaling_without_clipping,1.0,0,
coarse_grid,4.199999999999999,3.1,4964.163477652253,0.2919123817208771,positive_alpha_scaling_without_clipping,1.0,0,
coarse_grid,4.199999999999999,3.419951893353395,4963.271492111169,0.29198703382528723,positive_alpha_scaling_without_clipping,1.0,0,
coarse_grid,4.199999999999999,3.6,4963.690235067163,0.2919966911383871,positive_alpha_scaling_without_clipping,1.0,0,
coarse_grid,4.199999999999999,3.9176060908879475,4964.539825053629,0.2918300449539264,positive_alpha_scaling_without_clipping,1.0,0,
coarse_grid,4.199999999999999,4.1,4964.142436597664,0.29184975370931043,positive_alpha_scaling_without_clipping,1.0,0,
coarse_grid,4.199999999999999,4.487676424101213,4960.130182587507,0.29255922048798444,positive_alpha_scaling_without_clipping,1.0,0,
coarse_grid,4.199999999999999,4.6,4973.493255912831,0.2899190444965135,positive_alpha_scaling_without_clipping,1.0,0,
coarse_grid,4.199999999999999,5.1,4983.822643653544,0.287969704293324,positive_alpha_scaling_without_clipping,1.0,0,
coarse_grid,4.199999999999999,5.140700524811874,4969.545531986397,0.2906948723202625,positive_alpha_scaling_without_clipping,1.0,0,
coarse_grid,4.199999999999999,5.6,4969.824200064134,0.29065279162118307,positive_alpha_scaling_without_clipping,1.0,0,
coarse_grid,4.199999999999999,5.8887494080177145,4981.95625809399,0.28824673062651823,positive_alpha_scaling_without_clipping,1.0,0,
coarse_grid,4.199999999999999,6.1,4964.333200415361,0.29181318475833773,positive_alpha_scaling_without_clipping,1.0,0,
coarse_grid,4.199999999999999,6.6,4965.157582379451,0.2915590982546231,positive_alpha_scaling_without_clipping,1.0,0,
coarse_grid,4.199999999999999,6.745650602103109,4990.49173227262,0.28666225497702547,positive_alpha_scaling_without_clipping,1.0,0,
coarse_grid,4.199999999999999,7.1,4998.295484437796,0.285125424202225,positive_alpha_scaling_without_clipping,1.0,0,
coarse_grid,4.199999999999999,7.6,4963.447026412185,0.2919740295897441,positive_alpha_scaling_without_clipping,1.0,0,
coarse_grid,4.199999999999999,7.727243747831959,4992.066588980559,0.28625659866271075,positive_alpha_scaling_without_clipping,1.0,0,
coarse_grid,4.199999999999999,8.1,4992.869287293661,0.2861877694079359,positive_alpha_scaling_without_clipping,1.0,0,
coarse_grid,4.199999999999999,8.6,4991.72535257866,0.2864125815774259,positive_alpha_scaling_without_clipping,1.0,0,
coarse_grid,4.199999999999999,8.851673390820459,4972.814363353289,0.29012907034134805,positive_alpha_scaling_without_clipping,1.0,0,
coarse_grid,4.199999999999999,9.1,4978.208409822692,0.2890680115473,positive_alpha_scaling_without_clipping,1.0,0,
coarse_grid,4.199999999999999,9.6,4989.550661993813,0.2868389714770437,positive_alpha_scaling_without_clipping,1.0,0,
coarse_grid,4.199999999999999,10.1,4980.605327679161,0.28859695642821304,positive_alpha_scaling_without_clipping,1.0,0,
coarse_grid,4.199999999999999,10.13972437969778,4962.914052567071,0.29207374044992496,positive_alpha_scaling_without_clipping,1.0,0,
coarse_grid,4.199999999999999,10.6,4961.633039843773,0.2923254919228829,positive_alpha_scaling_without_clipping,1.0,0,
coarse_grid,4.199999999999999,11.1,4956.910742845257,0.29325857500113384,positive_alpha_scaling_without_clipping,1.0,0,
coarse_grid,4.199999999999999,11.6,4987.526791944423,0.28723671324552336,positive_alpha_scaling_without_clipping,1.0,0,
coarse_grid,4.199999999999999,11.615206069720077,4960.591883487299,0.29252846841065083,positive_alpha_scaling_without_clipping,1.0,0,
coarse_grid,4.199999999999999,12.1,4972.57714314073,0.2892347936206445,positive_alpha_scaling_without_clipping,1.0,0,
coarse_grid,4.199999999999999,12.6,4956.856068085596,0.29231025253598886,positive_alpha_scaling_without_clipping,1.0,0,
coarse_grid,4.199999999999999,13.1,4975.266401126741,0.2896512228449599,positive_alpha_scaling_without_clipping,1.0,0,
coarse_grid,4.199999999999999,13.305392433761932,4991.101252822822,0.2855943364941189,positive_alpha_scaling_without_clipping,1.0,0,
coarse_grid,4.199999999999999,13.6,4971.126852685629,0.29045807990864014,positive_alpha_scaling_without_clipping,1.0,0,
coarse_grid,4.199999999999999,14.1,4973.183799321265,0.289100251143941,positive_alpha_scaling_without_clipping,1.0,0,
coarse_grid,4.199999999999999,14.6,4965.390632751994,0.2906471250853422,positive_alpha_scaling_without_clipping,1.0,0,
coarse_grid,4.199999999999999,15.1,4979.641569364164,0.28878472223884144,positive_alpha_scaling_without_clipping,1.0,0,
coarse_grid,4.199999999999999,15.241526216045477,4969.99354045137,0.28948565926006115,positive_alpha_scaling_without_clipping,1.0,0,
coarse_grid,4.199999999999999,15.6,4957.129510296847,0.2920137672801268,positive_alpha_scaling_without_clipping,1.0,0,
coarse_grid,4.199999999999999,16.1,4971.166345351539,0.28947432619451074,positive_alpha_scaling_without_clipping,1.0,0,
coarse_grid,4.199999999999999,16.6,4971.0279199798115,0.28952331986430124,positive_alpha_scaling_without_clipping,1.0,0,
coarse_grid,4.199999999999999,17.1,4991.020932784862,0.28548662764938665,positive_alpha_scaling_without_clipping,1.0,0,
coarse_grid,4.199999999999999,17.459396447784496,4988.888044306705,0.2860399784906593,positive_alpha_scaling_without_clipping,1.0,0,
coarse_grid,4.199999999999999,17.6,4969.350764282191,0.28961481627902885,positive_alpha_scaling_without_clipping,1.0,0,
coarse_grid,4.199999999999999,18.1,4975.241686738327,0.28880680231820366,positive_alpha_scaling_without_clipping,1.0,0,
coarse_grid,4.199999999999999,18.6,4975.001333964079,0.288827411932133,positive_alpha_scaling_without_clipping,1.0,0,
coarse_grid,4.199999999999999,19.1,4968.985890836921,0.28969841845593847,positive_alpha_scaling_without_clipping,1.0,0,
coarse_grid,4.199999999999999,19.6,4965.06368772637,0.2905759890068552,positive_alpha_scaling_without_clipping,1.0,0,
coarse_grid,4.199999999999999,20.000000000000004,4964.728566478476,0.29064184882716937,positive_alpha_scaling_without_clipping,1.0,0,
coarse_grid,4.3999999999999995,0.1,30432.418641825243,-3.7580850356560513,evaluated,,13872,
coarse_grid,4.3999999999999995,0.11455149701087121,30432.418641825243,-3.7580850356560513,evaluated,,13872,
coarse_grid,4.3999999999999995,0.13122045467431637,30432.418641825243,-3.7580850356560513,evaluated,,13872,
coarse_grid,4.3999999999999995,0.1503149952139011,30434.712180473303,-3.758535774140091,evaluated,,13871,
coarse_grid,4.3999999999999995,0.17218807724934312,30434.712180473303,-3.758535774140091,evaluated,,13871,
coarse_grid,4.3999999999999995,0.1972440201633579,30433.240190176133,-3.7582464907327107,evaluated,,13870,
coarse_grid,4.3999999999999995,0.22594597786155107,30432.603657636944,-3.758121395953079,evaluated,,13870,
coarse_grid,4.3999999999999995,0.2588245000762584,30432.433551961047,-3.7580879658756983,evaluated,,13870,
coarse_grid,4.3999999999999995,0.29648733946825756,30430.30103711643,-3.7581047297731835,evaluated,,13867,
coarse_grid,4.3999999999999995,0.3396306858085926,30060.609383638213,-3.7258581727146036,evaluated,,13847,
coarse_grid,4.3999999999999995,0.3890520349020314,28973.284355325763,-3.6229292996015827,evaluated,,13739,
coarse_grid,4.3999999999999995,0.445664930131534,24241.85159280548,-3.01835300687412,evaluated,,13316,
coarse_grid,4.3999999999999995,0.5105158491181254,18687.67840403862,-2.0182093614825476,evaluated,,12303,
coarse_grid,4.3999999999999995,0.5848035476425733,15176.913978008597,-1.3796238194085637,evaluated,,10878,
coarse_grid,4.3999999999999995,0.6,13700.826150038069,-1.1262033183187667,evaluated,,9945,
coarse_grid,4.3999999999999995,0.669901218397251,12063.158399012284,-0.8786536337265849,evaluated,,7290,
coarse_grid,4.3999999999999995,0.7673818741681168,6951.907305804547,-0.026096347231945594,evaluated,,3038,
coarse_grid,4.3999999999999995,0.8790474246496578,5356.680584468215,0.23257487978517233,evaluated,,1446,
coarse_grid,4.3999999999999995,1.0069619843716933,5102.849990476841,0.27175338239590924,evaluated,,281,
coarse_grid,4.3999999999999995,1.1,4961.571731148229,0.29230920688229295,evaluated,,55,
coarse_grid,4.3999999999999995,1.1534900274281497,4973.542019813431,0.28990143842674204,evaluated,,53,
coarse_grid,4.3999999999999995,1.3213400942900544,4963.532976932673,0.29196434995902826,positive_alpha_scaling_without_clipping,1.0,0,
coarse_grid,4.3999999999999995,1.5136148586141145,4964.165112470896,0.2919101460105428,positive_alpha_scaling_without_clipping,1.0,0,
coarse_grid,4.3999999999999995,1.6,4964.364198261672,0.29177509704673926,positive_alpha_scaling_without_clipping,1.0,0,
coarse_grid,4.3999999999999995,1.733868479521449,4962.029939474792,0.29214685148996894,positive_alpha_scaling_without_clipping,1.0,0,
coarse_grid,4.3999999999999995,1.9861722994914508,4963.317381499921,0.2919849322254471,positive_alpha_scaling_without_clipping,1.0,0,
coarse_grid,4.3999999999999995,2.1,4963.6424012755015,0.29195706264035504,positive_alpha_scaling_without_clipping,1.0,0,
coarse_grid,4.3999999999999995,2.2751901022827012,4961.128917952801,0.29226586735454635,positive_alpha_scaling_without_clipping,1.0,0,
coarse_grid,4.3999999999999995,2.6,4964.3038157952105,0.2916419194469414,positive_alpha_scaling_without_clipping,1.0,0,
coarse_grid,4.3999999999999995,2.6062643220080064,4962.103389919966,0.2922457103179853,positive_alpha_scaling_without_clipping,1.0,0,
coarse_grid,4.3999999999999995,2.9855147969204046,4962.962717623528,0.29207874506787224,positive_alpha_scaling_without_clipping,1.0,0,
coarse_grid,4.3999999999999995,3.1,4964.163477652253,0.2919123817208771,positive_alpha_scaling_without_clipping,1.0,0,
coarse_grid,4.3999999999999995,3.419951893353395,4963.271492111169,0.29198703382528723,positive_alpha_scaling_without_clipping,1.0,0,
coarse_grid,4.3999999999999995,3.6,4963.690235067163,0.2919966911383871,positive_alpha_scaling_without_clipping,1.0,0,
coarse_grid,4.3999999999999995,3.9176060908879475,4964.539825053629,0.2918300449539264,positive_alpha_scaling_without_clipping,1.0,0,
coarse_grid,4.3999999999999995,4.1,4964.142436597664,0.29184975370931043,positive_alpha_scaling_without_clipping,1.0,0,
coarse_grid,4.3999999999999995,4.487676424101213,4960.130182587507,0.29255922048798444,positive_alpha_scaling_without_clipping,1.0,0,
coarse_grid,4.3999999999999995,4.6,4973.493255912831,0.2899190444965135,positive_alpha_scaling_without_clipping,1.0,0,
coarse_grid,4.3999999999999995,5.1,4983.822643653544,0.287969704293324,positive_alpha_scaling_without_clipping,1.0,0,
coarse_grid,4.3999999999999995,5.140700524811874,4969.545531986397,0.2906948723202625,positive_alpha_scaling_without_clipping,1.0,0,
coarse_grid,4.3999999999999995,5.6,4969.824200064134,0.29065279162118307,positive_alpha_scaling_without_clipping,1.0,0,
coarse_grid,4.3999999999999995,5.8887494080177145,4981.95625809399,0.28824673062651823,positive_alpha_scaling_without_clipping,1.0,0,
coarse_grid,4.3999999999999995,6.1,4964.333200415361,0.29181318475833773,positive_alpha_scaling_without_clipping,1.0,0,
coarse_grid,4.3999999999999995,6.6,4965.157582379451,0.2915590982546231,positive_alpha_scaling_without_clipping,1.0,0,
coarse_grid,4.3999999999999995,6.745650602103109,4990.49173227262,0.28666225497702547,positive_alpha_scaling_without_clipping,1.0,0,
coarse_grid,4.3999999999999995,7.1,4998.295484437796,0.285125424202225,positive_alpha_scaling_without_clipping,1.0,0,
coarse_grid,4.3999999999999995,7.6,4963.447026412185,0.2919740295897441,positive_alpha_scaling_without_clipping,1.0,0,
coarse_grid,4.3999999999999995,7.727243747831959,4992.066588980559,0.28625659866271075,positive_alpha_scaling_without_clipping,1.0,0,
coarse_grid,4.3999999999999995,8.1,4992.869287293661,0.2861877694079359,positive_alpha_scaling_without_clipping,1.0,0,
coarse_grid,4.3999999999999995,8.6,4991.72535257866,0.2864125815774259,positive_alpha_scaling_without_clipping,1.0,0,
coarse_grid,4.3999999999999995,8.851673390820459,4972.814363353289,0.29012907034134805,positive_alpha_scaling_without_clipping,1.0,0,
coarse_grid,4.3999999999999995,9.1,4978.208409822692,0.2890680115473,positive_alpha_scaling_without_clipping,1.0,0,
coarse_grid,4.3999999999999995,9.6,4989.550661993813,0.2868389714770437,positive_alpha_scaling_without_clipping,1.0,0,
coarse_grid,4.3999999999999995,10.1,4980.605327679161,0.28859695642821304,positive_alpha_scaling_without_clipping,1.0,0,
coarse_grid,4.3999999999999995,10.13972437969778,4962.914052567071,0.29207374044992496,positive_alpha_scaling_without_clipping,1.0,0,
coarse_grid,4.3999999999999995,10.6,4961.633039843773,0.2923254919228829,positive_alpha_scaling_without_clipping,1.0,0,
coarse_grid,4.3999999999999995,11.1,4956.910742845257,0.29325857500113384,positive_alpha_scaling_without_clipping,1.0,0,
coarse_grid,4.3999999999999995,11.6,4987.526791944423,0.28723671324552336,positive_alpha_scaling_without_clipping,1.0,0,
coarse_grid,4.3999999999999995,11.615206069720077,4960.591883487299,0.29252846841065083,positive_alpha_scaling_without_clipping,1.0,0,
coarse_grid,4.3999999999999995,12.1,4972.57714314073,0.2892347936206445,positive_alpha_scaling_without_clipping,1.0,0,
coarse_grid,4.3999999999999995,12.6,4956.856068085596,0.29231025253598886,positive_alpha_scaling_without_clipping,1.0,0,
coarse_grid,4.3999999999999995,13.1,4975.266401126741,0.2896512228449599,positive_alpha_scaling_without_clipping,1.0,0,
coarse_grid,4.3999999999999995,13.305392433761932,4991.101252822822,0.2855943364941189,positive_alpha_scaling_without_clipping,1.0,0,
coarse_grid,4.3999999999999995,13.6,4971.126852685629,0.29045807990864014,positive_alpha_scaling_without_clipping,1.0,0,
coarse_grid,4.3999999999999995,14.1,4973.183799321265,0.289100251143941,positive_alpha_scaling_without_clipping,1.0,0,
coarse_grid,4.3999999999999995,14.6,4965.390632751994,0.2906471250853422,positive_alpha_scaling_without_clipping,1.0,0,
coarse_grid,4.3999999999999995,15.1,4979.641569364164,0.28878472223884144,positive_alpha_scaling_without_clipping,1.0,0,
coarse_grid,4.3999999999999995,15.241526216045477,4969.99354045137,0.28948565926006115,positive_alpha_scaling_without_clipping,1.0,0,
coarse_grid,4.3999999999999995,15.6,4957.129510296847,0.2920137672801268,positive_alpha_scaling_without_clipping,1.0,0,
coarse_grid,4.3999999999999995,16.1,4971.166345351539,0.28947432619451074,positive_alpha_scaling_without_clipping,1.0,0,
coarse_grid,4.3999999999999995,16.6,4971.0279199798115,0.28952331986430124,positive_alpha_scaling_without_clipping,1.0,0,
coarse_grid,4.3999999999999995,17.1,4991.020932784862,0.28548662764938665,positive_alpha_scaling_without_clipping,1.0,0,
coarse_grid,4.3999999999999995,17.459396447784496,4988.888044306705,0.2860399784906593,positive_alpha_scaling_without_clipping,1.0,0,
coarse_grid,4.3999999999999995,17.6,4969.350764282191,0.28961481627902885,positive_alpha_scaling_without_clipping,1.0,0,
coarse_grid,4.3999999999999995,18.1,4975.241686738327,0.28880680231820366,positive_alpha_scaling_without_clipping,1.0,0,
coarse_grid,4.3999999999999995,18.6,4975.001333964079,0.288827411932133,positive_alpha_scaling_without_clipping,1.0,0,
coarse_grid,4.3999999999999995,19.1,4968.985890836921,0.28969841845593847,positive_alpha_scaling_without_clipping,1.0,0,
coarse_grid,4.3999999999999995,19.6,4965.06368772637,0.2905759890068552,positive_alpha_scaling_without_clipping,1.0,0,
coarse_grid,4.3999999999999995,20.000000000000004,4964.728566478476,0.29064184882716937,positive_alpha_scaling_without_clipping,1.0,0,
coarse_grid,4.6,0.1,30432.418641825243,-3.7580850356560513,evaluated,,13872,
coarse_grid,4.6,0.11455149701087121,30432.418641825243,-3.7580850356560513,evaluated,,13872,
coarse_grid,4.6,0.13122045467431637,30432.418641825243,-3.7580850356560513,evaluated,,13872,
coarse_grid,4.6,0.1503149952139011,30434.712180473303,-3.758535774140091,evaluated,,13871,
coarse_grid,4.6,0.17218807724934312,30434.712180473303,-3.758535774140091,evaluated,,13871,
coarse_grid,4.6,0.1972440201633579,30433.728210782443,-3.7583423991528515,evaluated,,13870,
coarse_grid,4.6,0.22594597786155107,30432.728838554474,-3.7581459971766273,evaluated,,13870,
coarse_grid,4.6,0.2588245000762584,30432.466266613963,-3.7580943951342904,evaluated,,13870,
coarse_grid,4.6,0.29648733946825756,30434.633278727662,-3.758520267946965,evaluated,,13868,
coarse_grid,4.6,0.3396306858085926,30424.346195408525,-3.7571801889141048,evaluated,,13864,
coarse_grid,4.6,0.3890520349020314,29888.005372245265,-3.7072116519265026,evaluated,,13816,
coarse_grid,4.6,0.445664930131534,25907.42857591679,-3.265726028733777,evaluated,,13459,
coarse_grid,4.6,0.5105158491181254,20599.264167730453,-2.379669727408757,evaluated,,12710,
coarse_grid,4.6,0.5848035476425733,15444.767009668385,-1.4212606174624152,evaluated,,11164,
coarse_grid,4.6,0.6,15171.334492603904,-1.371392449473451,evaluated,,11050,
coarse_grid,4.6,0.669901218397251,12532.395651101346,-0.9425996413927622,evaluated,,8534,
coarse_grid,4.6,0.7673818741681168,8523.814540317791,-0.28357728732239,evaluated,,4089,
coarse_grid,4.6,0.8790474246496578,5422.788164674867,0.22321565804000043,evaluated,,1952,
coarse_grid,4.6,1.0069619843716933,5392.253639729378,0.2258100904737259,evaluated,,547,
coarse_grid,4.6,1.1,4983.285836089933,0.28839811602266385,evaluated,,137,
coarse_grid,4.6,1.1534900274281497,4973.182781096957,0.2900673263548863,evaluated,,53,
coarse_grid,4.6,1.3213400942900544,4963.655978166684,0.29195380292892337,evaluated,,10,
coarse_grid,4.6,1.5136148586141145,4964.165112470896,0.2919101460105428,positive_alpha_scaling_without_clipping,1.0,0,
coarse_grid,4.6,1.6,4964.364198261672,0.29177509704673926,positive_alpha_scaling_without_clipping,1.0,0,
coarse_grid,4.6,1.733868479521449,4962.029939474792,0.29214685148996894,positive_alpha_scaling_without_clipping,1.0,0,
coarse_grid,4.6,1.9861722994914508,4963.317381499921,0.2919849322254471,positive_alpha_scaling_without_clipping,1.0,0,
coarse_grid,4.6,2.1,4963.6424012755015,0.29195706264035504,positive_alpha_scaling_without_clipping,1.0,0,
coarse_grid,4.6,2.2751901022827012,4961.128917952801,0.29226586735454635,positive_alpha_scaling_without_clipping,1.0,0,
coarse_grid,4.6,2.6,4964.3038157952105,0.2916419194469414,positive_alpha_scaling_without_clipping,1.0,0,
coarse_grid,4.6,2.6062643220080064,4962.103389919966,0.2922457103179853,positive_alpha_scaling_without_clipping,1.0,0,
coarse_grid,4.6,2.9855147969204046,4962.962717623528,0.29207874506787224,positive_alpha_scaling_without_clipping,1.0,0,
coarse_grid,4.6,3.1,4964.163477652253,0.2919123817208771,positive_alpha_scaling_without_clipping,1.0,0,
coarse_grid,4.6,3.419951893353395,4963.271492111169,0.29198703382528723,positive_alpha_scaling_without_clipping,1.0,0,
coarse_grid,4.6,3.6,4963.690235067163,0.2919966911383871,positive_alpha_scaling_without_clipping,1.0,0,
coarse_grid,4.6,3.9176060908879475,4964.539825053629,0.2918300449539264,positive_alpha_scaling_without_clipping,1.0,0,
coarse_grid,4.6,4.1,4964.142436597664,0.29184975370931043,positive_alpha_scaling_without_clipping,1.0,0,
coarse_grid,4.6,4.487676424101213,4960.130182587507,0.29255922048798444,positive_alpha_scaling_without_clipping,1.0,0,
coarse_grid,4.6,4.6,4973.493255912831,0.2899190444965135,positive_alpha_scaling_without_clipping,1.0,0,
coarse_grid,4.6,5.1,4983.822643653544,0.287969704293324,positive_alpha_scaling_without_clipping,1.0,0,
coarse_grid,4.6,5.140700524811874,4969.545531986397,0.2906948723202625,positive_alpha_scaling_without_clipping,1.0,0,
coarse_grid,4.6,5.6,4969.824200064134,0.29065279162118307,positive_alpha_scaling_without_clipping,1.0,0,
coarse_grid,4.6,5.8887494080177145,4981.95625809399,0.28824673062651823,positive_alpha_scaling_without_clipping,1.0,0,
coarse_grid,4.6,6.1,4964.333200415361,0.29181318475833773,positive_alpha_scaling_without_clipping,1.0,0,
coarse_grid,4.6,6.6,4965.157582379451,0.2915590982546231,positive_alpha_scaling_without_clipping,1.0,0,
coarse_grid,4.6,6.745650602103109,4990.49173227262,0.28666225497702547,positive_alpha_scaling_without_clipping,1.0,0,
coarse_grid,4.6,7.1,4998.295484437796,0.285125424202225,positive_alpha_scaling_without_clipping,1.0,0,
coarse_grid,4.6,7.6,4963.447026412185,0.2919740295897441,positive_alpha_scaling_without_clipping,1.0,0,
coarse_grid,4.6,7.727243747831959,4992.066588980559,0.28625659866271075,positive_alpha_scaling_without_clipping,1.0,0,
coarse_grid,4.6,8.1,4992.869287293661,0.2861877694079359,positive_alpha_scaling_without_clipping,1.0,0,
coarse_grid,4.6,8.6,4991.72535257866,0.2864125815774259,positive_alpha_scaling_without_clipping,1.0,0,
coarse_grid,4.6,8.851673390820459,4972.814363353289,0.29012907034134805,positive_alpha_scaling_without_clipping,1.0,0,
coarse_grid,4.6,9.1,4978.208409822692,0.2890680115473,positive_alpha_scaling_without_clipping,1.0,0,
coarse_grid,4.6,9.6,4989.550661993813,0.2868389714770437,positive_alpha_scaling_without_clipping,1.0,0,
coarse_grid,4.6,10.1,4980.605327679161,0.28859695642821304,positive_alpha_scaling_without_clipping,1.0,0,
coarse_grid,4.6,10.13972437969778,4962.914052567071,0.29207374044992496,positive_alpha_scaling_without_clipping,1.0,0,
coarse_grid,4.6,10.6,4961.633039843773,0.2923254919228829,positive_alpha_scaling_without_clipping,1.0,0,
coarse_grid,4.6,11.1,4956.910742845257,0.29325857500113384,positive_alpha_scaling_without_clipping,1.0,0,
coarse_grid,4.6,11.6,4987.526791944423,0.28723671324552336,positive_alpha_scaling_without_clipping,1.0,0,
coarse_grid,4.6,11.615206069720077,4960.591883487299,0.29252846841065083,positive_alpha_scaling_without_clipping,1.0,0,
coarse_grid,4.6,12.1,4972.57714314073,0.2892347936206445,positive_alpha_scaling_without_clipping,1.0,0,
coarse_grid,4.6,12.6,4956.856068085596,0.29231025253598886,positive_alpha_scaling_without_clipping,1.0,0,
coarse_grid,4.6,13.1,4975.266401126741,0.2896512228449599,positive_alpha_scaling_without_clipping,1.0,0,
coarse_grid,4.6,13.305392433761932,4991.101252822822,0.2855943364941189,positive_alpha_scaling_without_clipping,1.0,0,
coarse_grid,4.6,13.6,4971.126852685629,0.29045807990864014,positive_alpha_scaling_without_clipping,1.0,0,
coarse_grid,4.6,14.1,4973.183799321265,0.289100251143941,positive_alpha_scaling_without_clipping,1.0,0,
coarse_grid,4.6,14.6,4965.390632751994,0.2906471250853422,positive_alpha_scaling_without_clipping,1.0,0,
coarse_grid,4.6,15.1,4979.641569364164,0.28878472223884144,positive_alpha_scaling_without_clipping,1.0,0,
coarse_grid,4.6,15.241526216045477,4969.99354045137,0.28948565926006115,positive_alpha_scaling_without_clipping,1.0,0,
coarse_grid,4.6,15.6,4957.129510296847,0.2920137672801268,positive_alpha_scaling_without_clipping,1.0,0,
coarse_grid,4.6,16.1,4971.166345351539,0.28947432619451074,positive_alpha_scaling_without_clipping,1.0,0,
coarse_grid,4.6,16.6,4971.0279199798115,0.28952331986430124,positive_alpha_scaling_without_clipping,1.0,0,
coarse_grid,4.6,17.1,4991.020932784862,0.28548662764938665,positive_alpha_scaling_without_clipping,1.0,0,
coarse_grid,4.6,17.459396447784496,4988.888044306705,0.2860399784906593,positive_alpha_scaling_without_clipping,1.0,0,
coarse_grid,4.6,17.6,4969.350764282191,0.28961481627902885,positive_alpha_scaling_without_clipping,1.0,0,
coarse_grid,4.6,18.1,4975.241686738327,0.28880680231820366,positive_alpha_scaling_without_clipping,1.0,0,
coarse_grid,4.6,18.6,4975.001333964079,0.288827411932133,positive_alpha_scaling_without_clipping,1.0,0,
coarse_grid,4.6,19.1,4968.985890836921,0.28969841845593847,positive_alpha_scaling_without_clipping,1.0,0,
coarse_grid,4.6,19.6,4965.06368772637,0.2905759890068552,positive_alpha_scaling_without_clipping,1.0,0,
coarse_grid,4.6,20.000000000000004,4964.728566478476,0.29064184882716937,positive_alpha_scaling_without_clipping,1.0,0,
coarse_grid,4.799999999999999,0.1,30432.418641825243,-3.7580850356560513,evaluated,,13872,
coarse_grid,4.799999999999999,0.11455149701087121,30432.418641825243,-3.7580850356560513,evaluated,,13872,
coarse_grid,4.799999999999999,0.13122045467431637,30432.418641825243,-3.7580850356560513,evaluated,,13872,
coarse_grid,4.799999999999999,0.1503149952139011,30434.712180473303,-3.758535774140091,evaluated,,13871,
coarse_grid,4.799999999999999,0.17218807724934312,30434.712180473303,-3.758535774140091,evaluated,,13871,
coarse_grid,4.799999999999999,0.1972440201633579,30434.49250970572,-3.758492603265751,evaluated,,13870,
coarse_grid,4.799999999999999,0.22594597786155107,30432.910783763116,-3.7581817540223175,evaluated,,13870,
coarse_grid,4.799999999999999,0.2588245000762584,30432.515395964765,-3.75810405029712,evaluated,,13870,
coarse_grid,4.799999999999999,0.29648733946825756,30434.633278727662,-3.758520267946965,evaluated,,13869,
coarse_grid,4.799999999999999,0.3396306858085926,30428.994507342417,-3.7577094775078215,evaluated,,13866,
coarse_grid,4.799999999999999,0.3890520349020314,30052.696322825646,-3.7250258518982142,evaluated,,13845,
coarse_grid,4.799999999999999,0.445664930131534,28755.07547736711,-3.587338494869747,evaluated,,13722,
coarse_grid,4.799999999999999,0.5105158491181254,22076.510633342972,-2.648826757497916,evaluated,,13016,
coarse_grid,4.799999999999999,0.5848035476425733,17209.44059984418,-1.7385580502556972,evaluated,,11918,
coarse_grid,4.799999999999999,0.6,16618.94439468968,-1.6390417621134215,evaluated,,11586,
coarse_grid,4.799999999999999,0.669901218397251,13270.169363466184,-1.0529528561127075,evaluated,,9618,
coarse_grid,4.799999999999999,0.7673818741681168,10801.963718226154,-0.6795856177763381,evaluated,,5720,
coarse_grid,4.799999999999999,0.8790474246496578,5709.3664768099225,0.17575215627876084,evaluated,,2386,
coarse_grid,4.799999999999999,1.0069619843716933,5439.098972941689,0.21660379499912763,evaluated,,858,
coarse_grid,4.799999999999999,1.1,5098.093713612448,0.27245691520374904,evaluated,,281,
coarse_grid,4.799999999999999,1.1534900274281497,4988.0950405423255,0.2873178940685977,evaluated,,127,
coarse_grid,4.799999999999999,1.3213400942900544,4963.655978166684,0.29195380292892337,evaluated,,47,
coarse_grid,4.799999999999999,1.5136148586141145,4964.165112470896,0.2919101460105428,positive_alpha_scaling_without_clipping,1.0,0,
coarse_grid,4.799999999999999,1.6,4964.364198261672,0.29177509704673926,positive_alpha_scaling_without_clipping,1.0,0,
coarse_grid,4.799999999999999,1.733868479521449,4962.029939474792,0.29214685148996894,positive_alpha_scaling_without_clipping,1.0,0,
coarse_grid,4.799999999999999,1.9861722994914508,4963.317381499921,0.2919849322254471,positive_alpha_scaling_without_clipping,1.0,0,
coarse_grid,4.799999999999999,2.1,4963.6424012755015,0.29195706264035504,positive_alpha_scaling_without_clipping,1.0,0,
coarse_grid,4.799999999999999,2.2751901022827012,4961.128917952801,0.29226586735454635,positive_alpha_scaling_without_clipping,1.0,0,
coarse_grid,4.799999999999999,2.6,4964.3038157952105,0.2916419194469414,positive_alpha_scaling_without_clipping,1.0,0,
coarse_grid,4.799999999999999,2.6062643220080064,4962.103389919966,0.2922457103179853,positive_alpha_scaling_without_clipping,1.0,0,
coarse_grid,4.799999999999999,2.9855147969204046,4962.962717623528,0.29207874506787224,positive_alpha_scaling_without_clipping,1.0,0,
coarse_grid,4.799999999999999,3.1,4964.163477652253,0.2919123817208771,positive_alpha_scaling_without_clipping,1.0,0,
coarse_grid,4.799999999999999,3.419951893353395,4963.271492111169,0.29198703382528723,positive_alpha_scaling_without_clipping,1.0,0,
coarse_grid,4.799999999999999,3.6,4963.690235067163,0.2919966911383871,positive_alpha_scaling_without_clipping,1.0,0,
coarse_grid,4.799999999999999,3.9176060908879475,4964.539825053629,0.2918300449539264,positive_alpha_scaling_without_clipping,1.0,0,
coarse_grid,4.799999999999999,4.1,4964.142436597664,0.29184975370931043,positive_alpha_scaling_without_clipping,1.0,0,
coarse_grid,4.799999999999999,4.487676424101213,4960.130182587507,0.29255922048798444,positive_alpha_scaling_without_clipping,1.0,0,
coarse_grid,4.799999999999999,4.6,4973.493255912831,0.2899190444965135,positive_alpha_scaling_without_clipping,1.0,0,
coarse_grid,4.799999999999999,5.1,4983.822643653544,0.287969704293324,positive_alpha_scaling_without_clipping,1.0,0,
coarse_grid,4.799999999999999,5.140700524811874,4969.545531986397,0.2906948723202625,positive_alpha_scaling_without_clipping,1.0,0,
coarse_grid,4.799999999999999,5.6,4969.824200064134,0.29065279162118307,positive_alpha_scaling_without_clipping,1.0,0,
coarse_grid,4.799999999999999,5.8887494080177145,4981.95625809399,0.28824673062651823,positive_alpha_scaling_without_clipping,1.0,0,
coarse_grid,4.799999999999999,6.1,4964.333200415361,0.29181318475833773,positive_alpha_scaling_without_clipping,1.0,0,
coarse_grid,4.799999999999999,6.6,4965.157582379451,0.2915590982546231,positive_alpha_scaling_without_clipping,1.0,0,
coarse_grid,4.799999999999999,6.745650602103109,4990.49173227262,0.28666225497702547,positive_alpha_scaling_without_clipping,1.0,0,
coarse_grid,4.799999999999999,7.1,4998.295484437796,0.285125424202225,positive_alpha_scaling_without_clipping,1.0,0,
coarse_grid,4.799999999999999,7.6,4963.447026412185,0.2919740295897441,positive_alpha_scaling_without_clipping,1.0,0,
coarse_grid,4.799999999999999,7.727243747831959,4992.066588980559,0.28625659866271075,positive_alpha_scaling_without_clipping,1.0,0,
coarse_grid,4.799999999999999,8.1,4992.869287293661,0.2861877694079359,positive_alpha_scaling_without_clipping,1.0,0,
coarse_grid,4.799999999999999,8.6,4991.72535257866,0.2864125815774259,positive_alpha_scaling_without_clipping,1.0,0,
coarse_grid,4.799999999999999,8.851673390820459,4972.814363353289,0.29012907034134805,positive_alpha_scaling_without_clipping,1.0,0,
coarse_grid,4.799999999999999,9.1,4978.208409822692,0.2890680115473,positive_alpha_scaling_without_clipping,1.0,0,
coarse_grid,4.799999999999999,9.6,4989.550661993813,0.2868389714770437,positive_alpha_scaling_without_clipping,1.0,0,
coarse_grid,4.799999999999999,10.1,4980.605327679161,0.28859695642821304,positive_alpha_scaling_without_clipping,1.0,0,
coarse_grid,4.799999999999999,10.13972437969778,4962.914052567071,0.29207374044992496,positive_alpha_scaling_without_clipping,1.0,0,
coarse_grid,4.799999999999999,10.6,4961.633039843773,0.2923254919228829,positive_alpha_scaling_without_clipping,1.0,0,
coarse_grid,4.799999999999999,11.1,4956.910742845257,0.29325857500113384,positive_alpha_scaling_without_clipping,1.0,0,
coarse_grid,4.799999999999999,11.6,4987.526791944423,0.28723671324552336,positive_alpha_scaling_without_clipping,1.0,0,
coarse_grid,4.799999999999999,11.615206069720077,4960.591883487299,0.29252846841065083,positive_alpha_scaling_without_clipping,1.0,0,
coarse_grid,4.799999999999999,12.1,4972.57714314073,0.2892347936206445,positive_alpha_scaling_without_clipping,1.0,0,
coarse_grid,4.799999999999999,12.6,4956.856068085596,0.29231025253598886,positive_alpha_scaling_without_clipping,1.0,0,
coarse_grid,4.799999999999999,13.1,4975.266401126741,0.2896512228449599,positive_alpha_scaling_without_clipping,1.0,0,
coarse_grid,4.799999999999999,13.305392433761932,4991.101252822822,0.2855943364941189,positive_alpha_scaling_without_clipping,1.0,0,
coarse_grid,4.799999999999999,13.6,4971.126852685629,0.29045807990864014,positive_alpha_scaling_without_clipping,1.0,0,
coarse_grid,4.799999999999999,14.1,4973.183799321265,0.289100251143941,positive_alpha_scaling_without_clipping,1.0,0,
coarse_grid,4.799999999999999,14.6,4965.390632751994,0.2906471250853422,positive_alpha_scaling_without_clipping,1.0,0,
coarse_grid,4.799999999999999,15.1,4979.641569364164,0.28878472223884144,positive_alpha_scaling_without_clipping,1.0,0,
coarse_grid,4.799999999999999,15.241526216045477,4969.99354045137,0.28948565926006115,positive_alpha_scaling_without_clipping,1.0,0,
coarse_grid,4.799999999999999,15.6,4957.129510296847,0.2920137672801268,positive_alpha_scaling_without_clipping,1.0,0,
coarse_grid,4.799999999999999,16.1,4971.166345351539,0.28947432619451074,positive_alpha_scaling_without_clipping,1.0,0,
coarse_grid,4.799999999999999,16.6,4971.0279199798115,0.28952331986430124,positive_alpha_scaling_without_clipping,1.0,0,
coarse_grid,4.799999999999999,17.1,4991.020932784862,0.28548662764938665,positive_alpha_scaling_without_clipping,1.0,0,
coarse_grid,4.799999999999999,17.459396447784496,4988.888044306705,0.2860399784906593,positive_alpha_scaling_without_clipping,1.0,0,
coarse_grid,4.799999999999999,17.6,4969.350764282191,0.28961481627902885,positive_alpha_scaling_without_clipping,1.0,0,
coarse_grid,4.799999999999999,18.1,4975.241686738327,0.28880680231820366,positive_alpha_scaling_without_clipping,1.0,0,
coarse_grid,4.799999999999999,18.6,4975.001333964079,0.288827411932133,positive_alpha_scaling_without_clipping,1.0,0,
coarse_grid,4.799999999999999,19.1,4968.985890836921,0.28969841845593847,positive_alpha_scaling_without_clipping,1.0,0,
coarse_grid,4.799999999999999,19.6,4965.06368772637,0.2905759890068552,positive_alpha_scaling_without_clipping,1.0,0,
coarse_grid,4.799999999999999,20.000000000000004,4964.728566478476,0.29064184882716937,positive_alpha_scaling_without_clipping,1.0,0,
coarse_grid,4.999999999999999,0.1,30432.418641825243,-3.7580850356560513,evaluated,,13872,
coarse_grid,4.999999999999999,0.11455149701087121,30432.418641825243,-3.7580850356560513,evaluated,,13872,
coarse_grid,4.999999999999999,0.13122045467431637,30432.418641825243,-3.7580850356560513,evaluated,,13872,
coarse_grid,4.999999999999999,0.1503149952139011,30432.418641825243,-3.7580850356560513,evaluated,,13872,
coarse_grid,4.999999999999999,0.17218807724934312,30434.712180473303,-3.758535774140091,evaluated,,13871,
coarse_grid,4.999999999999999,0.1972440201633579,30434.712180473303,-3.758535774140091,evaluated,,13871,
coarse_grid,4.999999999999999,0.22594597786155107,30433.174233945865,-3.7582335286615165,evaluated,,13870,
coarse_grid,4.999999999999999,0.2588245000762584,30432.586190310467,-3.758117963180641,evaluated,,13870,
coarse_grid,4.999999999999999,0.29648733946825756,30432.42918982081,-3.758087108604564,evaluated,,13870,
coarse_grid,4.999999999999999,0.3396306858085926,30429.859895042428,-3.7580180341729807,evaluated,,13867,
coarse_grid,4.999999999999999,0.3890520349020314,30060.252032615026,-3.725787944179934,evaluated,,13847,
coarse_grid,4.999999999999999,0.445664930131534,28965.209404447676,-3.6213423670593468,evaluated,,13739,
coarse_grid,4.999999999999999,0.5105158491181254,23923.256855641077,-2.956395691762192,evaluated,,13307,
coarse_grid,4.999999999999999,0.5848035476425733,18687.67840403862,-2.0182093614825476,evaluated,,12303,
coarse_grid,4.999999999999999,0.6,17217.692833971687,-1.7389035785124383,evaluated,,11938,
coarse_grid,4.999999999999999,0.669901218397251,14970.608481769028,-1.3492307968936958,evaluated,,10638,
coarse_grid,4.999999999999999,0.7673818741681168,11799.193293498207,-0.8393659644246569,evaluated,,6812,
coarse_grid,4.999999999999999,0.8790474246496578,6143.4812433596635,0.10466153625921781,evaluated,,2674,
coarse_grid,4.999999999999999,1.0069619843716933,5367.240714201782,0.2306337687545154,evaluated,,1387,
coarse_grid,4.999999999999999,1.1,5349.301350932212,0.23396439973235905,evaluated,,503,
coarse_grid,4.999999999999999,1.1534900274281497,5058.545674520602,0.27684004239600873,evaluated,,245,
coarse_grid,4.999999999999999,1.3213400942900544,4975.014575436649,0.28972155063240657,evaluated,,53,
coarse_grid,4.999999999999999,1.5136148586141145,4964.165112470896,0.2919101460105428,positive_alpha_scaling_without_clipping,1.0,0,
coarse_grid,4.999999999999999,1.6,4964.364198261672,0.29177509704673926,positive_alpha_scaling_without_clipping,1.0,0,
coarse_grid,4.999999999999999,1.733868479521449,4962.029939474792,0.29214685148996894,positive_alpha_scaling_without_clipping,1.0,0,
coarse_grid,4.999999999999999,1.9861722994914508,4963.317381499921,0.2919849322254471,positive_alpha_scaling_without_clipping,1.0,0,
coarse_grid,4.999999999999999,2.1,4963.6424012755015,0.29195706264035504,positive_alpha_scaling_without_clipping,1.0,0,
coarse_grid,4.999999999999999,2.2751901022827012,4961.128917952801,0.29226586735454635,positive_alpha_scaling_without_clipping,1.0,0,
coarse_grid,4.999999999999999,2.6,4964.3038157952105,0.2916419194469414,positive_alpha_scaling_without_clipping,1.0,0,
coarse_grid,4.999999999999999,2.6062643220080064,4962.103389919966,0.2922457103179853,positive_alpha_scaling_without_clipping,1.0,0,
coarse_grid,4.999999999999999,2.9855147969204046,4962.962717623528,0.29207874506787224,positive_alpha_scaling_without_clipping,1.0,0,
coarse_grid,4.999999999999999,3.1,4964.163477652253,0.2919123817208771,positive_alpha_scaling_without_clipping,1.0,0,
coarse_grid,4.999999999999999,3.419951893353395,4963.271492111169,0.29198703382528723,positive_alpha_scaling_without_clipping,1.0,0,
coarse_grid,4.999999999999999,3.6,4963.690235067163,0.2919966911383871,positive_alpha_scaling_without_clipping,1.0,0,
coarse_grid,4.999999999999999,3.9176060908879475,4964.539825053629,0.2918300449539264,positive_alpha_scaling_without_clipping,1.0,0,
coarse_grid,4.999999999999999,4.1,4964.142436597664,0.29184975370931043,positive_alpha_scaling_without_clipping,1.0,0,
coarse_grid,4.999999999999999,4.487676424101213,4960.130182587507,0.29255922048798444,positive_alpha_scaling_without_clipping,1.0,0,
coarse_grid,4.999999999999999,4.6,4973.493255912831,0.2899190444965135,positive_alpha_scaling_without_clipping,1.0,0,
coarse_grid,4.999999999999999,5.1,4983.822643653544,0.287969704293324,positive_alpha_scaling_without_clipping,1.0,0,
coarse_grid,4.999999999999999,5.140700524811874,4969.545531986397,0.2906948723202625,positive_alpha_scaling_without_clipping,1.0,0,
coarse_grid,4.999999999999999,5.6,4969.824200064134,0.29065279162118307,positive_alpha_scaling_without_clipping,1.0,0,
coarse_grid,4.999999999999999,5.8887494080177145,4981.95625809399,0.28824673062651823,positive_alpha_scaling_without_clipping,1.0,0,
coarse_grid,4.999999999999999,6.1,4964.333200415361,0.29181318475833773,positive_alpha_scaling_without_clipping,1.0,0,
coarse_grid,4.999999999999999,6.6,4965.157582379451,0.2915590982546231,positive_alpha_scaling_without_clipping,1.0,0,
coarse_grid,4.999999999999999,6.745650602103109,4990.49173227262,0.28666225497702547,positive_alpha_scaling_without_clipping,1.0,0,
coarse_grid,4.999999999999999,7.1,4998.295484437796,0.285125424202225,positive_alpha_scaling_without_clipping,1.0,0,
coarse_grid,4.999999999999999,7.6,4963.447026412185,0.2919740295897441,positive_alpha_scaling_without_clipping,1.0,0,
coarse_grid,4.999999999999999,7.727243747831959,4992.066588980559,0.28625659866271075,positive_alpha_scaling_without_clipping,1.0,0,
coarse_grid,4.999999999999999,8.1,4992.869287293661,0.2861877694079359,positive_alpha_scaling_without_clipping,1.0,0,
coarse_grid,4.999999999999999,8.6,4991.72535257866,0.2864125815774259,positive_alpha_scaling_without_clipping,1.0,0,
coarse_grid,4.999999999999999,8.851673390820459,4972.814363353289,0.29012907034134805,positive_alpha_scaling_without_clipping,1.0,0,
coarse_grid,4.999999999999999,9.1,4978.208409822692,0.2890680115473,positive_alpha_scaling_without_clipping,1.0,0,
coarse_grid,4.999999999999999,9.6,4989.550661993813,0.2868389714770437,positive_alpha_scaling_without_clipping,1.0,0,
coarse_grid,4.999999999999999,10.1,4980.605327679161,0.28859695642821304,positive_alpha_scaling_without_clipping,1.0,0,
coarse_grid,4.999999999999999,10.13972437969778,4962.914052567071,0.29207374044992496,positive_alpha_scaling_without_clipping,1.0,0,
coarse_grid,4.999999999999999,10.6,4961.633039843773,0.2923254919228829,positive_alpha_scaling_without_clipping,1.0,0,
coarse_grid,4.999999999999999,11.1,4956.910742845257,0.29325857500113384,positive_alpha_scaling_without_clipping,1.0,0,
coarse_grid,4.999999999999999,11.6,4987.526791944423,0.28723671324552336,positive_alpha_scaling_without_clipping,1.0,0,
coarse_grid,4.999999999999999,11.615206069720077,4960.591883487299,0.29252846841065083,positive_alpha_scaling_without_clipping,1.0,0,
coarse_grid,4.999999999999999,12.1,4972.57714314073,0.2892347936206445,positive_alpha_scaling_without_clipping,1.0,0,
coarse_grid,4.999999999999999,12.6,4956.856068085596,0.29231025253598886,positive_alpha_scaling_without_clipping,1.0,0,
coarse_grid,4.999999999999999,13.1,4975.266401126741,0.2896512228449599,positive_alpha_scaling_without_clipping,1.0,0,
coarse_grid,4.999999999999999,13.305392433761932,4991.101252822822,0.2855943364941189,positive_alpha_scaling_without_clipping,1.0,0,
coarse_grid,4.999999999999999,13.6,4971.126852685629,0.29045807990864014,positive_alpha_scaling_without_clipping,1.0,0,
coarse_grid,4.999999999999999,14.1,4973.183799321265,0.289100251143941,positive_alpha_scaling_without_clipping,1.0,0,
coarse_grid,4.999999999999999,14.6,4965.390632751994,0.2906471250853422,positive_alpha_scaling_without_clipping,1.0,0,
coarse_grid,4.999999999999999,15.1,4979.641569364164,0.28878472223884144,positive_alpha_scaling_without_clipping,1.0,0,
coarse_grid,4.999999999999999,15.241526216045477,4969.99354045137,0.28948565926006115,positive_alpha_scaling_without_clipping,1.0,0,
coarse_grid,4.999999999999999,15.6,4957.129510296847,0.2920137672801268,positive_alpha_scaling_without_clipping,1.0,0,
coarse_grid,4.999999999999999,16.1,4971.166345351539,0.28947432619451074,positive_alpha_scaling_without_clipping,1.0,0,
coarse_grid,4.999999999999999,16.6,4971.0279199798115,0.28952331986430124,positive_alpha_scaling_without_clipping,1.0,0,
coarse_grid,4.999999999999999,17.1,4991.020932784862,0.28548662764938665,positive_alpha_scaling_without_clipping,1.0,0,
coarse_grid,4.999999999999999,17.459396447784496,4988.888044306705,0.2860399784906593,positive_alpha_scaling_without_clipping,1.0,0,
coarse_grid,4.999999999999999,17.6,4969.350764282191,0.28961481627902885,positive_alpha_scaling_without_clipping,1.0,0,
coarse_grid,4.999999999999999,18.1,4975.241686738327,0.28880680231820366,positive_alpha_scaling_without_clipping,1.0,0,
coarse_grid,4.999999999999999,18.6,4975.001333964079,0.288827411932133,positive_alpha_scaling_without_clipping,1.0,0,
coarse_grid,4.999999999999999,19.1,4968.985890836921,0.28969841845593847,positive_alpha_scaling_without_clipping,1.0,0,
coarse_grid,4.999999999999999,19.6,4965.06368772637,0.2905759890068552,positive_alpha_scaling_without_clipping,1.0,0,
coarse_grid,4.999999999999999,20.000000000000004,4964.728566478476,0.29064184882716937,positive_alpha_scaling_without_clipping,1.0,0,
coarse_grid,5.199999999999999,0.1,30432.418641825243,-3.7580850356560513,evaluated,,13872,
coarse_grid,5.199999999999999,0.11455149701087121,30432.418641825243,-3.7580850356560513,evaluated,,13872,
coarse_grid,5.199999999999999,0.13122045467431637,30432.418641825243,-3.7580850356560513,evaluated,,13872,
coarse_grid,5.199999999999999,0.1503149952139011,30432.418641825243,-3.7580850356560513,evaluated,,13872,
coarse_grid,5.199999999999999,0.17218807724934312,30434.712180473303,-3.758535774140091,evaluated,,13871,
coarse_grid,5.199999999999999,0.1972440201633579,30434.712180473303,-3.758535774140091,evaluated,,13871,
coarse_grid,5.199999999999999,0.22594597786155107,30433.557286307572,-3.758308808160717,evaluated,,13870,
coarse_grid,5.199999999999999,0.2588245000762584,30432.685828117304,-3.7581375445354377,evaluated,,13870,
coarse_grid,5.199999999999999,0.29648733946825756,30432.454829259048,-3.7580921474041205,evaluated,,13870,
coarse_grid,5.199999999999999,0.3396306858085926,30434.633278727662,-3.758520267946965,evaluated,,13868,
coarse_grid,5.199999999999999,0.3890520349020314,30415.490324595732,-3.756409909405467,evaluated,,13862,
coarse_grid,5.199999999999999,0.445664930131534,29876.980370869052,-3.705044959679544,evaluated,,13816,
coarse_grid,5.199999999999999,0.5105158491181254,25352.47927036921,-3.201563365171349,evaluated,,13373,
coarse_grid,5.199999999999999,0.5848035476425733,20512.203796278816,-2.3631854406892794,evaluated,,12704,
coarse_grid,5.199999999999999,0.6,19677.65133456259,-2.206073122672919,evaluated,,12533,
coarse_grid,5.199999999999999,0.669901218397251,15220.852414024896,-1.379189516003071,evaluated,,11082,
coarse_grid,5.199999999999999,0.7673818741681168,11952.305436244427,-0.8470965530878777,evaluated,,8009,
coarse_grid,5.199999999999999,0.8790474246496578,8162.322587306642,-0.2256477587180395,evaluated,,3844,
coarse_grid,5.199999999999999,1.0069619843716933,5314.259752266256,0.24104587080738016,evaluated,,1756,
coarse_grid,5.199999999999999,1.1,5432.203924282989,0.21786625872924292,evaluated,,810,
coarse_grid,5.199999999999999,1.1534900274281497,5343.643626797133,0.23515187348444555,evaluated,,467,
coarse_grid,5.199999999999999,1.3213400942900544,4968.402875545216,0.2910209172633158,evaluated,,53,
coarse_grid,5.199999999999999,1.5136148586141145,4963.323066421402,0.2920756294045819,evaluated,,4,
coarse_grid,5.199999999999999,1.6,4964.364198261672,0.29177509704673926,positive_alpha_scaling_without_clipping,1.0,0,
coarse_grid,5.199999999999999,1.733868479521449,4962.029939474792,0.29214685148996894,positive_alpha_scaling_without_clipping,1.0,0,
coarse_grid,5.199999999999999,1.9861722994914508,4963.317381499921,0.2919849322254471,positive_alpha_scaling_without_clipping,1.0,0,
coarse_grid,5.199999999999999,2.1,4963.6424012755015,0.29195706264035504,positive_alpha_scaling_without_clipping,1.0,0,
coarse_grid,5.199999999999999,2.2751901022827012,4961.128917952801,0.29226586735454635,positive_alpha_scaling_without_clipping,1.0,0,
coarse_grid,5.199999999999999,2.6,4964.3038157952105,0.2916419194469414,positive_alpha_scaling_without_clipping,1.0,0,
coarse_grid,5.199999999999999,2.6062643220080064,4962.103389919966,0.2922457103179853,positive_alpha_scaling_without_clipping,1.0,0,
coarse_grid,5.199999999999999,2.9855147969204046,4962.962717623528,0.29207874506787224,positive_alpha_scaling_without_clipping,1.0,0,
coarse_grid,5.199999999999999,3.1,4964.163477652253,0.2919123817208771,positive_alpha_scaling_without_clipping,1.0,0,
coarse_grid,5.199999999999999,3.419951893353395,4963.271492111169,0.29198703382528723,positive_alpha_scaling_without_clipping,1.0,0,
coarse_grid,5.199999999999999,3.6,4963.690235067163,0.2919966911383871,positive_alpha_scaling_without_clipping,1.0,0,
coarse_grid,5.199999999999999,3.9176060908879475,4964.539825053629,0.2918300449539264,positive_alpha_scaling_without_clipping,1.0,0,
coarse_grid,5.199999999999999,4.1,4964.142436597664,0.29184975370931043,positive_alpha_scaling_without_clipping,1.0,0,
coarse_grid,5.199999999999999,4.487676424101213,4960.130182587507,0.29255922048798444,positive_alpha_scaling_without_clipping,1.0,0,
coarse_grid,5.199999999999999,4.6,4973.493255912831,0.2899190444965135,positive_alpha_scaling_without_clipping,1.0,0,
coarse_grid,5.199999999999999,5.1,4983.822643653544,0.287969704293324,positive_alpha_scaling_without_clipping,1.0,0,
coarse_grid,5.199999999999999,5.140700524811874,4969.545531986397,0.2906948723202625,positive_alpha_scaling_without_clipping,1.0,0,
coarse_grid,5.199999999999999,5.6,4969.824200064134,0.29065279162118307,positive_alpha_scaling_without_clipping,1.0,0,
coarse_grid,5.199999999999999,5.8887494080177145,4981.95625809399,0.28824673062651823,positive_alpha_scaling_without_clipping,1.0,0,
coarse_grid,5.199999999999999,6.1,4964.333200415361,0.29181318475833773,positive_alpha_scaling_without_clipping,1.0,0,
coarse_grid,5.199999999999999,6.6,4965.157582379451,0.2915590982546231,positive_alpha_scaling_without_clipping,1.0,0,
coarse_grid,5.199999999999999,6.745650602103109,4990.49173227262,0.28666225497702547,positive_alpha_scaling_without_clipping,1.0,0,
coarse_grid,5.199999999999999,7.1,4998.295484437796,0.285125424202225,positive_alpha_scaling_without_clipping,1.0,0,
coarse_grid,5.199999999999999,7.6,4963.447026412185,0.2919740295897441,positive_alpha_scaling_without_clipping,1.0,0,
coarse_grid,5.199999999999999,7.727243747831959,4992.066588980559,0.28625659866271075,positive_alpha_scaling_without_clipping,1.0,0,
coarse_grid,5.199999999999999,8.1,4992.869287293661,0.2861877694079359,positive_alpha_scaling_without_clipping,1.0,0,
coarse_grid,5.199999999999999,8.6,4991.72535257866,0.2864125815774259,positive_alpha_scaling_without_clipping,1.0,0,
coarse_grid,5.199999999999999,8.851673390820459,4972.814363353289,0.29012907034134805,positive_alpha_scaling_without_clipping,1.0,0,
coarse_grid,5.199999999999999,9.1,4978.208409822692,0.2890680115473,positive_alpha_scaling_without_clipping,1.0,0,
coarse_grid,5.199999999999999,9.6,4989.550661993813,0.2868389714770437,positive_alpha_scaling_without_clipping,1.0,0,
coarse_grid,5.199999999999999,10.1,4980.605327679161,0.28859695642821304,positive_alpha_scaling_without_clipping,1.0,0,
coarse_grid,5.199999999999999,10.13972437969778,4962.914052567071,0.29207374044992496,positive_alpha_scaling_without_clipping,1.0,0,
coarse_grid,5.199999999999999,10.6,4961.633039843773,0.2923254919228829,positive_alpha_scaling_without_clipping,1.0,0,
coarse_grid,5.199999999999999,11.1,4956.910742845257,0.29325857500113384,positive_alpha_scaling_without_clipping,1.0,0,
coarse_grid,5.199999999999999,11.6,4987.526791944423,0.28723671324552336,positive_alpha_scaling_without_clipping,1.0,0,
coarse_grid,5.199999999999999,11.615206069720077,4960.591883487299,0.29252846841065083,positive_alpha_scaling_without_clipping,1.0,0,
coarse_grid,5.199999999999999,12.1,4972.57714314073,0.2892347936206445,positive_alpha_scaling_without_clipping,1.0,0,
coarse_grid,5.199999999999999,12.6,4956.856068085596,0.29231025253598886,positive_alpha_scaling_without_clipping,1.0,0,
coarse_grid,5.199999999999999,13.1,4975.266401126741,0.2896512228449599,positive_alpha_scaling_without_clipping,1.0,0,
coarse_grid,5.199999999999999,13.305392433761932,4991.101252822822,0.2855943364941189,positive_alpha_scaling_without_clipping,1.0,0,
coarse_grid,5.199999999999999,13.6,4971.126852685629,0.29045807990864014,positive_alpha_scaling_without_clipping,1.0,0,
coarse_grid,5.199999999999999,14.1,4973.183799321265,0.289100251143941,positive_alpha_scaling_without_clipping,1.0,0,
coarse_grid,5.199999999999999,14.6,4965.390632751994,0.2906471250853422,positive_alpha_scaling_without_clipping,1.0,0,
coarse_grid,5.199999999999999,15.1,4979.641569364164,0.28878472223884144,positive_alpha_scaling_without_clipping,1.0,0,
coarse_grid,5.199999999999999,15.241526216045477,4969.99354045137,0.28948565926006115,positive_alpha_scaling_without_clipping,1.0,0,
coarse_grid,5.199999999999999,15.6,4957.129510296847,0.2920137672801268,positive_alpha_scaling_without_clipping,1.0,0,
coarse_grid,5.199999999999999,16.1,4971.166345351539,0.28947432619451074,positive_alpha_scaling_without_clipping,1.0,0,
coarse_grid,5.199999999999999,16.6,4971.0279199798115,0.28952331986430124,positive_alpha_scaling_without_clipping,1.0,0,
coarse_grid,5.199999999999999,17.1,4991.020932784862,0.28548662764938665,positive_alpha_scaling_without_clipping,1.0,0,
coarse_grid,5.199999999999999,17.459396447784496,4988.888044306705,0.2860399784906593,positive_alpha_scaling_without_clipping,1.0,0,
coarse_grid,5.199999999999999,17.6,4969.350764282191,0.28961481627902885,positive_alpha_scaling_without_clipping,1.0,0,
coarse_grid,5.199999999999999,18.1,4975.241686738327,0.28880680231820366,positive_alpha_scaling_without_clipping,1.0,0,
coarse_grid,5.199999999999999,18.6,4975.001333964079,0.288827411932133,positive_alpha_scaling_without_clipping,1.0,0,
coarse_grid,5.199999999999999,19.1,4968.985890836921,0.28969841845593847,positive_alpha_scaling_without_clipping,1.0,0,
coarse_grid,5.199999999999999,19.6,4965.06368772637,0.2905759890068552,positive_alpha_scaling_without_clipping,1.0,0,
coarse_grid,5.199999999999999,20.000000000000004,4964.728566478476,0.29064184882716937,positive_alpha_scaling_without_clipping,1.0,0,
coarse_grid,5.399999999999999,0.1,30432.418641825243,-3.7580850356560513,evaluated,,13872,
coarse_grid,5.399999999999999,0.11455149701087121,30432.418641825243,-3.7580850356560513,evaluated,,13872,
coarse_grid,5.399999999999999,0.13122045467431637,30432.418641825243,-3.7580850356560513,evaluated,,13872,
coarse_grid,5.399999999999999,0.1503149952139011,30432.418641825243,-3.7580850356560513,evaluated,,13872,
coarse_grid,5.399999999999999,0.17218807724934312,30434.712180473303,-3.758535774140091,evaluated,,13871,
coarse_grid,5.399999999999999,0.1972440201633579,30434.712180473303,-3.758535774140091,evaluated,,13871,
coarse_grid,5.399999999999999,0.22594597786155107,30434.12058031556,-3.758419509712419,evaluated,,13870,
coarse_grid,5.399999999999999,0.2588245000762584,30432.824274034538,-3.758164752667686,evaluated,,13870,
coarse_grid,5.399999999999999,0.29648733946825756,30432.491968087903,-3.758099446125435,evaluated,,13870,
coarse_grid,5.399999999999999,0.3396306858085926,30434.633278727662,-3.758520267946965,evaluated,,13868,
coarse_grid,5.399999999999999,0.3890520349020314,30424.245618245666,-3.7572913842600464,evaluated,,13865,
coarse_grid,5.399999999999999,0.445664930131534,30039.784028065267,-3.7238866960102817,evaluated,,13843,
coarse_grid,5.399999999999999,0.5105158491181254,28181.145642683558,-3.534504753246875,evaluated,,13593,
coarse_grid,5.399999999999999,0.5848035476425733,20809.699195399997,-2.4191762755511705,evaluated,,12744,
coarse_grid,5.399999999999999,0.6,20599.264167730453,-2.379669727408757,evaluated,,12710,
coarse_grid,5.399999999999999,0.669901218397251,17006.198563695354,-1.7079011131802673,evaluated,,11770,
coarse_grid,5.399999999999999,0.7673818741681168,13212.978236827936,-1.047459393507093,evaluated,,9328,
coarse_grid,5.399999999999999,0.8790474246496578,10622.52737654731,-0.6526693787847988,evaluated,,5270,
coarse_grid,5.399999999999999,1.0069619843716933,5501.784599473271,0.20908846431025918,evaluated,,2193,
coarse_grid,5.399999999999999,1.1,5380.500579343712,0.22802727665559447,evaluated,,1239,
coarse_grid,5.399999999999999,1.1534900274281497,5447.214104198869,0.21482115864951568,evaluated,,732,
coarse_grid,5.399999999999999,1.3213400942900544,4966.178703492727,0.29142553931346993,evaluated,,79,
coarse_grid,5.399999999999999,1.5136148586141145,4973.525006518756,0.2900706895629816,evaluated,,30,
coarse_grid,5.399999999999999,1.6,4964.364198261672,0.29177509704673926,positive_alpha_scaling_without_clipping,1.0,0,
coarse_grid,5.399999999999999,1.733868479521449,4962.029939474792,0.29214685148996894,positive_alpha_scaling_without_clipping,1.0,0,
coarse_grid,5.399999999999999,1.9861722994914508,4963.317381499921,0.2919849322254471,positive_alpha_scaling_without_clipping,1.0,0,
coarse_grid,5.399999999999999,2.1,4963.6424012755015,0.29195706264035504,positive_alpha_scaling_without_clipping,1.0,0,
coarse_grid,5.399999999999999,2.2751901022827012,4961.128917952801,0.29226586735454635,positive_alpha_scaling_without_clipping,1.0,0,
coarse_grid,5.399999999999999,2.6,4964.3038157952105,0.2916419194469414,positive_alpha_scaling_without_clipping,1.0,0,
coarse_grid,5.399999999999999,2.6062643220080064,4962.103389919966,0.2922457103179853,positive_alpha_scaling_without_clipping,1.0,0,
coarse_grid,5.399999999999999,2.9855147969204046,4962.962717623528,0.29207874506787224,positive_alpha_scaling_without_clipping,1.0,0,
coarse_grid,5.399999999999999,3.1,4964.163477652253,0.2919123817208771,positive_alpha_scaling_without_clipping,1.0,0,
coarse_grid,5.399999999999999,3.419951893353395,4963.271492111169,0.29198703382528723,positive_alpha_scaling_without_clipping,1.0,0,
coarse_grid,5.399999999999999,3.6,4963.690235067163,0.2919966911383871,positive_alpha_scaling_without_clipping,1.0,0,
coarse_grid,5.399999999999999,3.9176060908879475,4964.539825053629,0.2918300449539264,positive_alpha_scaling_without_clipping,1.0,0,
coarse_grid,5.399999999999999,4.1,4964.142436597664,0.29184975370931043,positive_alpha_scaling_without_clipping,1.0,0,
coarse_grid,5.399999999999999,4.487676424101213,4960.130182587507,0.29255922048798444,positive_alpha_scaling_without_clipping,1.0,0,
coarse_grid,5.399999999999999,4.6,4973.493255912831,0.2899190444965135,positive_alpha_scaling_without_clipping,1.0,0,
coarse_grid,5.399999999999999,5.1,4983.822643653544,0.287969704293324,positive_alpha_scaling_without_clipping,1.0,0,
coarse_grid,5.399999999999999,5.140700524811874,4969.545531986397,0.2906948723202625,positive_alpha_scaling_without_clipping,1.0,0,
coarse_grid,5.399999999999999,5.6,4969.824200064134,0.29065279162118307,positive_alpha_scaling_without_clipping,1.0,0,
coarse_grid,5.399999999999999,5.8887494080177145,4981.95625809399,0.28824673062651823,positive_alpha_scaling_without_clipping,1.0,0,
coarse_grid,5.399999999999999,6.1,4964.333200415361,0.29181318475833773,positive_alpha_scaling_without_clipping,1.0,0,
coarse_grid,5.399999999999999,6.6,4965.157582379451,0.2915590982546231,positive_alpha_scaling_without_clipping,1.0,0,
coarse_grid,5.399999999999999,6.745650602103109,4990.49173227262,0.28666225497702547,positive_alpha_scaling_without_clipping,1.0,0,
coarse_grid,5.399999999999999,7.1,4998.295484437796,0.285125424202225,positive_alpha_scaling_without_clipping,1.0,0,
coarse_grid,5.399999999999999,7.6,4963.447026412185,0.2919740295897441,positive_alpha_scaling_without_clipping,1.0,0,
coarse_grid,5.399999999999999,7.727243747831959,4992.066588980559,0.28625659866271075,positive_alpha_scaling_without_clipping,1.0,0,
coarse_grid,5.399999999999999,8.1,4992.869287293661,0.2861877694079359,positive_alpha_scaling_without_clipping,1.0,0,
coarse_grid,5.399999999999999,8.6,4991.72535257866,0.2864125815774259,positive_alpha_scaling_without_clipping,1.0,0,
coarse_grid,5.399999999999999,8.851673390820459,4972.814363353289,0.29012907034134805,positive_alpha_scaling_without_clipping,1.0,0,
coarse_grid,5.399999999999999,9.1,4978.208409822692,0.2890680115473,positive_alpha_scaling_without_clipping,1.0,0,
coarse_grid,5.399999999999999,9.6,4989.550661993813,0.2868389714770437,positive_alpha_scaling_without_clipping,1.0,0,
coarse_grid,5.399999999999999,10.1,4980.605327679161,0.28859695642821304,positive_alpha_scaling_without_clipping,1.0,0,
coarse_grid,5.399999999999999,10.13972437969778,4962.914052567071,0.29207374044992496,positive_alpha_scaling_without_clipping,1.0,0,
coarse_grid,5.399999999999999,10.6,4961.633039843773,0.2923254919228829,positive_alpha_scaling_without_clipping,1.0,0,
coarse_grid,5.399999999999999,11.1,4956.910742845257,0.29325857500113384,positive_alpha_scaling_without_clipping,1.0,0,
coarse_grid,5.399999999999999,11.6,4987.526791944423,0.28723671324552336,positive_alpha_scaling_without_clipping,1.0,0,
coarse_grid,5.399999999999999,11.615206069720077,4960.591883487299,0.29252846841065083,positive_alpha_scaling_without_clipping,1.0,0,
coarse_grid,5.399999999999999,12.1,4972.57714314073,0.2892347936206445,positive_alpha_scaling_without_clipping,1.0,0,
coarse_grid,5.399999999999999,12.6,4956.856068085596,0.29231025253598886,positive_alpha_scaling_without_clipping,1.0,0,
coarse_grid,5.399999999999999,13.1,4975.266401126741,0.2896512228449599,positive_alpha_scaling_without_clipping,1.0,0,
coarse_grid,5.399999999999999,13.305392433761932,4991.101252822822,0.2855943364941189,positive_alpha_scaling_without_clipping,1.0,0,
coarse_grid,5.399999999999999,13.6,4971.126852685629,0.29045807990864014,positive_alpha_scaling_without_clipping,1.0,0,
coarse_grid,5.399999999999999,14.1,4973.183799321265,0.289100251143941,positive_alpha_scaling_without_clipping,1.0,0,
coarse_grid,5.399999999999999,14.6,4965.390632751994,0.2906471250853422,positive_alpha_scaling_without_clipping,1.0,0,
coarse_grid,5.399999999999999,15.1,4979.641569364164,0.28878472223884144,positive_alpha_scaling_without_clipping,1.0,0,
coarse_grid,5.399999999999999,15.241526216045477,4969.99354045137,0.28948565926006115,positive_alpha_scaling_without_clipping,1.0,0,
coarse_grid,5.399999999999999,15.6,4957.129510296847,0.2920137672801268,positive_alpha_scaling_without_clipping,1.0,0,
coarse_grid,5.399999999999999,16.1,4971.166345351539,0.28947432619451074,positive_alpha_scaling_without_clipping,1.0,0,
coarse_grid,5.399999999999999,16.6,4971.0279199798115,0.28952331986430124,positive_alpha_scaling_without_clipping,1.0,0,
coarse_grid,5.399999999999999,17.1,4991.020932784862,0.28548662764938665,positive_alpha_scaling_without_clipping,1.0,0,
coarse_grid,5.399999999999999,17.459396447784496,4988.888044306705,0.2860399784906593,positive_alpha_scaling_without_clipping,1.0,0,
coarse_grid,5.399999999999999,17.6,4969.350764282191,0.28961481627902885,positive_alpha_scaling_without_clipping,1.0,0,
coarse_grid,5.399999999999999,18.1,4975.241686738327,0.28880680231820366,positive_alpha_scaling_without_clipping,1.0,0,
coarse_grid,5.399999999999999,18.6,4975.001333964079,0.288827411932133,positive_alpha_scaling_without_clipping,1.0,0,
coarse_grid,5.399999999999999,19.1,4968.985890836921,0.28969841845593847,positive_alpha_scaling_without_clipping,1.0,0,
coarse_grid,5.399999999999999,19.6,4965.06368772637,0.2905759890068552,positive_alpha_scaling_without_clipping,1.0,0,
coarse_grid,5.399999999999999,20.000000000000004,4964.728566478476,0.29064184882716937,positive_alpha_scaling_without_clipping,1.0,0,
coarse_grid,5.599999999999999,0.1,30430.12548161864,-3.75763437154535,evaluated,,13873,
coarse_grid,5.599999999999999,0.11455149701087121,30432.418641825243,-3.7580850356560513,evaluated,,13872,
coarse_grid,5.599999999999999,0.13122045467431637,30432.418641825243,-3.7580850356560513,evaluated,,13872,
coarse_grid,5.599999999999999,0.1503149952139011,30432.418641825243,-3.7580850356560513,evaluated,,13872,
coarse_grid,5.599999999999999,0.17218807724934312,30434.712180473303,-3.758535774140091,evaluated,,13871,
coarse_grid,5.599999999999999,0.1972440201633579,30434.712180473303,-3.758535774140091,evaluated,,13871,
coarse_grid,5.599999999999999,0.22594597786155107,30434.712180473303,-3.758535774140091,evaluated,,13871,
coarse_grid,5.599999999999999,0.2588245000762584,30433.015601744475,-3.7582023534127207,evaluated,,13870,
coarse_grid,5.599999999999999,0.29648733946825756,30432.54372216176,-3.7581096171128805,evaluated,,13870,
coarse_grid,5.599999999999999,0.3396306858085926,30432.418984336386,-3.7580851029681726,evaluated,,13870,
coarse_grid,5.599999999999999,0.3890520349020314,30428.625400414923,-3.757677827566197,evaluated,,13866,
coarse_grid,5.599999999999999,0.445664930131534,30053.262854027085,-3.7251130169371462,evaluated,,13846,
coarse_grid,5.599999999999999,0.5105158491181254,28816.023446671446,-3.5935392578351126,evaluated,,13733,
coarse_grid,5.599999999999999,0.5848035476425733,23726.27281726309,-2.920021053533083,evaluated,,13287,
coarse_grid,5.599999999999999,0.6,21818.253926479676,-2.6124177067425123,evaluated,,12829,
coarse_grid,5.599999999999999,0.669901218397251,17217.63230974656,-1.738898388720404,evaluated,,11938,
coarse_grid,5.599999999999999,0.7673818741681168,13295.799558134491,-1.0555839896160264,evaluated,,9749,
coarse_grid,5.599999999999999,0.8790474246496578,10731.19277243907,-0.6635803761980166,evaluated,,5908,
coarse_grid,5.599999999999999,1.0069619843716933,5956.833279739334,0.136200118134865,evaluated,,2538,
coarse_grid,5.599999999999999,1.1,5322.486939010498,0.23933320836062189,evaluated,,1620,
coarse_grid,5.599999999999999,1.1534900274281497,5439.844571133169,0.21645667358440668,evaluated,,1087,
coarse_grid,5.599999999999999,1.3213400942900544,4987.4871977735365,0.287576551098988,evaluated,,173,
coarse_grid,5.599999999999999,1.5136148586141145,4964.165112470897,0.2919101460105427,evaluated,,51,
coarse_grid,5.599999999999999,1.6,4975.710197407885,0.2895439250059737,evaluated,,16,
coarse_grid,5.599999999999999,1.733868479521449,4962.029939474792,0.29214685148996894,positive_alpha_scaling_without_clipping,1.0,0,
coarse_grid,5.599999999999999,1.9861722994914508,4963.317381499921,0.2919849322254471,positive_alpha_scaling_without_clipping,1.0,0,
coarse_grid,5.599999999999999,2.1,4963.6424012755015,0.29195706264035504,positive_alpha_scaling_without_clipping,1.0,0,
coarse_grid,5.599999999999999,2.2751901022827012,4961.128917952801,0.29226586735454635,positive_alpha_scaling_without_clipping,1.0,0,
coarse_grid,5.599999999999999,2.6,4964.3038157952105,0.2916419194469414,positive_alpha_scaling_without_clipping,1.0,0,
coarse_grid,5.599999999999999,2.6062643220080064,4962.103389919966,0.2922457103179853,positive_alpha_scaling_without_clipping,1.0,0,
coarse_grid,5.599999999999999,2.9855147969204046,4962.962717623528,0.29207874506787224,positive_alpha_scaling_without_clipping,1.0,0,
coarse_grid,5.599999999999999,3.1,4964.163477652253,0.2919123817208771,positive_alpha_scaling_without_clipping,1.0,0,
coarse_grid,5.599999999999999,3.419951893353395,4963.271492111169,0.29198703382528723,positive_alpha_scaling_without_clipping,1.0,0,
coarse_grid,5.599999999999999,3.6,4963.690235067163,0.2919966911383871,positive_alpha_scaling_without_clipping,1.0,0,
coarse_grid,5.599999999999999,3.9176060908879475,4964.539825053629,0.2918300449539264,positive_alpha_scaling_without_clipping,1.0,0,
coarse_grid,5.599999999999999,4.1,4964.142436597664,0.29184975370931043,positive_alpha_scaling_without_clipping,1.0,0,
coarse_grid,5.599999999999999,4.487676424101213,4960.130182587507,0.29255922048798444,positive_alpha_scaling_without_clipping,1.0,0,
coarse_grid,5.599999999999999,4.6,4973.493255912831,0.2899190444965135,positive_alpha_scaling_without_clipping,1.0,0,
coarse_grid,5.599999999999999,5.1,4983.822643653544,0.287969704293324,positive_alpha_scaling_without_clipping,1.0,0,
coarse_grid,5.599999999999999,5.140700524811874,4969.545531986397,0.2906948723202625,positive_alpha_scaling_without_clipping,1.0,0,
coarse_grid,5.599999999999999,5.6,4969.824200064134,0.29065279162118307,positive_alpha_scaling_without_clipping,1.0,0,
coarse_grid,5.599999999999999,5.8887494080177145,4981.95625809399,0.28824673062651823,positive_alpha_scaling_without_clipping,1.0,0,
coarse_grid,5.599999999999999,6.1,4964.333200415361,0.29181318475833773,positive_alpha_scaling_without_clipping,1.0,0,
coarse_grid,5.599999999999999,6.6,4965.157582379451,0.2915590982546231,positive_alpha_scaling_without_clipping,1.0,0,
coarse_grid,5.599999999999999,6.745650602103109,4990.49173227262,0.28666225497702547,positive_alpha_scaling_without_clipping,1.0,0,
coarse_grid,5.599999999999999,7.1,4998.295484437796,0.285125424202225,positive_alpha_scaling_without_clipping,1.0,0,
coarse_grid,5.599999999999999,7.6,4963.447026412185,0.2919740295897441,positive_alpha_scaling_without_clipping,1.0,0,
coarse_grid,5.599999999999999,7.727243747831959,4992.066588980559,0.28625659866271075,positive_alpha_scaling_without_clipping,1.0,0,
coarse_grid,5.599999999999999,8.1,4992.869287293661,0.2861877694079359,positive_alpha_scaling_without_clipping,1.0,0,
coarse_grid,5.599999999999999,8.6,4991.72535257866,0.2864125815774259,positive_alpha_scaling_without_clipping,1.0,0,
coarse_grid,5.599999999999999,8.851673390820459,4972.814363353289,0.29012907034134805,positive_alpha_scaling_without_clipping,1.0,0,
coarse_grid,5.599999999999999,9.1,4978.208409822692,0.2890680115473,positive_alpha_scaling_without_clipping,1.0,0,
coarse_grid,5.599999999999999,9.6,4989.550661993813,0.2868389714770437,positive_alpha_scaling_without_clipping,1.0,0,
coarse_grid,5.599999999999999,10.1,4980.605327679161,0.28859695642821304,positive_alpha_scaling_without_clipping,1.0,0,
coarse_grid,5.599999999999999,10.13972437969778,4962.914052567071,0.29207374044992496,positive_alpha_scaling_without_clipping,1.0,0,
coarse_grid,5.599999999999999,10.6,4961.633039843773,0.2923254919228829,positive_alpha_scaling_without_clipping,1.0,0,
coarse_grid,5.599999999999999,11.1,4956.910742845257,0.29325857500113384,positive_alpha_scaling_without_clipping,1.0,0,
coarse_grid,5.599999999999999,11.6,4987.526791944423,0.28723671324552336,positive_alpha_scaling_without_clipping,1.0,0,
coarse_grid,5.599999999999999,11.615206069720077,4960.591883487299,0.29252846841065083,positive_alpha_scaling_without_clipping,1.0,0,
coarse_grid,5.599999999999999,12.1,4972.57714314073,0.2892347936206445,positive_alpha_scaling_without_clipping,1.0,0,
coarse_grid,5.599999999999999,12.6,4956.856068085596,0.29231025253598886,positive_alpha_scaling_without_clipping,1.0,0,
coarse_grid,5.599999999999999,13.1,4975.266401126741,0.2896512228449599,positive_alpha_scaling_without_clipping,1.0,0,
coarse_grid,5.599999999999999,13.305392433761932,4991.101252822822,0.2855943364941189,positive_alpha_scaling_without_clipping,1.0,0,
coarse_grid,5.599999999999999,13.6,4971.126852685629,0.29045807990864014,positive_alpha_scaling_without_clipping,1.0,0,
coarse_grid,5.599999999999999,14.1,4973.183799321265,0.289100251143941,positive_alpha_scaling_without_clipping,1.0,0,
coarse_grid,5.599999999999999,14.6,4965.390632751994,0.2906471250853422,positive_alpha_scaling_without_clipping,1.0,0,
coarse_grid,5.599999999999999,15.1,4979.641569364164,0.28878472223884144,positive_alpha_scaling_without_clipping,1.0,0,
coarse_grid,5.599999999999999,15.241526216045477,4969.99354045137,0.28948565926006115,positive_alpha_scaling_without_clipping,1.0,0,
coarse_grid,5.599999999999999,15.6,4957.129510296847,0.2920137672801268,positive_alpha_scaling_without_clipping,1.0,0,
coarse_grid,5.599999999999999,16.1,4971.166345351539,0.28947432619451074,positive_alpha_scaling_without_clipping,1.0,0,
coarse_grid,5.599999999999999,16.6,4971.0279199798115,0.28952331986430124,positive_alpha_scaling_without_clipping,1.0,0,
coarse_grid,5.599999999999999,17.1,4991.020932784862,0.28548662764938665,positive_alpha_scaling_without_clipping,1.0,0,
coarse_grid,5.599999999999999,17.459396447784496,4988.888044306705,0.2860399784906593,positive_alpha_scaling_without_clipping,1.0,0,
coarse_grid,5.599999999999999,17.6,4969.350764282191,0.28961481627902885,positive_alpha_scaling_without_clipping,1.0,0,
coarse_grid,5.599999999999999,18.1,4975.241686738327,0.28880680231820366,positive_alpha_scaling_without_clipping,1.0,0,
coarse_grid,5.599999999999999,18.6,4975.001333964079,0.288827411932133,positive_alpha_scaling_without_clipping,1.0,0,
coarse_grid,5.599999999999999,19.1,4968.985890836921,0.28969841845593847,positive_alpha_scaling_without_clipping,1.0,0,
coarse_grid,5.599999999999999,19.6,4965.06368772637,0.2905759890068552,positive_alpha_scaling_without_clipping,1.0,0,
coarse_grid,5.599999999999999,20.000000000000004,4964.728566478476,0.29064184882716937,positive_alpha_scaling_without_clipping,1.0,0,
coarse_grid,5.799999999999999,0.1,30430.12548161864,-3.75763437154535,evaluated,,13873,
coarse_grid,5.799999999999999,0.11455149701087121,30432.418641825243,-3.7580850356560513,evaluated,,13872,
coarse_grid,5.799999999999999,0.13122045467431637,30432.418641825243,-3.7580850356560513,evaluated,,13872,
coarse_grid,5.799999999999999,0.1503149952139011,30432.418641825243,-3.7580850356560513,evaluated,,13872,
coarse_grid,5.799999999999999,0.17218807724934312,30432.418641825243,-3.7580850356560513,evaluated,,13872,
coarse_grid,5.799999999999999,0.1972440201633579,30434.712180473303,-3.758535774140091,evaluated,,13871,
coarse_grid,5.799999999999999,0.22594597786155107,30434.712180473303,-3.758535774140091,evaluated,,13871,
coarse_grid,5.799999999999999,0.2588245000762584,30433.280087188723,-3.7582543315070476,evaluated,,13870,
coarse_grid,5.799999999999999,0.29648733946825756,30432.614163402373,-3.7581234606022997,evaluated,,13870,
coarse_grid,5.799999999999999,0.3396306858085926,30432.436210130167,-3.758088488273313,evaluated,,13870,
coarse_grid,5.799999999999999,0.3890520349020314,30430.59066181301,-3.7581616483678575,evaluated,,13867,
coarse_grid,5.799999999999999,0.445664930131534,30359.31782434699,-3.7514951806293517,evaluated,,13852,
coarse_grid,5.799999999999999,0.5105158491181254,29007.054495479864,-3.6263872579634024,evaluated,,13750,
coarse_grid,5.799999999999999,0.5848035476425733,24241.85159280548,-3.01835300687412,evaluated,,13316,
coarse_grid,5.799999999999999,0.6,23726.27281726309,-2.920021053533083,evaluated,,13287,
coarse_grid,5.799999999999999,0.669901218397251,19677.590407929267,-2.2060678983754474,evaluated,,12533,
coarse_grid,5.799999999999999,0.7673818741681168,15176.831663762849,-1.3796167611799617,evaluated,,10878,
coarse_grid,5.799999999999999,0.8790474246496578,12100.293245319532,-0.8820969039635786,evaluated,,7584,
coarse_grid,5.799999999999999,1.0069619843716933,6953.32301233673,-0.026217740318239258,evaluated,,3038,
coarse_grid,5.799999999999999,1.1,5463.059073353159,0.21654055115381676,evaluated,,2050,
coarse_grid,5.799999999999999,1.1534900274281497,5356.126569785471,0.2327221681708288,evaluated,,1512,
coarse_grid,5.799999999999999,1.3213400942900544,5155.783410323387,0.2648516454411587,evaluated,,319,
coarse_grid,5.799999999999999,1.5136148586141145,4963.359448509944,0.2920725097368304,evaluated,,53,
coarse_grid,5.799999999999999,1.6,4975.710197407884,0.2895439250059739,evaluated,,43,
coarse_grid,5.799999999999999,1.733868479521449,4962.029939474792,0.29214685148996894,positive_alpha_scaling_without_clipping,1.0,0,
coarse_grid,5.799999999999999,1.9861722994914508,4963.317381499921,0.2919849322254471,positive_alpha_scaling_without_clipping,1.0,0,
coarse_grid,5.799999999999999,2.1,4963.6424012755015,0.29195706264035504,positive_alpha_scaling_without_clipping,1.0,0,
coarse_grid,5.799999999999999,2.2751901022827012,4961.128917952801,0.29226586735454635,positive_alpha_scaling_without_clipping,1.0,0,
coarse_grid,5.799999999999999,2.6,4964.3038157952105,0.2916419194469414,positive_alpha_scaling_without_clipping,1.0,0,
coarse_grid,5.799999999999999,2.6062643220080064,4962.103389919966,0.2922457103179853,positive_alpha_scaling_without_clipping,1.0,0,
coarse_grid,5.799999999999999,2.9855147969204046,4962.962717623528,0.29207874506787224,positive_alpha_scaling_without_clipping,1.0,0,
coarse_grid,5.799999999999999,3.1,4964.163477652253,0.2919123817208771,positive_alpha_scaling_without_clipping,1.0,0,
coarse_grid,5.799999999999999,3.419951893353395,4963.271492111169,0.29198703382528723,positive_alpha_scaling_without_clipping,1.0,0,
coarse_grid,5.799999999999999,3.6,4963.690235067163,0.2919966911383871,positive_alpha_scaling_without_clipping,1.0,0,
coarse_grid,5.799999999999999,3.9176060908879475,4964.539825053629,0.2918300449539264,positive_alpha_scaling_without_clipping,1.0,0,
coarse_grid,5.799999999999999,4.1,4964.142436597664,0.29184975370931043,positive_alpha_scaling_without_clipping,1.0,0,
coarse_grid,5.799999999999999,4.487676424101213,4960.130182587507,0.29255922048798444,positive_alpha_scaling_without_clipping,1.0,0,
coarse_grid,5.799999999999999,4.6,4973.493255912831,0.2899190444965135,positive_alpha_scaling_without_clipping,1.0,0,
coarse_grid,5.799999999999999,5.1,4983.822643653544,0.287969704293324,positive_alpha_scaling_without_clipping,1.0,0,
coarse_grid,5.799999999999999,5.140700524811874,4969.545531986397,0.2906948723202625,positive_alpha_scaling_without_clipping,1.0,0,
coarse_grid,5.799999999999999,5.6,4969.824200064134,0.29065279162118307,positive_alpha_scaling_without_clipping,1.0,0,
coarse_grid,5.799999999999999,5.8887494080177145,4981.95625809399,0.28824673062651823,positive_alpha_scaling_without_clipping,1.0,0,
coarse_grid,5.799999999999999,6.1,4964.333200415361,0.29181318475833773,positive_alpha_scaling_without_clipping,1.0,0,
coarse_grid,5.799999999999999,6.6,4965.157582379451,0.2915590982546231,positive_alpha_scaling_without_clipping,1.0,0,
coarse_grid,5.799999999999999,6.745650602103109,4990.49173227262,0.28666225497702547,positive_alpha_scaling_without_clipping,1.0,0,
coarse_grid,5.799999999999999,7.1,4998.295484437796,0.285125424202225,positive_alpha_scaling_without_clipping,1.0,0,
coarse_grid,5.799999999999999,7.6,4963.447026412185,0.2919740295897441,positive_alpha_scaling_without_clipping,1.0,0,
coarse_grid,5.799999999999999,7.727243747831959,4992.066588980559,0.28625659866271075,positive_alpha_scaling_without_clipping,1.0,0,
coarse_grid,5.799999999999999,8.1,4992.869287293661,0.2861877694079359,positive_alpha_scaling_without_clipping,1.0,0,
coarse_grid,5.799999999999999,8.6,4991.72535257866,0.2864125815774259,positive_alpha_scaling_without_clipping,1.0,0,
coarse_grid,5.799999999999999,8.851673390820459,4972.814363353289,0.29012907034134805,positive_alpha_scaling_without_clipping,1.0,0,
coarse_grid,5.799999999999999,9.1,4978.208409822692,0.2890680115473,positive_alpha_scaling_without_clipping,1.0,0,
coarse_grid,5.799999999999999,9.6,4989.550661993813,0.2868389714770437,positive_alpha_scaling_without_clipping,1.0,0,
coarse_grid,5.799999999999999,10.1,4980.605327679161,0.28859695642821304,positive_alpha_scaling_without_clipping,1.0,0,
coarse_grid,5.799999999999999,10.13972437969778,4962.914052567071,0.29207374044992496,positive_alpha_scaling_without_clipping,1.0,0,
coarse_grid,5.799999999999999,10.6,4961.633039843773,0.2923254919228829,positive_alpha_scaling_without_clipping,1.0,0,
coarse_grid,5.799999999999999,11.1,4956.910742845257,0.29325857500113384,positive_alpha_scaling_without_clipping,1.0,0,
coarse_grid,5.799999999999999,11.6,4987.526791944423,0.28723671324552336,positive_alpha_scaling_without_clipping,1.0,0,
coarse_grid,5.799999999999999,11.615206069720077,4960.591883487299,0.29252846841065083,positive_alpha_scaling_without_clipping,1.0,0,
coarse_grid,5.799999999999999,12.1,4972.57714314073,0.2892347936206445,positive_alpha_scaling_without_clipping,1.0,0,
coarse_grid,5.799999999999999,12.6,4956.856068085596,0.29231025253598886,positive_alpha_scaling_without_clipping,1.0,0,
coarse_grid,5.799999999999999,13.1,4975.266401126741,0.2896512228449599,positive_alpha_scaling_without_clipping,1.0,0,
coarse_grid,5.799999999999999,13.305392433761932,4991.101252822822,0.2855943364941189,positive_alpha_scaling_without_clipping,1.0,0,
coarse_grid,5.799999999999999,13.6,4971.126852685629,0.29045807990864014,positive_alpha_scaling_without_clipping,1.0,0,
coarse_grid,5.799999999999999,14.1,4973.183799321265,0.289100251143941,positive_alpha_scaling_without_clipping,1.0,0,
coarse_grid,5.799999999999999,14.6,4965.390632751994,0.2906471250853422,positive_alpha_scaling_without_clipping,1.0,0,
coarse_grid,5.799999999999999,15.1,4979.641569364164,0.28878472223884144,positive_alpha_scaling_without_clipping,1.0,0,
coarse_grid,5.799999999999999,15.241526216045477,4969.99354045137,0.28948565926006115,positive_alpha_scaling_without_clipping,1.0,0,
coarse_grid,5.799999999999999,15.6,4957.129510296847,0.2920137672801268,positive_alpha_scaling_without_clipping,1.0,0,
coarse_grid,5.799999999999999,16.1,4971.166345351539,0.28947432619451074,positive_alpha_scaling_without_clipping,1.0,0,
coarse_grid,5.799999999999999,16.6,4971.0279199798115,0.28952331986430124,positive_alpha_scaling_without_clipping,1.0,0,
coarse_grid,5.799999999999999,17.1,4991.020932784862,0.28548662764938665,positive_alpha_scaling_without_clipping,1.0,0,
coarse_grid,5.799999999999999,17.459396447784496,4988.888044306705,0.2860399784906593,positive_alpha_scaling_without_clipping,1.0,0,
coarse_grid,5.799999999999999,17.6,4969.350764282191,0.28961481627902885,positive_alpha_scaling_without_clipping,1.0,0,
coarse_grid,5.799999999999999,18.1,4975.241686738327,0.28880680231820366,positive_alpha_scaling_without_clipping,1.0,0,
coarse_grid,5.799999999999999,18.6,4975.001333964079,0.288827411932133,positive_alpha_scaling_without_clipping,1.0,0,
coarse_grid,5.799999999999999,19.1,4968.985890836921,0.28969841845593847,positive_alpha_scaling_without_clipping,1.0,0,
coarse_grid,5.799999999999999,19.6,4965.06368772637,0.2905759890068552,positive_alpha_scaling_without_clipping,1.0,0,
coarse_grid,5.799999999999999,20.000000000000004,4964.728566478476,0.29064184882716937,positive_alpha_scaling_without_clipping,1.0,0,
coarse_grid,5.999999999999999,0.1,30430.12548161864,-3.75763437154535,evaluated,,13873,
coarse_grid,5.999999999999999,0.11455149701087121,30432.418641825243,-3.7580850356560513,evaluated,,13872,
coarse_grid,5.999999999999999,0.13122045467431637,30432.418641825243,-3.7580850356560513,evaluated,,13872,
coarse_grid,5.999999999999999,0.1503149952139011,30432.418641825243,-3.7580850356560513,evaluated,,13872,
coarse_grid,5.999999999999999,0.17218807724934312,30432.418641825243,-3.7580850356560513,evaluated,,13872,
coarse_grid,5.999999999999999,0.1972440201633579,30434.712180473303,-3.758535774140091,evaluated,,13871,
coarse_grid,5.999999999999999,0.22594597786155107,30434.712180473303,-3.758535774140091,evaluated,,13871,
coarse_grid,5.999999999999999,0.2588245000762584,30433.64762047532,-3.7583265611145915,evaluated,,13870,
coarse_grid,5.999999999999999,0.29648733946825756,30432.708670896413,-3.7581420337205818,evaluated,,13870,
coarse_grid,5.999999999999999,0.3396306858085926,30432.460886685825,-3.758093337842035,evaluated,,13870,
coarse_grid,5.999999999999999,0.3890520349020314,30434.633278727662,-3.758520267946965,evaluated,,13868,
coarse_grid,5.999999999999999,0.445664930131534,30424.85740540069,-3.7572240238172308,evaluated,,13864,
coarse_grid,5.999999999999999,0.5105158491181254,29881.310144969095,-3.7058958700471285,evaluated,,13816,
coarse_grid,5.999999999999999,0.5848035476425733,25352.47927036921,-3.201563365171349,evaluated,,13373,
coarse_grid,5.999999999999999,0.6,24332.528576863715,-3.0358531958612427,evaluated,,13319,
coarse_grid,5.999999999999999,0.669901218397251,20599.20324109713,-2.3796645031112855,evaluated,,12710,
coarse_grid,5.999999999999999,0.7673818741681168,15444.68263932201,-1.4212533829286291,evaluated,,11164,
coarse_grid,5.999999999999999,0.8790474246496578,12087.444477597486,-0.8697367554856776,evaluated,,8182,
coarse_grid,5.999999999999999,1.0069619843716933,8309.444141094638,-0.24988999321948785,evaluated,,3932,
coarse_grid,5.999999999999999,1.1,5574.627440308088,0.19801515578408857,evaluated,,2283,
coarse_grid,5.999999999999999,1.1534900274281497,5367.338476345188,0.23191530795986598,evaluated,,1848,
coarse_grid,5.999999999999999,1.3213400942900544,5350.5619676120505,0.23377573840683308,evaluated,,503,
coarse_grid,5.999999999999999,1.5136148586141145,4973.58977767918,0.28997880742667803,evaluated,,53,
coarse_grid,5.999999999999999,1.6,4975.757541588804,0.2895398653678293,evaluated,,53,
coarse_grid,5.999999999999999,1.733868479521449,4958.9775983952495,0.29277298829865195,evaluated,,9,
coarse_grid,5.999999999999999,1.9861722994914508,4963.317381499921,0.2919849322254471,positive_alpha_scaling_without_clipping,1.0,0,
coarse_grid,5.999999999999999,2.1,4963.6424012755015,0.29195706264035504,positive_alpha_scaling_without_clipping,1.0,0,
coarse_grid,5.999999999999999,2.2751901022827012,4961.128917952801,0.29226586735454635,positive_alpha_scaling_without_clipping,1.0,0,
coarse_grid,5.999999999999999,2.6,4964.3038157952105,0.2916419194469414,positive_alpha_scaling_without_clipping,1.0,0,
coarse_grid,5.999999999999999,2.6062643220080064,4962.103389919966,0.2922457103179853,positive_alpha_scaling_without_clipping,1.0,0,
coarse_grid,5.999999999999999,2.9855147969204046,4962.962717623528,0.29207874506787224,positive_alpha_scaling_without_clipping,1.0,0,
coarse_grid,5.999999999999999,3.1,4964.163477652253,0.2919123817208771,positive_alpha_scaling_without_clipping,1.0,0,
coarse_grid,5.999999999999999,3.419951893353395,4963.271492111169,0.29198703382528723,positive_alpha_scaling_without_clipping,1.0,0,
coarse_grid,5.999999999999999,3.6,4963.690235067163,0.2919966911383871,positive_alpha_scaling_without_clipping,1.0,0,
coarse_grid,5.999999999999999,3.9176060908879475,4964.539825053629,0.2918300449539264,positive_alpha_scaling_without_clipping,1.0,0,
coarse_grid,5.999999999999999,4.1,4964.142436597664,0.29184975370931043,positive_alpha_scaling_without_clipping,1.0,0,
coarse_grid,5.999999999999999,4.487676424101213,4960.130182587507,0.29255922048798444,positive_alpha_scaling_without_clipping,1.0,0,
coarse_grid,5.999999999999999,4.6,4973.493255912831,0.2899190444965135,positive_alpha_scaling_without_clipping,1.0,0,
coarse_grid,5.999999999999999,5.1,4983.822643653544,0.287969704293324,positive_alpha_scaling_without_clipping,1.0,0,
coarse_grid,5.999999999999999,5.140700524811874,4969.545531986397,0.2906948723202625,positive_alpha_scaling_without_clipping,1.0,0,
coarse_grid,5.999999999999999,5.6,4969.824200064134,0.29065279162118307,positive_alpha_scaling_without_clipping,1.0,0,
coarse_grid,5.999999999999999,5.8887494080177145,4981.95625809399,0.28824673062651823,positive_alpha_scaling_without_clipping,1.0,0,
coarse_grid,5.999999999999999,6.1,4964.333200415361,0.29181318475833773,positive_alpha_scaling_without_clipping,1.0,0,
coarse_grid,5.999999999999999,6.6,4965.157582379451,0.2915590982546231,positive_alpha_scaling_without_clipping,1.0,0,
coarse_grid,5.999999999999999,6.745650602103109,4990.49173227262,0.28666225497702547,positive_alpha_scaling_without_clipping,1.0,0,
coarse_grid,5.999999999999999,7.1,4998.295484437796,0.285125424202225,positive_alpha_scaling_without_clipping,1.0,0,
coarse_grid,5.999999999999999,7.6,4963.447026412185,0.2919740295897441,positive_alpha_scaling_without_clipping,1.0,0,
coarse_grid,5.999999999999999,7.727243747831959,4992.066588980559,0.28625659866271075,positive_alpha_scaling_without_clipping,1.0,0,
coarse_grid,5.999999999999999,8.1,4992.869287293661,0.2861877694079359,positive_alpha_scaling_without_clipping,1.0,0,
coarse_grid,5.999999999999999,8.6,4991.72535257866,0.2864125815774259,positive_alpha_scaling_without_clipping,1.0,0,
coarse_grid,5.999999999999999,8.851673390820459,4972.814363353289,0.29012907034134805,positive_alpha_scaling_without_clipping,1.0,0,
coarse_grid,5.999999999999999,9.1,4978.208409822692,0.2890680115473,positive_alpha_scaling_without_clipping,1.0,0,
coarse_grid,5.999999999999999,9.6,4989.550661993813,0.2868389714770437,positive_alpha_scaling_without_clipping,1.0,0,
coarse_grid,5.999999999999999,10.1,4980.605327679161,0.28859695642821304,positive_alpha_scaling_without_clipping,1.0,0,
coarse_grid,5.999999999999999,10.13972437969778,4962.914052567071,0.29207374044992496,positive_alpha_scaling_without_clipping,1.0,0,
coarse_grid,5.999999999999999,10.6,4961.633039843773,0.2923254919228829,positive_alpha_scaling_without_clipping,1.0,0,
coarse_grid,5.999999999999999,11.1,4956.910742845257,0.29325857500113384,positive_alpha_scaling_without_clipping,1.0,0,
coarse_grid,5.999999999999999,11.6,4987.526791944423,0.28723671324552336,positive_alpha_scaling_without_clipping,1.0,0,
coarse_grid,5.999999999999999,11.615206069720077,4960.591883487299,0.29252846841065083,positive_alpha_scaling_without_clipping,1.0,0,
coarse_grid,5.999999999999999,12.1,4972.57714314073,0.2892347936206445,positive_alpha_scaling_without_clipping,1.0,0,
coarse_grid,5.999999999999999,12.6,4956.856068085596,0.29231025253598886,positive_alpha_scaling_without_clipping,1.0,0,
coarse_grid,5.999999999999999,13.1,4975.266401126741,0.2896512228449599,positive_alpha_scaling_without_clipping,1.0,0,
coarse_grid,5.999999999999999,13.305392433761932,4991.101252822822,0.2855943364941189,positive_alpha_scaling_without_clipping,1.0,0,
coarse_grid,5.999999999999999,13.6,4971.126852685629,0.29045807990864014,positive_alpha_scaling_without_clipping,1.0,0,
coarse_grid,5.999999999999999,14.1,4973.183799321265,0.289100251143941,positive_alpha_scaling_without_clipping,1.0,0,
coarse_grid,5.999999999999999,14.6,4965.390632751994,0.2906471250853422,positive_alpha_scaling_without_clipping,1.0,0,
coarse_grid,5.999999999999999,15.1,4979.641569364164,0.28878472223884144,positive_alpha_scaling_without_clipping,1.0,0,
coarse_grid,5.999999999999999,15.241526216045477,4969.99354045137,0.28948565926006115,positive_alpha_scaling_without_clipping,1.0,0,
coarse_grid,5.999999999999999,15.6,4957.129510296847,0.2920137672801268,positive_alpha_scaling_without_clipping,1.0,0,
coarse_grid,5.999999999999999,16.1,4971.166345351539,0.28947432619451074,positive_alpha_scaling_without_clipping,1.0,0,
coarse_grid,5.999999999999999,16.6,4971.0279199798115,0.28952331986430124,positive_alpha_scaling_without_clipping,1.0,0,
coarse_grid,5.999999999999999,17.1,4991.020932784862,0.28548662764938665,positive_alpha_scaling_without_clipping,1.0,0,
coarse_grid,5.999999999999999,17.459396447784496,4988.888044306705,0.2860399784906593,positive_alpha_scaling_without_clipping,1.0,0,
coarse_grid,5.999999999999999,17.6,4969.350764282191,0.28961481627902885,positive_alpha_scaling_without_clipping,1.0,0,
coarse_grid,5.999999999999999,18.1,4975.241686738327,0.28880680231820366,positive_alpha_scaling_without_clipping,1.0,0,
coarse_grid,5.999999999999999,18.6,4975.001333964079,0.288827411932133,positive_alpha_scaling_without_clipping,1.0,0,
coarse_grid,5.999999999999999,19.1,4968.985890836921,0.28969841845593847,positive_alpha_scaling_without_clipping,1.0,0,
coarse_grid,5.999999999999999,19.6,4965.06368772637,0.2905759890068552,positive_alpha_scaling_without_clipping,1.0,0,
coarse_grid,5.999999999999999,20.000000000000004,4964.728566478476,0.29064184882716937,positive_alpha_scaling_without_clipping,1.0,0,
local_refinement,1.5247240713084174,0.5471969553287785,4958.680449094261,0.29279277737683623,evaluated,,0,0.0
local_refinement,1.739196365086843,0.4765924352947723,4963.401677116992,0.292068888745599,evaluated,,50,0.0
local_refinement,1.3936111842654617,0.3878165232581684,4957.8113065910275,0.29221580776827827,evaluated,,36,0.0
local_refinement,1.3348501673009197,0.5302428932750018,4961.744242094819,0.2921683989414178,evaluated,,0,0.0
local_refinement,1.6606690070459251,0.49853534626541557,4962.836001221416,0.2921104419614654,evaluated,,0,0.0
local_refinement,1.3123506965774814,0.5510466070291751,4964.065319209123,0.2918458781353381,evaluated,,0,0.0
local_refinement,1.799465584480253,0.3991163868213089,5338.0691697835455,0.23626062335264086,evaluated,,467,0.0
local_refinement,1.4090949803242603,0.39331357523656474,4960.893274674616,0.2925551040814512,evaluated,,36,0.0
local_refinement,1.4825453457757225,0.46177143640298174,4965.308717003022,0.29169410706578747,evaluated,,0,0.0
local_refinement,1.5591670111852693,0.4149377205936094,4964.976731637271,0.29164974904864593,evaluated,,53,0.0
local_refinement,1.6671117368334276,0.3845073288527988,5059.666885451306,0.27672140274973167,evaluated,,245,0.0
local_refinement,1.4752867891211308,0.4300055254876816,4964.742409997263,0.2916698415087847,evaluated,,4,0.0
local_refinement,1.5736419905302215,0.5139983695940571,4961.002440065477,0.29247073863020256,evaluated,,0,0.0
local_refinement,1.4198042692950157,0.4596612588853011,4954.485041442316,0.29287629709703406,evaluated,,0,0.0
local_refinement,1.6554487413172254,0.36584753807797465,5338.112847132135,0.2362085206318748,evaluated,,467,0.0
local_refinement,1.664526911140863,0.39073042385620427,4997.534109938177,0.2855686771778252,evaluated,,187,0.0
local_refinement,1.3390309557911677,0.5468301971035007,4959.589192042116,0.29259192090587505,evaluated,,0,0.0
local_refinement,1.8793792198447354,0.5186554005553052,4963.738292412431,0.29194674470032156,evaluated,,43,0.0
local_refinement,1.4827682615040223,0.37612001024423164,4963.904803986635,0.29188410926997854,evaluated,,53,0.0
local_refinement,1.710539815907294,0.4448041827715831,4965.225176431565,0.29070955313156854,evaluated,,53,0.0
local_refinement,1.3732229409068673,0.45583928647659683,4964.243723166486,0.29190340535155995,evaluated,,0,0.0
local_refinement,1.3206331126691309,0.5388954401620557,4960.004759100144,0.292601953993456,evaluated,,0,0.0
local_refinement,1.45526798896001,0.48940027051046797,4962.770311387882,0.2920833665589525,evaluated,,0,0.0
local_refinement,1.4870266456536465,0.4608311793500616,4963.554364545098,0.2919625160278979,evaluated,,0,0.0
local_refinement,1.6280261676059675,0.3936043607080563,4976.706623290824,0.28940940518105013,evaluated,,115,0.0
local_refinement,1.881750776658735,0.5119842261098776,4971.298056591562,0.2904610594040735,evaluated,,50,0.0
local_refinement,1.8636993649385134,0.535988869978883,4962.4721185250455,0.2920553157582917,evaluated,,10,0.0
local_refinement,1.6587399872866508,0.5414131015489646,4948.588279341105,0.2938312079737085,evaluated,,0,0.0
local_refinement,1.3530955012311516,0.3958361540143801,4960.43159948362,0.2925829678529448,evaluated,,2,0.0
local_refinement,1.3271363733463226,0.4217766877134028,4962.9991005356505,0.2919373035632036,evaluated,,0,0.0
local_refinement,1.5332063738136892,0.41095078038427496,4965.428189347522,0.29156102616442575,evaluated,,53,1.0
local_refinement,1.7972425054911574,0.4280785449920181,4981.88247022236,0.28877913639284447,evaluated,,153,1.0
local_refinement,1.4685607058124284,0.46536921949774734,4961.498234784473,0.29219244375919096,evaluated,,0,1.0
local_refinement,1.3845545349848574,0.5174119217259917,4962.795866129598,0.29201583160489447,evaluated,,0,1.0
local_refinement,1.3447303862078623,0.5544513480467341,4964.094439300994,0.29179822816328604,evaluated,,0,1.0
local_refinement,1.7633468615779944,0.39638421875236246,5291.455418449204,0.24369203493708075,evaluated,,408,1.0
local_refinement,1.3033132702741614,0.5200720963470052,4961.2280497747815,0.2924040659717724,evaluated,,0,1.0
local_refinement,1.72411440630857,0.5027337619798956,4962.8958439547405,0.29211226259979783,evaluated,,4,1.0
local_refinement,1.7627622080115672,0.37138154114898647,5439.201467507934,0.21658684077841883,evaluated,,858,1.0
local_refinement,1.5150794371265635,0.37976939344818034,4964.293031975371,0.2916674525417682,evaluated,,55,1.0
local_refinement,1.817862055525356,0.48153389636990107,4960.521539925311,0.2926349087133474,evaluated,,53,1.0
local_refinement,1.4985388149115895,0.36927852158800056,4964.587710568613,0.29160279139786116,evaluated,,67,1.0
local_refinement,1.4865893930293972,0.42174720522617287,4964.06829712793,0.29193195096749935,evaluated,,21,1.0
local_refinement,1.7377637070028382,0.4843935967720886,4960.843373252845,0.29246205874910164,evaluated,,36,1.0
local_refinement,1.8323276455457957,0.4512342783384427,4975.735516220407,0.28964497670707035,evaluated,,67,1.0
local_refinement,1.371756547562981,0.4995726288242148,4963.413272636851,0.2919746142854137,evaluated,,0,1.0
local_refinement,1.7564710291701382,0.469095647472882,4960.470169728626,0.2926450042591967,evaluated,,53,1.0
local_refinement,1.7625803079727365,0.45556226508407516,4956.778312140757,0.2924255666939125,evaluated,,53,1.0
local_refinement,1.6136396976291962,0.4422749612390348,4965.263155801722,0.2915934148616929,evaluated,,50,1.0
local_refinement,1.3152514760464569,0.37816948547797036,4959.400339457738,0.2926513452496403,evaluated,,10,1.0
local_refinement,1.3188575114120404,0.48416355476711126,4963.61529117842,0.2919572917304264,evaluated,,0,1.0
local_refinement,1.4886135886457958,0.4585253988004157,4954.528946554392,0.29279805219241967,evaluated,,0,1.0
local_refinement,1.8445398843556557,0.4065273058539127,5354.353019111135,0.23321193365053838,evaluated,,503,1.0
local_refinement,1.5462297538213776,0.5080571345215422,4964.680285014956,0.29174799344465396,evaluated,,0,1.0
local_refinement,1.4372788992949734,0.3719702048661486,4976.750225601431,0.28934677103648876,evaluated,,53,1.0
local_refinement,1.4738508717482608,0.38886474727912457,4969.767728577383,0.2907642248351181,evaluated,,53,1.0
local_refinement,1.8578185914055436,0.5185998547286272,4963.900995057953,0.29190114367569286,evaluated,,36,1.0
local_refinement,1.680042253906254,0.5313026844725048,4963.060429577172,0.2919320447602946,evaluated,,0,1.0
local_refinement,1.7822032461394686,0.39394842362136384,5338.083919885081,0.2362142055692077,evaluated,,467,1.0
local_refinement,1.8355353990939864,0.4646966092573727,4962.59678408183,0.2920925553784265,evaluated,,53,1.0
local_refinement,1.9844640930984374,0.6142736441850134,4963.216067630186,0.29201337006824063,evaluated,,0,2.0
local_refinement,1.6908020849831182,0.4336951425582992,4964.538734816573,0.2916555320428771,evaluated,,53,2.0
local_refinement,1.6367610975251647,0.5065330622134745,4963.430639962465,0.29199358037514855,evaluated,,0,2.0
local_refinement,1.9908088595534956,0.6061501513523735,4963.84858683598,0.291905513172253,evaluated,,0,2.0
local_refinement,1.5041712783187142,0.5257477460815805,4954.305998767351,0.29284186708415305,evaluated,,0,2.0
local_refinement,1.7504466018892673,0.459437980150705,4960.1237507783035,0.2926210887178333,evaluated,,53,2.0
local_refinement,1.5719192204002095,0.4859737324514284,4954.880899840326,0.2927925708395037,evaluated,,0,2.0
local_refinement,2.065745822347511,0.48266277796962,4997.730483396918,0.28557260442074106,evaluated,,198,2.0
local_refinement,1.8112743730460195,0.569918723630431,4973.0662643439955,0.29007162667039865,evaluated,,0,2.0
local_refinement,1.7181777614275762,0.6316622490976326,4960.192675634758,0.29260102071909644,evaluated,,0,2.0
local_refinement,2.0774683769652666,0.4662551629402889,5315.018703837164,0.23974125564058535,evaluated,,436,2.0
local_refinement,1.798349103535431,0.4775340949123009,4963.759691587173,0.2919985298267771,evaluated,,53,2.0
local_refinement,1.6709042966264804,0.4168867963570341,4956.49058139305,0.29317657459132485,evaluated,,55,2.0
local_refinement,1.865738600387938,0.5238942030643987,4963.426274771533,0.2919944382458214,evaluated,,25,2.0
local_refinement,1.5308872507499935,0.472426725626583,4964.847184676738,0.2917788352418975,evaluated,,0,2.0
local_refinement,2.044959531579992,0.4634477432080872,5229.90026985365,0.25365396272036966,evaluated,,368,2.0
local_refinement,1.5869369232547337,0.52085570547684,4962.235682634523,0.29222248973389986,evaluated,,0,2.0
local_refinement,2.0913902724663602,0.4640205529056458,5338.348055643389,0.23629781085820278,evaluated,,467,2.0
local_refinement,1.9032813284435268,0.5833811773755525,4960.735597126534,0.2925368504403506,evaluated,,0,2.0
local_refinement,1.6425825263954397,0.5757073736934782,4958.897877556418,0.2928194842755171,evaluated,,0,2.0
local_refinement,1.7206698796315518,0.5536736458980206,4961.768979364236,0.2921635374409039,evaluated,,0,2.0
local_refinement,1.8801178264565366,0.5314973397938897,4962.81135331967,0.2919945775693408,evaluated,,22,2.0
local_refinement,1.5541738620326448,0.6003085025573034,4960.0962731610525,0.29249226661183136,evaluated,,0,2.0
local_refinement,1.6924680389830413,0.45126197436536364,4969.982109990047,0.2906660653192767,evaluated,,53,2.0
local_refinement,1.5244650849328583,0.5441597749778444,4961.501215027731,0.2923078178915377,evaluated,,0,2.0
local_refinement,1.9065386171053693,0.4122234366010592,5453.953382112168,0.21346145322845528,evaluated,,655,2.0
local_refinement,1.8072558349795684,0.4604460366430798,4964.605178793381,0.291826395532667,evaluated,,53,2.0
local_refinement,1.8871036742456697,0.4484702507970307,4987.954801688491,0.2875857693301418,evaluated,,153,2.0
local_refinement,1.9145626428614793,0.49725821495977535,4964.243723166484,0.2919034053515601,evaluated,,53,2.0
local_refinement,2.0620379932420407,0.4400056590019985,5438.56062425122,0.2166267171242946,evaluated,,732,2.0
local_refinement,1.0,10.72339486543414,4975.305628547096,0.28868698495117706,evaluated,,0,3.0
local_refinement,1.2548161709671377,15.054514133670162,5001.751013673353,0.2844463251120454,evaluated,,0,3.0
local_refinement,1.0,13.822109541013795,4998.089253771547,0.28516595375595466,evaluated,,0,3.0
local_refinement,1.1903333201207296,13.227988601768951,4949.47664888786,0.29377462632366663,evaluated,,0,3.0
local_refinement,1.0177903470136038,11.45130248940556,4964.58256428763,0.29079343729960117,evaluated,,0,3.0
local_refinement,1.0,15.167213347595364,4969.188038897608,0.2896439607343098,evaluated,,0,3.0
local_refinement,1.2402508342979983,13.669685262739428,4962.550963752528,0.2921434594771375,evaluated,,0,3.0
local_refinement,1.0,12.060018288053787,4978.403933761698,0.2880755507064151,evaluated,,0,3.0
local_refinement,1.1355734073221435,15.16661517393111,4966.493453832307,0.2904237236474436,evaluated,,0,3.0
local_refinement,1.2322518545590704,14.501894345012728,4995.5824351247375,0.2856586071662563,evaluated,,0,3.0
local_refinement,1.0852189876925726,10.557073601521928,4975.918508248528,0.28857309866463465,evaluated,,0,3.0
local_refinement,1.0,15.17480224894854,4970.8564146078725,0.28956629125685945,evaluated,,0,3.0
local_refinement,1.063857435795754,10.13214728266629,4965.981627724549,0.2905309795919011,evaluated,,0,3.0
local_refinement,1.0,13.842055030842676,4970.916617355585,0.2895611290306621,evaluated,,0,3.0
local_refinement,1.0,10.991781651537217,4964.408821134548,0.29177998053501586,evaluated,,0,3.0
local_refinement,1.0292402736199517,14.00304577091757,4951.023828757281,0.29347056625933365,evaluated,,0,3.0
local_refinement,1.0911767557015604,11.351606984641375,4977.856193378882,0.289137231006964,evaluated,,0,3.0
local_refinement,1.1273075328085216,11.425202326106856,4985.939303937416,0.28660375829118945,evaluated,,0,3.0
local_refinement,1.0,14.312606267019197,4972.016080601583,0.2893383874923254,evaluated,,0,3.0
local_refinement,1.0897797394283288,14.89509673750199,4977.608589094219,0.288239317807111,evaluated,,0,3.0
local_refinement,1.0945677353802061,13.302309780912125,4959.220300613191,0.2918530826246493,evaluated,,0,3.0
local_refinement,1.0,12.164948603346987,4965.7930761432135,0.2915079393358593,evaluated,,0,3.0
local_refinement,1.0,11.463421277959405,4971.201947093251,0.2894983853644613,evaluated,,0,3.0
local_refinement,1.2838063328514673,12.308864098860532,5004.19156545055,0.2839666948214441,evaluated,,0,3.0
local_refinement,1.2352279331062679,13.658556009404482,4980.953691937943,0.2885284940205578,evaluated,,0,3.0
local_refinement,1.176886782124989,12.929952317906437,4978.375556254503,0.2890401950473176,evaluated,,0,3.0
local_refinement,1.0461423307758155,12.872575323952958,4970.214634788279,0.29063656127734905,evaluated,,0,3.0
local_refinement,1.0,14.176303493532735,4956.509532209546,0.2923858173321616,evaluated,,0,3.0
local_refinement,1.0,10.217871529666343,4964.275406708825,0.29086126326215117,evaluated,,0,3.0
local_refinement,1.0872833775443007,11.084217552237968,4975.663083161295,0.28862832818005435,evaluated,,0,3.0
local_refinement,1.4642751506117486,15.488775031604671,4972.199077668551,0.2902540296591263,evaluated,,0,4.0
local_refinement,1.448918634132269,12.17879983044837,4985.267761421346,0.2876790328793377,evaluated,,0,4.0
local_refinement,1.0,15.343566249872401,4965.645360727827,0.29034018679923285,evaluated,,0,4.0
local_refinement,1.1569104889903885,15.560932823977607,4962.743047541391,0.2911575596082233,evaluated,,0,4.0
local_refinement,1.4781719862535516,14.916563612499933,4969.226315968843,0.29083322067975204,evaluated,,0,4.0
local_refinement,1.0766693352417513,12.263504121172916,4980.3608769587045,0.2886459891187283,evaluated,,0,4.0
local_refinement,1.4106820029101141,11.876947769236095,4970.501645363132,0.2905835780522936,evaluated,,0,4.0
local_refinement,1.0016956480116554,13.237063158138845,4987.353254571022,0.28727584974937503,evaluated,,0,4.0
local_refinement,1.4616928644964686,14.026488947147097,4962.158979139075,0.29127426257252287,evaluated,,0,4.0
local_refinement,1.242036702053619,10.630990719680257,4973.0264504173665,0.2900834655725782,evaluated,,0,4.0
local_refinement,1.2690043360195018,15.693605330091172,4965.905238965087,0.2914909285090278,evaluated,,0,4.0
local_refinement,1.0,13.018929128902386,4962.019772696378,0.29224039027294246,evaluated,,0,4.0
local_refinement,1.4264238431567733,14.28015806266634,4967.391130252339,0.2911890301191701,evaluated,,0,4.0
local_refinement,1.3182094445971608,14.063084756206909,4975.656175489708,0.2895746223021134,evaluated,,0,4.0
local_refinement,1.115694690731853,11.744665756979677,4970.029486437537,0.29068040933373085,evaluated,,0,4.0
local_refinement,1.3856166932871081,14.673342947830957,4967.998724186831,0.29107154122643086,evaluated,,0,4.0
local_refinement,1.420243391148062,15.258073932995192,4972.228017800239,0.29024834218963613,evaluated,,0,4.0
local_refinement,1.2068054393165626,12.923597390876422,4965.4734734804515,0.29063084478224244,evaluated,,0,4.0
local_refinement,1.378977107380065,13.76529548750993,4946.731502000728,0.29431411727465584,evaluated,,0,4.0
local_refinement,1.321180126354622,14.592144435702695,4968.266995085392,0.2910169004768778,evaluated,,0,4.0
local_refinement,1.4340032050905398,11.996432539348207,4987.461514370185,0.2872511991765453,evaluated,,0,4.0
local_refinement,1.1253497715839664,10.612877598897729,4982.0777448095905,0.2882973020380317,evaluated,,0,4.0
local_refinement,1.2469680845977043,10.283792692427527,4984.802479814942,0.28682424069186874,evaluated,,0,4.0
local_refinement,1.1793588108794761,13.156795078791959,4983.840100476735,0.2879596044452195,evaluated,,0,4.0
local_refinement,1.0719247512769705,13.43002458742629,4961.355222068714,0.29143515356869265,evaluated,,0,4.0
local_refinement,1.0,10.291764230208045,4968.407859457135,0.29099910014255725,evaluated,,0,4.0
local_refinement,1.393560336395795,12.122280936801861,4962.463218474721,0.2912224361988526,evaluated,,0,4.0
local_refinement,1.0,13.04111928451074,4961.336169142114,0.29143726082284066,evaluated,,0,4.0
local_refinement,1.3619961318591665,11.3037052259071,4975.549429820703,0.2895956005320053,evaluated,,0,4.0
local_refinement,1.2737342854914,10.563920126514665,4985.276514638726,0.2867207937332774,evaluated,,0,4.0
local_refinement,1.1310090327011646,13.092780760991399,4977.82965875988,0.28820254115366606,evaluated,,0,5.0
local_refinement,1.4243810729660638,13.694227541494833,4955.864195285179,0.2934592161150613,evaluated,,0,5.0
local_refinement,1.5356548002335968,15.61308129055257,4968.070619041762,0.29106537643300057,evaluated,,0,5.0
local_refinement,1.4097802089807172,11.911163201576864,4969.699131117806,0.2907386633885196,evaluated,,0,5.0
local_refinement,1.577111716861222,11.61561886465596,4966.6811493615,0.2903935058578272,evaluated,,0,5.0
local_refinement,1.3633828524233815,10.524847682210648,4965.841525344842,0.291496780710676,evaluated,,0,5.0
local_refinement,1.1152104460492744,15.538216511223835,4969.658419203479,0.28955151908037485,evaluated,,0,5.0
local_refinement,1.6015880723073235,14.026173748551269,4971.341893163595,0.2904224881434133,evaluated,,0,5.0
local_refinement,1.3453717666485618,11.062578794801695,4971.918693169332,0.2903050922371457,evaluated,,0,5.0
local_refinement,1.1938622256026514,11.498877232593255,4979.761070866858,0.28781892963097894,evaluated,,0,5.0
local_refinement,1.4295359988236722,14.131758881709352,4961.625160619328,0.29138713581165254,evaluated,,0,5.0
local_refinement,1.4961184260306386,11.667225195683496,4973.351553512217,0.2900275389413415,evaluated,,0,5.0
local_refinement,1.6729191683979163,14.263875517665006,4977.725504296819,0.2891679467353919,evaluated,,0,5.0
local_refinement,1.4326124315068403,13.548456631148776,4964.762186761711,0.29171053523169227,evaluated,,0,5.0
local_refinement,1.3517600374566738,11.484634710471562,4957.903339461955,0.2921145279311546,evaluated,,0,5.0
local_refinement,1.313583607190757,14.376987446332974,4987.010769159769,0.2863883371394331,evaluated,,0,5.0
local_refinement,1.1086360931778534,10.738131871674216,4962.175875378663,0.29221355589142717,evaluated,,0,5.0
local_refinement,1.1276015852130516,10.31093230914856,4963.742199228807,0.2919119805652013,evaluated,,0,5.0
local_refinement,1.6132763504066043,14.069740062684735,4989.593804157117,0.28682756059119824,evaluated,,0,5.0
local_refinement,1.384504297452395,10.63471969089118,4955.778737668097,0.2925294369847171,evaluated,,0,5.0
local_refinement,1.3949695250700993,12.764584940325808,4964.855146545248,0.29075236169919083,evaluated,,0,5.0
local_refinement,1.203921121946009,12.539938851179306,4978.00324141559,0.2891093242674604,evaluated,,0,5.0
local_refinement,1.339102840638424,13.571870055956067,5008.81581842127,0.2830528798800064,evaluated,,0,5.0
local_refinement,1.4810561905205861,10.336873735407492,4985.766900944004,0.2875876084501049,evaluated,,0,5.0
local_refinement,1.3247675687758826,13.62862572209972,4964.324182530986,0.2917966141661489,evaluated,,0,5.0
local_refinement,1.4018817551480525,14.93629739953779,4967.737020693957,0.2901860003753558,evaluated,,0,5.0
local_refinement,1.495216178971367,11.003838201551707,4974.26412080566,0.28984152719537104,evaluated,,0,5.0
local_refinement,1.1423412484402578,13.722517307429808,4966.3908304331335,0.2904438917468169,evaluated,,0,5.0
local_refinement,1.115906786324973,13.401347545820537,4966.256178930813,0.29141692789874507,evaluated,,0,5.0
local_refinement,1.6641381448549744,13.342938588556233,4951.772432066844,0.2933091195495168,evaluated,,0,5.0
local_refinement,1.532901955723913,13.727444198568142,4978.50881582313,0.2889933571537405,evaluated,,0,6.0
local_refinement,1.5749517342949098,13.173647195421351,4968.194108571359,0.2910411076100564,evaluated,,0,6.0
local_refinement,1.864878885265915,12.26920195633039,4973.802751709822,0.28993219791810637,evaluated,,0,6.0
local_refinement,1.8767143382943483,15.21333813989088,4961.187940744994,0.291466391460367,evaluated,,0,6.0
local_refinement,1.4174746808735779,10.473278575962189,4981.615216969523,0.28744829590481413,evaluated,,0,6.0
local_refinement,1.360466800826456,10.183317751444289,4959.228927897424,0.29185805628442973,evaluated,,0,6.0
local_refinement,1.356665776453557,13.952648405270743,4962.997952448552,0.2911074643322945,evaluated,,0,6.0
local_refinement,1.3427131890761372,11.888591823765626,4981.735753758272,0.28836994797348486,evaluated,,0,6.0
local_refinement,1.8069251865816727,10.211951875622132,4968.492796027144,0.29097737594254386,evaluated,,0,6.0
local_refinement,1.7886810895533614,11.678116572965179,4987.559118340725,0.287228723160289,evaluated,,0,6.0
local_refinement,1.3708988965729936,14.030499727614734,4970.155163073395,0.2906557106889648,evaluated,,0,6.0
local_refinement,1.6773657080679303,15.05526631669839,4987.855501543161,0.2871691811196685,evaluated,,0,6.0
local_refinement,1.7410426262823313,14.635736875282094,4963.000464696504,0.2911168536974337,evaluated,,0,6.0
local_refinement,1.4692207435427838,11.086082213231029,4962.470585525925,0.2912143192467128,evaluated,,0,6.0
local_refinement,1.7503688509845148,14.654752971645385,4973.877201250325,0.2899201957523387,evaluated,,0,6.0
local_refinement,1.894303085200404,12.419542228087789,4972.530055527604,0.2901823149799231,evaluated,,0,6.0
local_refinement,1.5232108514756697,14.482261487407122,4959.664106117294,0.29177253273274395,evaluated,,0,6.0
local_refinement,1.5044821241518105,15.357394036172211,4967.4803454916455,0.2911813801486447,evaluated,,0,6.0
local_refinement,1.815047651105807,12.512396135216354,4975.66868692675,0.2895654943477497,evaluated,,0,6.0
local_refinement,1.7505226406748982,14.358258096060148,4958.389254566118,0.29296800996868544,evaluated,,0,6.0
local_refinement,1.3618743213015594,15.197474980873142,4956.429877908386,0.2924081405613518,evaluated,,0,6.0
local_refinement,1.603151423468714,14.766013832830895,4974.836536099114,0.28973067020876414,evaluated,,0,6.0
local_refinement,1.492029760618367,15.157616705573457,4969.226315968843,0.29083322067975215,evaluated,,0,6.0
local_refinement,1.5335210072404977,10.141449483893293,4966.96808591626,0.2912753830008229,evaluated,,0,6.0
local_refinement,1.8432291858515581,10.597595457377377,4958.165513857075,0.29300542057880563,evaluated,,0,6.0
local_refinement,1.4915881825542487,15.466851353178063,4963.359326552004,0.2910412962349959,evaluated,,0,6.0
local_refinement,1.8703642881625335,13.331392825659032,4969.759333865521,0.2907335011623221,evaluated,,0,6.0
local_refinement,1.6791023273018795,12.622686109617074,4968.681466700076,0.29094532938355555,evaluated,,0,6.0
local_refinement,1.4759264630188387,11.943527972247423,4951.338720752163,0.29340868200003456,evaluated,,0,6.0
local_refinement,1.703511073646223,14.345963581911647,4961.741119468739,0.2913460954909651,evaluated,,0,6.0
local_refinement,1.574947426235509,0.11553281642575493,30423.496596633282,-3.757107338068896,evaluated,,13864,7.0
local_refinement,1.1547236618292143,0.10224891371161618,28971.67430985065,-3.6226128848521295,evaluated,,13739,7.0
local_refinement,1.1345352560099866,0.10472879970456811,28759.2538081917,-3.5881596427947167,evaluated,,13722,7.0
local_refinement,1.364918300824026,0.1199466882241235,29008.861836598604,-3.6267424463081435,evaluated,,13750,7.0
local_refinement,1.3105490075312471,0.1,30359.61161078172,-3.751552917111069,evaluated,,13852,7.0
local_refinement,1.1857950092317013,0.11426797842728625,25907.42857591679,-3.265726028733777,evaluated,,13459,7.0
local_refinement,1.4709308379897565,0.1,30429.817458949063,-3.7580096944049073,evaluated,,13867,7.0
local_refinement,1.1504640836689983,0.11154361091566041,25907.42857591679,-3.265726028733777,evaluated,,13459,7.0
local_refinement,1.1436578038185161,0.11698370266806604,23923.256855641077,-2.956395691762192,evaluated,,13307,7.0
local_refinement,1.5237453362938975,0.1,30434.633278727662,-3.758520267946965,evaluated,,13868,7.0
local_refinement,1.150902628451115,0.12439878103255292,21501.501940947594,-2.550171572860317,evaluated,,12829,7.0
local_refinement,1.3245624774536722,0.1,30415.384235497746,-3.7563890602084244,evaluated,,13862,7.0
local_refinement,1.5876797403545013,0.12262618598227365,30060.578274535575,-3.725852058987341,evaluated,,13847,7.0
local_refinement,1.6916006382937225,0.11390201833665237,30430.34583169293,-3.7581135330429785,evaluated,,13867,7.0
local_refinement,1.3257557513185494,0.1,30415.391899305043,-3.756390566340831,evaluated,,13862,7.0
local_refinement,1.566288149556462,0.10512819123811123,30430.54943705969,-3.75815354665881,evaluated,,13867,7.0
local_refinement,1.3545332055481856,0.12078594732926314,28964.828217559538,-3.6212674541729903,evaluated,,13739,7.0
local_refinement,1.1667184893836908,0.10216812969308867,29013.235965503885,-3.627602073519322,evaluated,,13750,7.0
local_refinement,1.1068121868604512,0.10108972888973569,28816.023446671446,-3.5935392578351126,evaluated,,13733,7.0
local_refinement,1.1337819654091024,0.1,29004.90724489965,-3.6259652687930006,evaluated,,13750,7.0
local_refinement,1.170515748066263,0.10921446359522287,28585.218700725876,-3.5722831926061227,evaluated,,13685,7.0
local_refinement,1.547626927559254,0.10625159442937218,30428.15782959992,-3.7576377346069543,evaluated,,13866,7.0
local_refinement,1.6773035290847251,0.1,30432.426470598723,-3.758086574208494,evaluated,,13870,7.0
local_refinement,1.2714272517691163,0.11908696076852572,28575.589642669926,-3.570390838607842,evaluated,,13685,7.0
local_refinement,1.2341575031116716,0.12334501427482752,24332.528576863715,-3.0358531958612427,evaluated,,13319,7.0
local_refinement,1.1072926848138898,0.12364454720184376,20599.231122094952,-2.379666893833019,evaluated,,12710,7.0
local_refinement,1.1258959471703456,0.1201014401164132,22076.433847925306,-2.6488201733516807,evaluated,,13016,7.0
local_refinement,1.41662066545178,0.12468341582536852,29007.120024786633,-3.626400136133308,evaluated,,13750,7.0
local_refinement,1.1442779388412392,0.10492344279805943,28816.023446671446,-3.5935392578351126,evaluated,,13733,7.0
local_refinement,1.6815815213714593,0.1035394029876567,30434.633278727662,-3.758520267946965,evaluated,,13869,7.0
local_refinement,1.4776391828811575,1.0526072550162122,4962.4600882914265,0.29224481621118026,evaluated,,0,8.0
local_refinement,1.3727246388606638,1.0235887946855062,4963.746092269737,0.29192246739296157,evaluated,,0,8.0
local_refinement,1.45058858715386,1.1400190312680223,4957.582979697079,0.2930377943607738,evaluated,,0,8.0
local_refinement,1.1272678282048747,0.8760956098800986,4962.84692681179,0.2920767969892328,evaluated,,0,8.0
local_refinement,1.670246890445935,1.1353830016515545,4954.9116411259365,0.29278252059749965,evaluated,,0,8.0
local_refinement,1.3733940516714278,1.0204288865027518,4964.190371766212,0.29183515520971137,evaluated,,0,8.0
local_refinement,1.2664287097886795,0.8365867566201225,4962.867912016016,0.29207499756354005,evaluated,,0,8.0
local_refinement,1.3782190429639893,0.9069007086178629,4963.677377341425,0.2920055880553789,evaluated,,0,8.0
local_refinement,1.450193667110523,0.7896118581206589,4963.4720892467485,0.29204848483950985,evaluated,,0,8.0
local_refinement,1.6846368845996997,1.1762131557531996,4964.799284062006,0.2916331906350247,evaluated,,0,8.0
local_refinement,1.518897028411847,0.9846673338753892,4962.566979659087,0.29215396513997355,evaluated,,0,8.0
local_refinement,1.2857165697717965,1.1028417788088802,4962.45181879411,0.2921503365815276,evaluated,,0,8.0
local_refinement,1.5108387035323274,0.8257334555679331,4963.275802784568,0.29197467830762014,evaluated,,0,8.0
local_refinement,1.6465563106963055,1.106562025067013,4973.672160937536,0.2899717432804281,evaluated,,0,8.0
local_refinement,1.6698799479751543,1.0653613137930538,4960.624610402223,0.2925094293490644,evaluated,,0,8.0
local_refinement,1.4680491175614738,0.9345149413665232,4954.356699034549,0.29289240102625647,evaluated,,0,8.0
local_refinement,1.6596370900124078,1.1250847555044592,4963.650629905418,0.2919542615281645,evaluated,,0,8.0
local_refinement,1.1271312020637136,0.7677523894983029,4962.123515491222,0.29210705352103994,evaluated,,0,8.0
local_refinement,1.3258780201268296,1.101462280619985,4973.135301824246,0.2901462736726683,evaluated,,0,8.0
local_refinement,1.6923656775889666,0.8205417345724365,4962.6048440746645,0.2921372150689364,evaluated,,0,8.0
local_refinement,1.456478429211281,0.9186197505008992,4962.269655396357,0.2922126246652843,evaluated,,0,8.0
local_refinement,1.6819486386887619,1.114894993779535,4962.8327823934615,0.2920243897866257,evaluated,,0,8.0
local_refinement,1.6029972228266827,0.9559839520000146,4963.700418646279,0.2920036123245019,evaluated,,0,8.0
local_refinement,1.348891701402599,0.8728801099138956,4963.098259449418,0.29204955519358033,evaluated,,0,8.0
local_refinement,1.133825297990556,1.1245138755912112,4963.456161169933,0.29202455675629624,evaluated,,0,8.0
local_refinement,1.5877406054780465,1.1819610187519523,4960.985657938743,0.29244258350472796,evaluated,,0,8.0
local_refinement,1.697982102244343,0.9928954723874236,4964.841845059129,0.291779293099968,evaluated,,0,8.0
local_refinement,1.5613924491083062,1.1585762621781976,4956.772940271812,0.2931967598710956,evaluated,,0,8.0
local_refinement,1.6097884344064468,0.8617907355141442,4955.449377142206,0.2936251511385266,evaluated,,0,8.0
local_refinement,1.370326481186056,0.8114956322925081,4962.285634900609,0.2921459107624833,evaluated,,0,8.0
local_refinement,2.0724306163552333,0.1072778585502896,30432.58621580537,-3.7581179681910357,evaluated,,13870,9.0
local_refinement,1.6371856833020775,0.11022653079826356,30430.35225034825,-3.7581147944714584,evaluated,,13867,9.0
local_refinement,1.8708769442747373,0.1,30432.52835054724,-3.7581065962009674,evaluated,,13870,9.0
local_refinement,1.5681345553197772,0.11022079380167599,30428.88923175308,-3.7577004504048093,evaluated,,13866,9.0
local_refinement,1.8121846205422758,0.11475432762810378,30434.633278727662,-3.758520267946965,evaluated,,13868,9.0
local_refinement,1.812098100667196,0.1183481675143343,30434.633278727662,-3.758520267946965,evaluated,,13868,9.0
local_refinement,1.8311441032646911,0.10524220871909239,30432.448678400964,-3.758090938604587,evaluated,,13870,9.0
local_refinement,2.0259921615950067,0.1,30432.71239219213,-3.7581427650495223,evaluated,,13870,9.0
local_refinement,1.5804091370703843,0.1,30434.633278727662,-3.758520267946965,evaluated,,13868,9.0
local_refinement,1.9530823534041712,0.10791392981090592,30432.48471581824,-3.7580980208706065,evaluated,,13870,9.0
local_refinement,1.922447860859534,0.1,30432.576241230527,-3.7581160079342295,evaluated,,13870,9.0
local_refinement,1.5818228853520617,0.1,30434.633278727662,-3.758520267946965,evaluated,,13868,9.0
local_refinement,1.710352535283958,0.10654629590845849,30434.633278727662,-3.758520267946965,evaluated,,13868,9.0
local_refinement,1.7353464270598393,0.1,30432.446756812336,-3.758090560963711,evaluated,,13870,9.0
local_refinement,2.0424952166962487,0.1,30432.740216956365,-3.7581482333210334,evaluated,,13870,9.0
local_refinement,1.8083936934958862,0.11526438557335145,30434.633278727662,-3.758520267946965,evaluated,,13868,9.0
local_refinement,1.7379256693927618,0.10799390151025433,30434.633278727662,-3.758520267946965,evaluated,,13868,9.0
local_refinement,2.017418225248047,0.1227284280645939,30434.633278727662,-3.758520267946965,evaluated,,13869,9.0
local_refinement,1.5882440885574227,0.12169644313226724,30359.4250169397,-3.7515162466910805,evaluated,,13852,9.0
local_refinement,1.7952697758477227,0.1,30432.476079185682,-3.7580963235533758,evaluated,,13870,9.0
local_refinement,1.7754814537429566,0.12410146588784648,30428.778771642872,-3.757690978742861,evaluated,,13866,9.0
local_refinement,1.7955708563957216,0.1,30432.47625113847,-3.7580963573464574,evaluated,,13870,9.0
local_refinement,1.8800405125900352,0.1,30432.536059164602,-3.758108111139687,evaluated,,13870,9.0
local_refinement,1.5455179968651982,0.1,30434.633278727662,-3.758520267946965,evaluated,,13868,9.0
local_refinement,1.5768275033746633,0.1,30434.633278727662,-3.758520267946965,evaluated,,13868,9.0
local_refinement,1.583296303589646,0.10883936351614465,30428.223868835827,-3.757643397296559,evaluated,,13866,9.0
local_refinement,1.6091280506394867,0.1,30434.633278727662,-3.758520267946965,evaluated,,13868,9.0
local_refinement,2.038073045943607,0.10132827381182925,30432.689289674483,-3.7581382248191706,evaluated,,13870,9.0
local_refinement,1.900534643112616,0.1,30432.554518081088,-3.7581117387846983,evaluated,,13870,9.0
local_refinement,1.6153734112852023,0.1,30434.633278727662,-3.758520267946965,evaluated,,13868,9.0
local_refinement,1.6013610378432985,0.8750858451784171,4955.298045162235,0.2927097273485598,evaluated,,0,10.0
local_refinement,1.606206290566048,0.7942792380297625,4960.135671176445,0.29270162309671915,evaluated,,0,10.0
local_refinement,1.5723815226603604,0.9526159887702201,4964.597970769208,0.2917550516732559,evaluated,,0,10.0
local_refinement,1.6238002310434754,0.9115466988189006,4959.759423494814,0.2927059488666649,evaluated,,0,10.0
local_refinement,1.8020503625129138,1.0503289239257598,4963.655978166684,0.2919538029289235,evaluated,,0,10.0
local_refinement,1.5235872839046591,1.096720414669061,4972.32260654833,0.29014108404465844,evaluated,,0,10.0
local_refinement,1.8767402336945445,0.7913244362612256,4965.053347061175,0.2916431794789264,evaluated,,0,10.0
local_refinement,2.024147174464066,1.148408474544266,4963.679019471536,0.2919518271980466,evaluated,,0,10.0
local_refinement,1.536646775912918,0.8743570109107762,4958.989732846232,0.2928595372891618,evaluated,,0,10.0
local_refinement,1.9837207678758366,1.0749532706273348,4962.3060372399705,0.2921231768377217,evaluated,,0,10.0
local_refinement,1.6107126116138262,0.8456203850570596,4963.169972620823,0.291995476617521,evaluated,,0,10.0
local_refinement,1.722283261674829,0.9627203218272327,4959.577474450298,0.2927014935754946,evaluated,,0,10.0
local_refinement,1.8709528629181773,0.9135228551399707,4964.161408920739,0.2919104635801617,evaluated,,0,10.0
local_refinement,1.7775208296798886,1.0746176177237523,4961.9480227697895,0.2921935357565433,evaluated,,0,10.0
local_refinement,1.5220099217343586,0.8639562885062951,4964.182394124966,0.2919086641544688,evaluated,,0,10.0
local_refinement,1.9280097515307313,1.1374865143318589,4971.521913252513,0.2902984405743348,evaluated,,0,10.0
local_refinement,1.8070064652693996,0.9829724219446896,4955.629350366047,0.29264206500803325,evaluated,,0,10.0
local_refinement,1.5643032068038654,0.9469279271806663,4964.161408920739,0.2919104635801617,evaluated,,0,10.0
local_refinement,1.8195703598730137,0.8597150774506398,4962.84692681179,0.2920767969892327,evaluated,,0,10.0
local_refinement,1.6615459385696285,0.9170849248891576,4954.225481315989,0.29292074110384514,evaluated,,0,10.0
local_refinement,1.5120427186666356,0.8935924813333449,4963.193013925675,0.29199350088664433,evaluated,,0,10.0
local_refinement,1.6268688041979267,0.8958981864047428,4961.705063208016,0.2922026452419979,evaluated,,0,10.0
local_refinement,1.5718572790915506,1.1354951325297302,4961.069336821594,0.2924220293341357,evaluated,,0,10.0
local_refinement,1.856155472132429,1.0455234053388986,4965.2553656027485,0.2916258569239387,evaluated,,0,10.0
local_refinement,1.9735027431644028,0.9686436323564122,4964.161408920738,0.2919104635801617,evaluated,,0,10.0
local_refinement,1.552152172852454,0.9850972132591393,4963.04894535336,0.2920594744342454,evaluated,,0,10.0
local_refinement,1.8521046708125273,1.0737531298275427,4960.482231260711,0.2924680179344002,evaluated,,0,10.0
local_refinement,1.7589957277378074,0.8108236422634243,4965.09272919489,0.29163543989134044,evaluated,,0,10.0
local_refinement,1.6702655434792346,0.9110413316103427,4963.655978166684,0.29195380292892337,evaluated,,0,10.0
local_refinement,1.8875503447989606,0.9994262056276223,4959.3709861411735,0.2927822866532866,evaluated,,0,10.0
