phase,alpha,beta,cv_mse,cv_r2,evaluation,reuse_alpha,clipped_count,seed_index
coarse_grid,1.0,0.1,17713.63002866055,-1.6472688519272214,evaluated,,19813,
coarse_grid,1.0,0.11455149701087121,16465.987442313446,-1.2966023835929212,evaluated,,19026,
coarse_grid,1.0,0.13122045467431637,14241.30014125697,-0.8514966530800366,evaluated,,17307,
coarse_grid,1.0,0.1503149952139011,11588.695296666812,-0.4977830082321273,evaluated,,12710,
coarse_grid,1.0,0.17218807724934312,6351.590123114832,0.1422584261348846,evaluated,,5686,
coarse_grid,1.0,0.1972440201633579,4753.7774279915575,0.39156931426692126,evaluated,,2894,
coarse_grid,1.0,0.22594597786155107,4414.466948346011,0.433623820990404,evaluated,,880,
coarse_grid,1.0,0.2588245000762584,4275.145273418818,0.4580635611543984,evaluated,,301,
coarse_grid,1.0,0.29648733946825756,4280.546535449492,0.45757331210286994,evaluated,,163,
coarse_grid,1.0,0.3396306858085926,4275.682787586925,0.4579173345620842,evaluated,,0,
coarse_grid,1.0,0.3890520349020314,4279.042929138309,0.45794770846051996,evaluated,,0,
coarse_grid,1.0,0.445664930131534,4282.312364994337,0.45720311142345466,evaluated,,0,
coarse_grid,1.0,0.5105158491181254,4279.438629371457,0.4575784790602129,evaluated,,0,
coarse_grid,1.0,0.5848035476425733,4278.614458749001,0.45771912991003455,evaluated,,0,
coarse_grid,1.0,0.6,4280.6876714181635,0.4574210518618693,evaluated,,0,
coarse_grid,1.0,0.669901218397251,4278.114987430203,0.4576790657188677,evaluated,,0,
coarse_grid,1.0,0.7673818741681168,4274.039632426997,0.4583077336015872,evaluated,,0,
coarse_grid,1.0,0.8790474246496578,4278.470008427269,0.45766198602696734,evaluated,,0,
coarse_grid,1.0,1.0069619843716933,4279.343827759747,0.45758672258104877,evaluated,,0,
coarse_grid,1.0,1.1,4281.769233137323,0.45738680485040906,evaluated,,0,
coarse_grid,1.0,1.1534900274281497,4280.278437431225,0.4575231869054819,evaluated,,0,
coarse_grid,1.0,1.3213400942900544,4277.259383178932,0.4577587657758186,evaluated,,0,
coarse_grid,1.0,1.5136148586141145,4278.2883054206995,0.45799192431290353,evaluated,,0,
coarse_grid,1.0,1.6,4277.7869946797655,0.45800049047649116,evaluated,,0,
coarse_grid,1.0,1.733868479521449,4279.278766050797,0.45761824543575896,evaluated,,0,
coarse_grid,1.0,1.9861722994914508,4279.590928470586,0.4575647535876281,evaluated,,0,
coarse_grid,1.0,2.1,4279.938052705108,0.4575300761672274,evaluated,,0,
coarse_grid,1.0,2.2751901022827012,4280.457723374861,0.45744965636322155,evaluated,,0,
coarse_grid,1.0,2.6,4285.525906623555,0.4569176736104317,evaluated,,0,
coarse_grid,1.0,2.6062643220080064,4278.958226631222,0.4576144794442664,evaluated,,0,
coarse_grid,1.0,2.9855147969204046,4274.944389372485,0.458440442279749,evaluated,,0,
coarse_grid,1.0,3.1,4278.774535507005,0.4579109253182358,evaluated,,0,
coarse_grid,1.0,3.419951893353395,4282.758692683114,0.4572317625167204,evaluated,,0,
coarse_grid,1.0,3.6,4277.474402823668,0.4577682016502607,evaluated,,0,
coarse_grid,1.0,3.9176060908879475,4282.161417961543,0.4573231622657426,evaluated,,0,
coarse_grid,1.0,4.1,4282.185771454333,0.4573167973607768,evaluated,,0,
coarse_grid,1.0,4.487676424101213,4277.435490727287,0.4580878705239906,evaluated,,0,
coarse_grid,1.0,4.6,4287.843653680927,0.456509171060621,evaluated,,0,
coarse_grid,1.0,5.1,4297.745335920392,0.45449276672944605,evaluated,,0,
coarse_grid,1.0,5.140700524811874,4287.39414264901,0.45620015218349846,evaluated,,0,
coarse_grid,1.0,5.6,4288.724991363954,0.45597261686711876,evaluated,,0,
coarse_grid,1.0,5.8887494080177145,4299.123853922742,0.4544513776523879,evaluated,,0,
coarse_grid,1.0,6.1,4287.537600018765,0.4560465524026898,evaluated,,0,
coarse_grid,1.0,6.6,4287.916938348158,0.45601677181947764,evaluated,,0,
coarse_grid,1.0,6.745650602103109,4302.426509561897,0.4539520665435803,evaluated,,0,
coarse_grid,1.0,7.1,4300.950714892008,0.4539189606883424,evaluated,,0,
coarse_grid,1.0,7.6,4286.25857189354,0.45621491942158166,evaluated,,0,
coarse_grid,1.0,7.727243747831959,4299.787285983605,0.4541504000343166,evaluated,,0,
coarse_grid,1.0,8.1,4299.801074892428,0.45414769016419326,evaluated,,0,
coarse_grid,1.0,8.6,4299.259766672279,0.45431657143170545,evaluated,,0,
coarse_grid,1.0,8.851673390820459,4293.532102097522,0.45511149831132247,evaluated,,0,
coarse_grid,1.0,9.1,4293.572040128031,0.4551080092290583,evaluated,,0,
coarse_grid,1.0,9.6,4304.861052847962,0.4532916744321182,evaluated,,0,
coarse_grid,1.0,10.1,4294.232119762975,0.45503041161004765,evaluated,,0,
coarse_grid,1.0,10.13972437969778,4289.262024783105,0.4557959394835797,evaluated,,0,
coarse_grid,1.0,10.6,4284.634654507313,0.4567439948988479,evaluated,,0,
coarse_grid,1.0,11.1,4281.792907236628,0.45694020350159553,evaluated,,0,
coarse_grid,1.0,11.6,4294.640515537248,0.4548578054074393,evaluated,,0,
coarse_grid,1.0,11.615206069720077,4287.795748131754,0.45605211438309,evaluated,,0,
coarse_grid,1.0,12.1,4293.236289560314,0.4550865517560321,evaluated,,0,
coarse_grid,1.0,12.6,4277.343404050463,0.45737438750020293,evaluated,,0,
coarse_grid,1.0,13.1,4294.712920047509,0.454712485092793,evaluated,,0,
coarse_grid,1.0,13.305392433761932,4306.374727002012,0.4529449661196576,evaluated,,0,
coarse_grid,1.0,13.6,4276.813916992732,0.4577043868814634,evaluated,,0,
coarse_grid,1.0,14.1,4286.740516092647,0.45577441062624685,evaluated,,0,
coarse_grid,1.0,14.6,4293.0745184611,0.45506022763195936,evaluated,,0,
coarse_grid,1.0,15.1,4286.810987112211,0.45598275157187124,evaluated,,0,
coarse_grid,1.0,15.241526216045477,4287.352449058663,0.45590787294234153,evaluated,,0,
coarse_grid,1.0,15.6,4285.72180441715,0.456253935079778,evaluated,,0,
coarse_grid,1.0,16.1,4286.411207160803,0.45605402032526926,evaluated,,0,
coarse_grid,1.0,16.6,4284.710096390411,0.4561524587592249,evaluated,,0,
coarse_grid,1.0,17.1,4283.567383467185,0.4561079046675835,evaluated,,0,
coarse_grid,1.0,17.459396447784496,4290.960681925108,0.45511177853902024,evaluated,,0,
coarse_grid,1.0,17.6,4286.302469235924,0.45605932396170196,evaluated,,0,
coarse_grid,1.0,18.1,4282.428361431885,0.45651696318734075,evaluated,,0,
coarse_grid,1.0,18.6,4282.42194654715,0.45627347538190205,evaluated,,0,
coarse_grid,1.0,19.1,4288.953527673401,0.45540846182374023,evaluated,,0,
coarse_grid,1.0,19.6,4284.5978181229975,0.456083438718714,evaluated,,0,
coarse_grid,1.0,20.000000000000004,4282.938293371158,0.4562273829273476,evaluated,,0,
coarse_grid,1.2,0.1,18211.278722764946,-1.7990830298447424,evaluated,,20332,
coarse_grid,1.2,0.11455149701087121,17744.944596228965,-1.7335336243162,evaluated,,20087,
coarse_grid,1.2,0.13122045467431637,17024.99893812843,-1.412428829800412,evaluated,,19238,
coarse_grid,1.2,0.1503149952139011,15011.276237689344,-0.9976029394542673,evaluated,,18027,
coarse_grid,1.2,0.17218807724934312,12519.471167476813,-0.613269105601161,evaluated,,14464,
coarse_grid,1.2,0.1972440201633579,8812.146803830954,-0.20072780299383744,evaluated,,8032,
coarse_grid,1.2,0.22594597786155107,4833.395561932139,0.3730323554181431,evaluated,,3723,
coarse_grid,1.2,0.2588245000762584,4637.460012334367,0.40010471296571576,evaluated,,1529,
coarse_grid,1.2,0.29648733946825756,4274.21683487919,0.45826339390970966,evaluated,,314,
coarse_grid,1.2,0.3396306858085926,4271.28895558639,0.4584311328695219,evaluated,,263,
coarse_grid,1.2,0.3890520349020314,4279.08399234119,0.4579441899181715,evaluated,,3,
coarse_grid,1.2,0.445664930131534,4282.312364994337,0.45720311142345466,positive_alpha_scaling_without_clipping,1.0,0,
coarse_grid,1.2,0.5105158491181254,4279.438629371457,0.4575784790602129,positive_alpha_scaling_without_clipping,1.0,0,
coarse_grid,1.2,0.5848035476425733,4278.614458749001,0.45771912991003455,positive_alpha_scaling_without_clipping,1.0,0,
coarse_grid,1.2,0.6,4280.6876714181635,0.4574210518618693,positive_alpha_scaling_without_clipping,1.0,0,
coarse_grid,1.2,0.669901218397251,4278.114987430203,0.4576790657188677,positive_alpha_scaling_without_clipping,1.0,0,
coarse_grid,1.2,0.7673818741681168,4274.039632426997,0.4583077336015872,positive_alpha_scaling_without_clipping,1.0,0,
coarse_grid,1.2,0.8790474246496578,4278.470008427269,0.45766198602696734,positive_alpha_scaling_without_clipping,1.0,0,
coarse_grid,1.2,1.0069619843716933,4279.343827759747,0.45758672258104877,positive_alpha_scaling_without_clipping,1.0,0,
coarse_grid,1.2,1.1,4281.769233137323,0.45738680485040906,positive_alpha_scaling_without_clipping,1.0,0,
coarse_grid,1.2,1.1534900274281497,4280.278437431225,0.4575231869054819,positive_alpha_scaling_without_clipping,1.0,0,
coarse_grid,1.2,1.3213400942900544,4277.259383178932,0.4577587657758186,positive_alpha_scaling_without_clipping,1.0,0,
coarse_grid,1.2,1.5136148586141145,4278.2883054206995,0.45799192431290353,positive_alpha_scaling_without_clipping,1.0,0,
coarse_grid,1.2,1.6,4277.7869946797655,0.45800049047649116,positive_alpha_scaling_without_clipping,1.0,0,
coarse_grid,1.2,1.733868479521449,4279.278766050797,0.45761824543575896,positive_alpha_scaling_without_clipping,1.0,0,
coarse_grid,1.2,1.9861722994914508,4279.590928470586,0.4575647535876281,positive_alpha_scaling_without_clipping,1.0,0,
coarse_grid,1.2,2.1,4279.938052705108,0.4575300761672274,positive_alpha_scaling_without_clipping,1.0,0,
coarse_grid,1.2,2.2751901022827012,4280.457723374861,0.45744965636322155,positive_alpha_scaling_without_clipping,1.0,0,
coarse_grid,1.2,2.6,4285.525906623555,0.4569176736104317,positive_alpha_scaling_without_clipping,1.0,0,
coarse_grid,1.2,2.6062643220080064,4278.958226631222,0.4576144794442664,positive_alpha_scaling_without_clipping,1.0,0,
coarse_grid,1.2,2.9855147969204046,4274.944389372485,0.458440442279749,positive_alpha_scaling_without_clipping,1.0,0,
coarse_grid,1.2,3.1,4278.774535507005,0.4579109253182358,positive_alpha_scaling_without_clipping,1.0,0,
coarse_grid,1.2,3.419951893353395,4282.758692683114,0.4572317625167204,positive_alpha_scaling_without_clipping,1.0,0,
coarse_grid,1.2,3.6,4277.474402823668,0.4577682016502607,positive_alpha_scaling_without_clipping,1.0,0,
coarse_grid,1.2,3.9176060908879475,4282.161417961543,0.4573231622657426,positive_alpha_scaling_without_clipping,1.0,0,
coarse_grid,1.2,4.1,4282.185771454333,0.4573167973607768,positive_alpha_scaling_without_clipping,1.0,0,
coarse_grid,1.2,4.487676424101213,4277.435490727287,0.4580878705239906,positive_alpha_scaling_without_clipping,1.0,0,
coarse_grid,1.2,4.6,4287.843653680927,0.456509171060621,positive_alpha_scaling_without_clipping,1.0,0,
coarse_grid,1.2,5.1,4297.745335920392,0.45449276672944605,positive_alpha_scaling_without_clipping,1.0,0,
coarse_grid,1.2,5.140700524811874,4287.39414264901,0.45620015218349846,positive_alpha_scaling_without_clipping,1.0,0,
coarse_grid,1.2,5.6,4288.724991363954,0.45597261686711876,positive_alpha_scaling_without_clipping,1.0,0,
coarse_grid,1.2,5.8887494080177145,4299.123853922742,0.4544513776523879,positive_alpha_scaling_without_clipping,1.0,0,
coarse_grid,1.2,6.1,4287.537600018765,0.4560465524026898,positive_alpha_scaling_without_clipping,1.0,0,
coarse_grid,1.2,6.6,4287.916938348158,0.45601677181947764,positive_alpha_scaling_without_clipping,1.0,0,
coarse_grid,1.2,6.745650602103109,4302.426509561897,0.4539520665435803,positive_alpha_scaling_without_clipping,1.0,0,
coarse_grid,1.2,7.1,4300.950714892008,0.4539189606883424,positive_alpha_scaling_without_clipping,1.0,0,
coarse_grid,1.2,7.6,4286.25857189354,0.45621491942158166,positive_alpha_scaling_without_clipping,1.0,0,
coarse_grid,1.2,7.727243747831959,4299.787285983605,0.4541504000343166,positive_alpha_scaling_without_clipping,1.0,0,
coarse_grid,1.2,8.1,4299.801074892428,0.45414769016419326,positive_alpha_scaling_without_clipping,1.0,0,
coarse_grid,1.2,8.6,4299.259766672279,0.45431657143170545,positive_alpha_scaling_without_clipping,1.0,0,
coarse_grid,1.2,8.851673390820459,4293.532102097522,0.45511149831132247,positive_alpha_scaling_without_clipping,1.0,0,
coarse_grid,1.2,9.1,4293.572040128031,0.4551080092290583,positive_alpha_scaling_without_clipping,1.0,0,
coarse_grid,1.2,9.6,4304.861052847962,0.4532916744321182,positive_alpha_scaling_without_clipping,1.0,0,
coarse_grid,1.2,10.1,4294.232119762975,0.45503041161004765,positive_alpha_scaling_without_clipping,1.0,0,
coarse_grid,1.2,10.13972437969778,4289.262024783105,0.4557959394835797,positive_alpha_scaling_without_clipping,1.0,0,
coarse_grid,1.2,10.6,4284.634654507313,0.4567439948988479,positive_alpha_scaling_without_clipping,1.0,0,
coarse_grid,1.2,11.1,4281.792907236628,0.45694020350159553,positive_alpha_scaling_without_clipping,1.0,0,
coarse_grid,1.2,11.6,4294.640515537248,0.4548578054074393,positive_alpha_scaling_without_clipping,1.0,0,
coarse_grid,1.2,11.615206069720077,4287.795748131754,0.45605211438309,positive_alpha_scaling_without_clipping,1.0,0,
coarse_grid,1.2,12.1,4293.236289560314,0.4550865517560321,positive_alpha_scaling_without_clipping,1.0,0,
coarse_grid,1.2,12.6,4277.343404050463,0.45737438750020293,positive_alpha_scaling_without_clipping,1.0,0,
coarse_grid,1.2,13.1,4294.712920047509,0.454712485092793,positive_alpha_scaling_without_clipping,1.0,0,
coarse_grid,1.2,13.305392433761932,4306.374727002012,0.4529449661196576,positive_alpha_scaling_without_clipping,1.0,0,
coarse_grid,1.2,13.6,4276.813916992732,0.4577043868814634,positive_alpha_scaling_without_clipping,1.0,0,
coarse_grid,1.2,14.1,4286.740516092647,0.45577441062624685,positive_alpha_scaling_without_clipping,1.0,0,
coarse_grid,1.2,14.6,4293.0745184611,0.45506022763195936,positive_alpha_scaling_without_clipping,1.0,0,
coarse_grid,1.2,15.1,4286.810987112211,0.45598275157187124,positive_alpha_scaling_without_clipping,1.0,0,
coarse_grid,1.2,15.241526216045477,4287.352449058663,0.45590787294234153,positive_alpha_scaling_without_clipping,1.0,0,
coarse_grid,1.2,15.6,4285.72180441715,0.456253935079778,positive_alpha_scaling_without_clipping,1.0,0,
coarse_grid,1.2,16.1,4286.411207160803,0.45605402032526926,positive_alpha_scaling_without_clipping,1.0,0,
coarse_grid,1.2,16.6,4284.710096390411,0.4561524587592249,positive_alpha_scaling_without_clipping,1.0,0,
coarse_grid,1.2,17.1,4283.567383467185,0.4561079046675835,positive_alpha_scaling_without_clipping,1.0,0,
coarse_grid,1.2,17.459396447784496,4290.960681925108,0.45511177853902024,positive_alpha_scaling_without_clipping,1.0,0,
coarse_grid,1.2,17.6,4286.302469235924,0.45605932396170196,positive_alpha_scaling_without_clipping,1.0,0,
coarse_grid,1.2,18.1,4282.428361431885,0.45651696318734075,positive_alpha_scaling_without_clipping,1.0,0,
coarse_grid,1.2,18.6,4282.42194654715,0.45627347538190205,positive_alpha_scaling_without_clipping,1.0,0,
coarse_grid,1.2,19.1,4288.953527673401,0.45540846182374023,positive_alpha_scaling_without_clipping,1.0,0,
coarse_grid,1.2,19.6,4284.5978181229975,0.456083438718714,positive_alpha_scaling_without_clipping,1.0,0,
coarse_grid,1.2,20.000000000000004,4282.938293371158,0.4562273829273476,positive_alpha_scaling_without_clipping,1.0,0,
coarse_grid,1.4,0.1,18353.807218656777,-1.814044767692628,evaluated,,20361,
coarse_grid,1.4,0.11455149701087121,18238.618848899387,-1.8032528357642708,evaluated,,20340,
coarse_grid,1.4,0.13122045467431637,17856.533240505403,-1.753619194744734,evaluated,,20180,
coarse_grid,1.4,0.1503149952139011,17406.73546720543,-1.4980457491504227,evaluated,,19323,
coarse_grid,1.4,0.17218807724934312,15362.771056843643,-1.056050887928719,evaluated,,18358,
coarse_grid,1.4,0.1972440201633579,12851.832397652526,-0.6520032871900396,evaluated,,15234,
coarse_grid,1.4,0.22594597786155107,9622.083197899285,-0.299709441586148,evaluated,,9103,
coarse_grid,1.4,0.2588245000762584,4855.574848205543,0.36866107266394216,evaluated,,3924,
coarse_grid,1.4,0.29648733946825756,4666.263407410605,0.39775154915135813,evaluated,,1753,
coarse_grid,1.4,0.3396306858085926,4280.194706844707,0.45668201985609086,evaluated,,357,
coarse_grid,1.4,0.3890520349020314,4288.534645135965,0.4560781872584337,evaluated,,287,
coarse_grid,1.4,0.445664930131534,4281.07227421096,0.4574565409204096,evaluated,,43,
coarse_grid,1.4,0.5105158491181254,4279.438629371457,0.4575784790602129,positive_alpha_scaling_without_clipping,1.0,0,
coarse_grid,1.4,0.5848035476425733,4278.614458749001,0.45771912991003455,positive_alpha_scaling_without_clipping,1.0,0,
coarse_grid,1.4,0.6,4280.6876714181635,0.4574210518618693,positive_alpha_scaling_without_clipping,1.0,0,
coarse_grid,1.4,0.669901218397251,4278.114987430203,0.4576790657188677,positive_alpha_scaling_without_clipping,1.0,0,
coarse_grid,1.4,0.7673818741681168,4274.039632426997,0.4583077336015872,positive_alpha_scaling_without_clipping,1.0,0,
coarse_grid,1.4,0.8790474246496578,4278.470008427269,0.45766198602696734,positive_alpha_scaling_without_clipping,1.0,0,
coarse_grid,1.4,1.0069619843716933,4279.343827759747,0.45758672258104877,positive_alpha_scaling_without_clipping,1.0,0,
coarse_grid,1.4,1.1,4281.769233137323,0.45738680485040906,positive_alpha_scaling_without_clipping,1.0,0,
coarse_grid,1.4,1.1534900274281497,4280.278437431225,0.4575231869054819,positive_alpha_scaling_without_clipping,1.0,0,
coarse_grid,1.4,1.3213400942900544,4277.259383178932,0.4577587657758186,positive_alpha_scaling_without_clipping,1.0,0,
coarse_grid,1.4,1.5136148586141145,4278.2883054206995,0.45799192431290353,positive_alpha_scaling_without_clipping,1.0,0,
coarse_grid,1.4,1.6,4277.7869946797655,0.45800049047649116,positive_alpha_scaling_without_clipping,1.0,0,
coarse_grid,1.4,1.733868479521449,4279.278766050797,0.45761824543575896,positive_alpha_scaling_without_clipping,1.0,0,
coarse_grid,1.4,1.9861722994914508,4279.590928470586,0.4575647535876281,positive_alpha_scaling_without_clipping,1.0,0,
coarse_grid,1.4,2.1,4279.938052705108,0.4575300761672274,positive_alpha_scaling_without_clipping,1.0,0,
coarse_grid,1.4,2.2751901022827012,4280.457723374861,0.45744965636322155,positive_alpha_scaling_without_clipping,1.0,0,
coarse_grid,1.4,2.6,4285.525906623555,0.4569176736104317,positive_alpha_scaling_without_clipping,1.0,0,
coarse_grid,1.4,2.6062643220080064,4278.958226631222,0.4576144794442664,positive_alpha_scaling_without_clipping,1.0,0,
coarse_grid,1.4,2.9855147969204046,4274.944389372485,0.458440442279749,positive_alpha_scaling_without_clipping,1.0,0,
coarse_grid,1.4,3.1,4278.774535507005,0.4579109253182358,positive_alpha_scaling_without_clipping,1.0,0,
coarse_grid,1.4,3.419951893353395,4282.758692683114,0.4572317625167204,positive_alpha_scaling_without_clipping,1.0,0,
coarse_grid,1.4,3.6,4277.474402823668,0.4577682016502607,positive_alpha_scaling_without_clipping,1.0,0,
coarse_grid,1.4,3.9176060908879475,4282.161417961543,0.4573231622657426,positive_alpha_scaling_without_clipping,1.0,0,
coarse_grid,1.4,4.1,4282.185771454333,0.4573167973607768,positive_alpha_scaling_without_clipping,1.0,0,
coarse_grid,1.4,4.487676424101213,4277.435490727287,0.4580878705239906,positive_alpha_scaling_without_clipping,1.0,0,
coarse_grid,1.4,4.6,4287.843653680927,0.456509171060621,positive_alpha_scaling_without_clipping,1.0,0,
coarse_grid,1.4,5.1,4297.745335920392,0.45449276672944605,positive_alpha_scaling_without_clipping,1.0,0,
coarse_grid,1.4,5.140700524811874,4287.39414264901,0.45620015218349846,positive_alpha_scaling_without_clipping,1.0,0,
coarse_grid,1.4,5.6,4288.724991363954,0.45597261686711876,positive_alpha_scaling_without_clipping,1.0,0,
coarse_grid,1.4,5.8887494080177145,4299.123853922742,0.4544513776523879,positive_alpha_scaling_without_clipping,1.0,0,
coarse_grid,1.4,6.1,4287.537600018765,0.4560465524026898,positive_alpha_scaling_without_clipping,1.0,0,
coarse_grid,1.4,6.6,4287.916938348158,0.45601677181947764,positive_alpha_scaling_without_clipping,1.0,0,
coarse_grid,1.4,6.745650602103109,4302.426509561897,0.4539520665435803,positive_alpha_scaling_without_clipping,1.0,0,
coarse_grid,1.4,7.1,4300.950714892008,0.4539189606883424,positive_alpha_scaling_without_clipping,1.0,0,
coarse_grid,1.4,7.6,4286.25857189354,0.45621491942158166,positive_alpha_scaling_without_clipping,1.0,0,
coarse_grid,1.4,7.727243747831959,4299.787285983605,0.4541504000343166,positive_alpha_scaling_without_clipping,1.0,0,
coarse_grid,1.4,8.1,4299.801074892428,0.45414769016419326,positive_alpha_scaling_without_clipping,1.0,0,
coarse_grid,1.4,8.6,4299.259766672279,0.45431657143170545,positive_alpha_scaling_without_clipping,1.0,0,
coarse_grid,1.4,8.851673390820459,4293.532102097522,0.45511149831132247,positive_alpha_scaling_without_clipping,1.0,0,
coarse_grid,1.4,9.1,4293.572040128031,0.4551080092290583,positive_alpha_scaling_without_clipping,1.0,0,
coarse_grid,1.4,9.6,4304.861052847962,0.4532916744321182,positive_alpha_scaling_without_clipping,1.0,0,
coarse_grid,1.4,10.1,4294.232119762975,0.45503041161004765,positive_alpha_scaling_without_clipping,1.0,0,
coarse_grid,1.4,10.13972437969778,4289.262024783105,0.4557959394835797,positive_alpha_scaling_without_clipping,1.0,0,
coarse_grid,1.4,10.6,4284.634654507313,0.4567439948988479,positive_alpha_scaling_without_clipping,1.0,0,
coarse_grid,1.4,11.1,4281.792907236628,0.45694020350159553,positive_alpha_scaling_without_clipping,1.0,0,
coarse_grid,1.4,11.6,4294.640515537248,0.4548578054074393,positive_alpha_scaling_without_clipping,1.0,0,
coarse_grid,1.4,11.615206069720077,4287.795748131754,0.45605211438309,positive_alpha_scaling_without_clipping,1.0,0,
coarse_grid,1.4,12.1,4293.236289560314,0.4550865517560321,positive_alpha_scaling_without_clipping,1.0,0,
coarse_grid,1.4,12.6,4277.343404050463,0.45737438750020293,positive_alpha_scaling_without_clipping,1.0,0,
coarse_grid,1.4,13.1,4294.712920047509,0.454712485092793,positive_alpha_scaling_without_clipping,1.0,0,
coarse_grid,1.4,13.305392433761932,4306.374727002012,0.4529449661196576,positive_alpha_scaling_without_clipping,1.0,0,
coarse_grid,1.4,13.6,4276.813916992732,0.4577043868814634,positive_alpha_scaling_without_clipping,1.0,0,
coarse_grid,1.4,14.1,4286.740516092647,0.45577441062624685,positive_alpha_scaling_without_clipping,1.0,0,
coarse_grid,1.4,14.6,4293.0745184611,0.45506022763195936,positive_alpha_scaling_without_clipping,1.0,0,
coarse_grid,1.4,15.1,4286.810987112211,0.45598275157187124,positive_alpha_scaling_without_clipping,1.0,0,
coarse_grid,1.4,15.241526216045477,4287.352449058663,0.45590787294234153,positive_alpha_scaling_without_clipping,1.0,0,
coarse_grid,1.4,15.6,4285.72180441715,0.456253935079778,positive_alpha_scaling_without_clipping,1.0,0,
coarse_grid,1.4,16.1,4286.411207160803,0.45605402032526926,positive_alpha_scaling_without_clipping,1.0,0,
coarse_grid,1.4,16.6,4284.710096390411,0.4561524587592249,positive_alpha_scaling_without_clipping,1.0,0,
coarse_grid,1.4,17.1,4283.567383467185,0.4561079046675835,positive_alpha_scaling_without_clipping,1.0,0,
coarse_grid,1.4,17.459396447784496,4290.960681925108,0.45511177853902024,positive_alpha_scaling_without_clipping,1.0,0,
coarse_grid,1.4,17.6,4286.302469235924,0.45605932396170196,positive_alpha_scaling_without_clipping,1.0,0,
coarse_grid,1.4,18.1,4282.428361431885,0.45651696318734075,positive_alpha_scaling_without_clipping,1.0,0,
coarse_grid,1.4,18.6,4282.42194654715,0.45627347538190205,positive_alpha_scaling_without_clipping,1.0,0,
coarse_grid,1.4,19.1,4288.953527673401,0.45540846182374023,positive_alpha_scaling_without_clipping,1.0,0,
coarse_grid,1.4,19.6,4284.5978181229975,0.456083438718714,positive_alpha_scaling_without_clipping,1.0,0,
coarse_grid,1.4,20.000000000000004,4282.938293371158,0.4562273829273476,positive_alpha_scaling_without_clipping,1.0,0,
coarse_grid,1.5999999999999999,0.1,18355.965519389625,-1.8144571143268624,evaluated,,20363,
coarse_grid,1.5999999999999999,0.11455149701087121,18353.831530493993,-1.8140468523682909,evaluated,,20361,
coarse_grid,1.5999999999999999,0.13122045467431637,18234.58890910586,-1.8028796872381667,evaluated,,20338,
coarse_grid,1.5999999999999999,0.1503149952139011,17854.148779338047,-1.7531505876808264,evaluated,,20180,
coarse_grid,1.5999999999999999,0.17218807724934312,17354.617375881633,-1.487805385833271,evaluated,,19323,
coarse_grid,1.5999999999999999,0.1972440201633579,15239.71624763772,-1.038133714933454,evaluated,,18236,
coarse_grid,1.5999999999999999,0.22594597786155107,12851.03786477701,-0.6520096442252332,evaluated,,15234,
coarse_grid,1.5999999999999999,0.2588245000762584,9616.69812117591,-0.2991480954879657,evaluated,,9103,
coarse_grid,1.5999999999999999,0.29648733946825756,4856.9955045897705,0.36850451111467414,evaluated,,3924,
coarse_grid,1.5999999999999999,0.3396306858085926,4638.71519898836,0.40058685651321263,evaluated,,1663,
coarse_grid,1.5999999999999999,0.3890520349020314,4285.419095967685,0.4563093083186787,evaluated,,357,
coarse_grid,1.5999999999999999,0.445664930131534,4277.7293206317545,0.45761563624230367,evaluated,,281,
coarse_grid,1.5999999999999999,0.5105158491181254,4277.965272368384,0.457856222045935,evaluated,,43,
coarse_grid,1.5999999999999999,0.5848035476425733,4278.614458749001,0.45771912991003455,positive_alpha_scaling_without_clipping,1.0,0,
coarse_grid,1.5999999999999999,0.6,4280.6876714181635,0.4574210518618693,positive_alpha_scaling_without_clipping,1.0,0,
coarse_grid,1.5999999999999999,0.669901218397251,4278.114987430203,0.4576790657188677,positive_alpha_scaling_without_clipping,1.0,0,
coarse_grid,1.5999999999999999,0.7673818741681168,4274.039632426997,0.4583077336015872,positive_alpha_scaling_without_clipping,1.0,0,
coarse_grid,1.5999999999999999,0.8790474246496578,4278.470008427269,0.45766198602696734,positive_alpha_scaling_without_clipping,1.0,0,
coarse_grid,1.5999999999999999,1.0069619843716933,4279.343827759747,0.45758672258104877,positive_alpha_scaling_without_clipping,1.0,0,
coarse_grid,1.5999999999999999,1.1,4281.769233137323,0.45738680485040906,positive_alpha_scaling_without_clipping,1.0,0,
coarse_grid,1.5999999999999999,1.1534900274281497,4280.278437431225,0.4575231869054819,positive_alpha_scaling_without_clipping,1.0,0,
coarse_grid,1.5999999999999999,1.3213400942900544,4277.259383178932,0.4577587657758186,positive_alpha_scaling_without_clipping,1.0,0,
coarse_grid,1.5999999999999999,1.5136148586141145,4278.2883054206995,0.45799192431290353,positive_alpha_scaling_without_clipping,1.0,0,
coarse_grid,1.5999999999999999,1.6,4277.7869946797655,0.45800049047649116,positive_alpha_scaling_without_clipping,1.0,0,
coarse_grid,1.5999999999999999,1.733868479521449,4279.278766050797,0.45761824543575896,positive_alpha_scaling_without_clipping,1.0,0,
coarse_grid,1.5999999999999999,1.9861722994914508,4279.590928470586,0.4575647535876281,positive_alpha_scaling_without_clipping,1.0,0,
coarse_grid,1.5999999999999999,2.1,4279.938052705108,0.4575300761672274,positive_alpha_scaling_without_clipping,1.0,0,
coarse_grid,1.5999999999999999,2.2751901022827012,4280.457723374861,0.45744965636322155,positive_alpha_scaling_without_clipping,1.0,0,
coarse_grid,1.5999999999999999,2.6,4285.525906623555,0.4569176736104317,positive_alpha_scaling_without_clipping,1.0,0,
coarse_grid,1.5999999999999999,2.6062643220080064,4278.958226631222,0.4576144794442664,positive_alpha_scaling_without_clipping,1.0,0,
coarse_grid,1.5999999999999999,2.9855147969204046,4274.944389372485,0.458440442279749,positive_alpha_scaling_without_clipping,1.0,0,
coarse_grid,1.5999999999999999,3.1,4278.774535507005,0.4579109253182358,positive_alpha_scaling_without_clipping,1.0,0,
coarse_grid,1.5999999999999999,3.419951893353395,4282.758692683114,0.4572317625167204,positive_alpha_scaling_without_clipping,1.0,0,
coarse_grid,1.5999999999999999,3.6,4277.474402823668,0.4577682016502607,positive_alpha_scaling_without_clipping,1.0,0,
coarse_grid,1.5999999999999999,3.9176060908879475,4282.161417961543,0.4573231622657426,positive_alpha_scaling_without_clipping,1.0,0,
coarse_grid,1.5999999999999999,4.1,4282.185771454333,0.4573167973607768,positive_alpha_scaling_without_clipping,1.0,0,
coarse_grid,1.5999999999999999,4.487676424101213,4277.435490727287,0.4580878705239906,positive_alpha_scaling_without_clipping,1.0,0,
coarse_grid,1.5999999999999999,4.6,4287.843653680927,0.456509171060621,positive_alpha_scaling_without_clipping,1.0,0,
coarse_grid,1.5999999999999999,5.1,4297.745335920392,0.45449276672944605,positive_alpha_scaling_without_clipping,1.0,0,
coarse_grid,1.5999999999999999,5.140700524811874,4287.39414264901,0.45620015218349846,positive_alpha_scaling_without_clipping,1.0,0,
coarse_grid,1.5999999999999999,5.6,4288.724991363954,0.45597261686711876,positive_alpha_scaling_without_clipping,1.0,0,
coarse_grid,1.5999999999999999,5.8887494080177145,4299.123853922742,0.4544513776523879,positive_alpha_scaling_without_clipping,1.0,0,
coarse_grid,1.5999999999999999,6.1,4287.537600018765,0.4560465524026898,positive_alpha_scaling_without_clipping,1.0,0,
coarse_grid,1.5999999999999999,6.6,4287.916938348158,0.45601677181947764,positive_alpha_scaling_without_clipping,1.0,0,
coarse_grid,1.5999999999999999,6.745650602103109,4302.426509561897,0.4539520665435803,positive_alpha_scaling_without_clipping,1.0,0,
coarse_grid,1.5999999999999999,7.1,4300.950714892008,0.4539189606883424,positive_alpha_scaling_without_clipping,1.0,0,
coarse_grid,1.5999999999999999,7.6,4286.25857189354,0.45621491942158166,positive_alpha_scaling_without_clipping,1.0,0,
coarse_grid,1.5999999999999999,7.727243747831959,4299.787285983605,0.4541504000343166,positive_alpha_scaling_without_clipping,1.0,0,
coarse_grid,1.5999999999999999,8.1,4299.801074892428,0.45414769016419326,positive_alpha_scaling_without_clipping,1.0,0,
coarse_grid,1.5999999999999999,8.6,4299.259766672279,0.45431657143170545,positive_alpha_scaling_without_clipping,1.0,0,
coarse_grid,1.5999999999999999,8.851673390820459,4293.532102097522,0.45511149831132247,positive_alpha_scaling_without_clipping,1.0,0,
coarse_grid,1.5999999999999999,9.1,4293.572040128031,0.4551080092290583,positive_alpha_scaling_without_clipping,1.0,0,
coarse_grid,1.5999999999999999,9.6,4304.861052847962,0.4532916744321182,positive_alpha_scaling_without_clipping,1.0,0,
coarse_grid,1.5999999999999999,10.1,4294.232119762975,0.45503041161004765,positive_alpha_scaling_without_clipping,1.0,0,
coarse_grid,1.5999999999999999,10.13972437969778,4289.262024783105,0.4557959394835797,positive_alpha_scaling_without_clipping,1.0,0,
coarse_grid,1.5999999999999999,10.6,4284.634654507313,0.4567439948988479,positive_alpha_scaling_without_clipping,1.0,0,
coarse_grid,1.5999999999999999,11.1,4281.792907236628,0.45694020350159553,positive_alpha_scaling_without_clipping,1.0,0,
coarse_grid,1.5999999999999999,11.6,4294.640515537248,0.4548578054074393,positive_alpha_scaling_without_clipping,1.0,0,
coarse_grid,1.5999999999999999,11.615206069720077,4287.795748131754,0.45605211438309,positive_alpha_scaling_without_clipping,1.0,0,
coarse_grid,1.5999999999999999,12.1,4293.236289560314,0.4550865517560321,positive_alpha_scaling_without_clipping,1.0,0,
coarse_grid,1.5999999999999999,12.6,4277.343404050463,0.45737438750020293,positive_alpha_scaling_without_clipping,1.0,0,
coarse_grid,1.5999999999999999,13.1,4294.712920047509,0.454712485092793,positive_alpha_scaling_without_clipping,1.0,0,
coarse_grid,1.5999999999999999,13.305392433761932,4306.374727002012,0.4529449661196576,positive_alpha_scaling_without_clipping,1.0,0,
coarse_grid,1.5999999999999999,13.6,4276.813916992732,0.4577043868814634,positive_alpha_scaling_without_clipping,1.0,0,
coarse_grid,1.5999999999999999,14.1,4286.740516092647,0.45577441062624685,positive_alpha_scaling_without_clipping,1.0,0,
coarse_grid,1.5999999999999999,14.6,4293.0745184611,0.45506022763195936,positive_alpha_scaling_without_clipping,1.0,0,
coarse_grid,1.5999999999999999,15.1,4286.810987112211,0.45598275157187124,positive_alpha_scaling_without_clipping,1.0,0,
coarse_grid,1.5999999999999999,15.241526216045477,4287.352449058663,0.45590787294234153,positive_alpha_scaling_without_clipping,1.0,0,
coarse_grid,1.5999999999999999,15.6,4285.72180441715,0.456253935079778,positive_alpha_scaling_without_clipping,1.0,0,
coarse_grid,1.5999999999999999,16.1,4286.411207160803,0.45605402032526926,positive_alpha_scaling_without_clipping,1.0,0,
coarse_grid,1.5999999999999999,16.6,4284.710096390411,0.4561524587592249,positive_alpha_scaling_without_clipping,1.0,0,
coarse_grid,1.5999999999999999,17.1,4283.567383467185,0.4561079046675835,positive_alpha_scaling_without_clipping,1.0,0,
coarse_grid,1.5999999999999999,17.459396447784496,4290.960681925108,0.45511177853902024,positive_alpha_scaling_without_clipping,1.0,0,
coarse_grid,1.5999999999999999,17.6,4286.302469235924,0.45605932396170196,positive_alpha_scaling_without_clipping,1.0,0,
coarse_grid,1.5999999999999999,18.1,4282.428361431885,0.45651696318734075,positive_alpha_scaling_without_clipping,1.0,0,
coarse_grid,1.5999999999999999,18.6,4282.42194654715,0.45627347538190205,positive_alpha_scaling_without_clipping,1.0,0,
coarse_grid,1.5999999999999999,19.1,4288.953527673401,0.45540846182374023,positive_alpha_scaling_without_clipping,1.0,0,
coarse_grid,1.5999999999999999,19.6,4284.5978181229975,0.456083438718714,positive_alpha_scaling_without_clipping,1.0,0,
coarse_grid,1.5999999999999999,20.000000000000004,4282.938293371158,0.4562273829273476,positive_alpha_scaling_without_clipping,1.0,0,
coarse_grid,1.7999999999999998,0.1,18355.333089367068,-1.8143316170285513,evaluated,,20365,
coarse_grid,1.7999999999999998,0.11455149701087121,18355.96457115778,-1.8144570330184921,evaluated,,20363,
coarse_grid,1.7999999999999998,0.13122045467431637,18352.376757783823,-1.8138500227295609,evaluated,,20360,
coarse_grid,1.7999999999999998,0.1503149952139011,18211.278722764946,-1.7990830298447424,evaluated,,20332,
coarse_grid,1.7999999999999998,0.17218807724934312,17744.944596228965,-1.7335336243162,evaluated,,20087,
coarse_grid,1.7999999999999998,0.1972440201633579,16983.72102903438,-1.4011663596943145,evaluated,,19211,
coarse_grid,1.7999999999999998,0.22594597786155107,15011.276237689344,-0.9976029394542673,evaluated,,18027,
coarse_grid,1.7999999999999998,0.2588245000762584,12523.511015632737,-0.6136844180666126,evaluated,,14464,
coarse_grid,1.7999999999999998,0.29648733946825756,8079.9344165955235,-0.09189486123038315,evaluated,,7338,
coarse_grid,1.7999999999999998,0.3396306858085926,4825.7431897922825,0.3739830013148519,evaluated,,3723,
coarse_grid,1.7999999999999998,0.3890520349020314,4625.558324660099,0.4008130869057604,evaluated,,1455,
coarse_grid,1.7999999999999998,0.445664930131534,4275.299290501761,0.4580464645312341,evaluated,,314,
coarse_grid,1.7999999999999998,0.5105158491181254,4277.71620698188,0.4577050322358302,evaluated,,258,
coarse_grid,1.7999999999999998,0.5848035476425733,4277.651030377973,0.4579045208508827,evaluated,,2,
coarse_grid,1.7999999999999998,0.6,4280.6876714181635,0.4574210518618693,positive_alpha_scaling_without_clipping,1.0,0,
coarse_grid,1.7999999999999998,0.669901218397251,4278.114987430203,0.4576790657188677,positive_alpha_scaling_without_clipping,1.0,0,
coarse_grid,1.7999999999999998,0.7673818741681168,4274.039632426997,0.4583077336015872,positive_alpha_scaling_without_clipping,1.0,0,
coarse_grid,1.7999999999999998,0.8790474246496578,4278.470008427269,0.45766198602696734,positive_alpha_scaling_without_clipping,1.0,0,
coarse_grid,1.7999999999999998,1.0069619843716933,4279.343827759747,0.45758672258104877,positive_alpha_scaling_without_clipping,1.0,0,
coarse_grid,1.7999999999999998,1.1,4281.769233137323,0.45738680485040906,positive_alpha_scaling_without_clipping,1.0,0,
coarse_grid,1.7999999999999998,1.1534900274281497,4280.278437431225,0.4575231869054819,positive_alpha_scaling_without_clipping,1.0,0,
coarse_grid,1.7999999999999998,1.3213400942900544,4277.259383178932,0.4577587657758186,positive_alpha_scaling_without_clipping,1.0,0,
coarse_grid,1.7999999999999998,1.5136148586141145,4278.2883054206995,0.45799192431290353,positive_alpha_scaling_without_clipping,1.0,0,
coarse_grid,1.7999999999999998,1.6,4277.7869946797655,0.45800049047649116,positive_alpha_scaling_without_clipping,1.0,0,
coarse_grid,1.7999999999999998,1.733868479521449,4279.278766050797,0.45761824543575896,positive_alpha_scaling_without_clipping,1.0,0,
coarse_grid,1.7999999999999998,1.9861722994914508,4279.590928470586,0.4575647535876281,positive_alpha_scaling_without_clipping,1.0,0,
coarse_grid,1.7999999999999998,2.1,4279.938052705108,0.4575300761672274,positive_alpha_scaling_without_clipping,1.0,0,
coarse_grid,1.7999999999999998,2.2751901022827012,4280.457723374861,0.45744965636322155,positive_alpha_scaling_without_clipping,1.0,0,
coarse_grid,1.7999999999999998,2.6,4285.525906623555,0.4569176736104317,positive_alpha_scaling_without_clipping,1.0,0,
coarse_grid,1.7999999999999998,2.6062643220080064,4278.958226631222,0.4576144794442664,positive_alpha_scaling_without_clipping,1.0,0,
coarse_grid,1.7999999999999998,2.9855147969204046,4274.944389372485,0.458440442279749,positive_alpha_scaling_without_clipping,1.0,0,
coarse_grid,1.7999999999999998,3.1,4278.774535507005,0.4579109253182358,positive_alpha_scaling_without_clipping,1.0,0,
coarse_grid,1.7999999999999998,3.419951893353395,4282.758692683114,0.4572317625167204,positive_alpha_scaling_without_clipping,1.0,0,
coarse_grid,1.7999999999999998,3.6,4277.474402823668,0.4577682016502607,positive_alpha_scaling_without_clipping,1.0,0,
coarse_grid,1.7999999999999998,3.9176060908879475,4282.161417961543,0.4573231622657426,positive_alpha_scaling_without_clipping,1.0,0,
coarse_grid,1.7999999999999998,4.1,4282.185771454333,0.4573167973607768,positive_alpha_scaling_without_clipping,1.0,0,
coarse_grid,1.7999999999999998,4.487676424101213,4277.435490727287,0.4580878705239906,positive_alpha_scaling_without_clipping,1.0,0,
coarse_grid,1.7999999999999998,4.6,4287.843653680927,0.456509171060621,positive_alpha_scaling_without_clipping,1.0,0,
coarse_grid,1.7999999999999998,5.1,4297.745335920392,0.45449276672944605,positive_alpha_scaling_without_clipping,1.0,0,
coarse_grid,1.7999999999999998,5.140700524811874,4287.39414264901,0.45620015218349846,positive_alpha_scaling_without_clipping,1.0,0,
coarse_grid,1.7999999999999998,5.6,4288.724991363954,0.45597261686711876,positive_alpha_scaling_without_clipping,1.0,0,
coarse_grid,1.7999999999999998,5.8887494080177145,4299.123853922742,0.4544513776523879,positive_alpha_scaling_without_clipping,1.0,0,
coarse_grid,1.7999999999999998,6.1,4287.537600018765,0.4560465524026898,positive_alpha_scaling_without_clipping,1.0,0,
coarse_grid,1.7999999999999998,6.6,4287.916938348158,0.45601677181947764,positive_alpha_scaling_without_clipping,1.0,0,
coarse_grid,1.7999999999999998,6.745650602103109,4302.426509561897,0.4539520665435803,positive_alpha_scaling_without_clipping,1.0,0,
coarse_grid,1.7999999999999998,7.1,4300.950714892008,0.4539189606883424,positive_alpha_scaling_without_clipping,1.0,0,
coarse_grid,1.7999999999999998,7.6,4286.25857189354,0.45621491942158166,positive_alpha_scaling_without_clipping,1.0,0,
coarse_grid,1.7999999999999998,7.727243747831959,4299.787285983605,0.4541504000343166,positive_alpha_scaling_without_clipping,1.0,0,
coarse_grid,1.7999999999999998,8.1,4299.801074892428,0.45414769016419326,positive_alpha_scaling_without_clipping,1.0,0,
coarse_grid,1.7999999999999998,8.6,4299.259766672279,0.45431657143170545,positive_alpha_scaling_without_clipping,1.0,0,
coarse_grid,1.7999999999999998,8.851673390820459,4293.532102097522,0.45511149831132247,positive_alpha_scaling_without_clipping,1.0,0,
coarse_grid,1.7999999999999998,9.1,4293.572040128031,0.4551080092290583,positive_alpha_scaling_without_clipping,1.0,0,
coarse_grid,1.7999999999999998,9.6,4304.861052847962,0.4532916744321182,positive_alpha_scaling_without_clipping,1.0,0,
coarse_grid,1.7999999999999998,10.1,4294.232119762975,0.45503041161004765,positive_alpha_scaling_without_clipping,1.0,0,
coarse_grid,1.7999999999999998,10.13972437969778,4289.262024783105,0.4557959394835797,positive_alpha_scaling_without_clipping,1.0,0,
coarse_grid,1.7999999999999998,10.6,4284.634654507313,0.4567439948988479,positive_alpha_scaling_without_clipping,1.0,0,
coarse_grid,1.7999999999999998,11.1,4281.792907236628,0.45694020350159553,positive_alpha_scaling_without_clipping,1.0,0,
coarse_grid,1.7999999999999998,11.6,4294.640515537248,0.4548578054074393,positive_alpha_scaling_without_clipping,1.0,0,
coarse_grid,1.7999999999999998,11.615206069720077,4287.795748131754,0.45605211438309,positive_alpha_scaling_without_clipping,1.0,0,
coarse_grid,1.7999999999999998,12.1,4293.236289560314,0.4550865517560321,positive_alpha_scaling_without_clipping,1.0,0,
coarse_grid,1.7999999999999998,12.6,4277.343404050463,0.45737438750020293,positive_alpha_scaling_without_clipping,1.0,0,
coarse_grid,1.7999999999999998,13.1,4294.712920047509,0.454712485092793,positive_alpha_scaling_without_clipping,1.0,0,
coarse_grid,1.7999999999999998,13.305392433761932,4306.374727002012,0.4529449661196576,positive_alpha_scaling_without_clipping,1.0,0,
coarse_grid,1.7999999999999998,13.6,4276.813916992732,0.4577043868814634,positive_alpha_scaling_without_clipping,1.0,0,
coarse_grid,1.7999999999999998,14.1,4286.740516092647,0.45577441062624685,positive_alpha_scaling_without_clipping,1.0,0,
coarse_grid,1.7999999999999998,14.6,4293.0745184611,0.45506022763195936,positive_alpha_scaling_without_clipping,1.0,0,
coarse_grid,1.7999999999999998,15.1,4286.810987112211,0.45598275157187124,positive_alpha_scaling_without_clipping,1.0,0,
coarse_grid,1.7999999999999998,15.241526216045477,4287.352449058663,0.45590787294234153,positive_alpha_scaling_without_clipping,1.0,0,
coarse_grid,1.7999999999999998,15.6,4285.72180441715,0.456253935079778,positive_alpha_scaling_without_clipping,1.0,0,
coarse_grid,1.7999999999999998,16.1,4286.411207160803,0.45605402032526926,positive_alpha_scaling_without_clipping,1.0,0,
coarse_grid,1.7999999999999998,16.6,4284.710096390411,0.4561524587592249,positive_alpha_scaling_without_clipping,1.0,0,
coarse_grid,1.7999999999999998,17.1,4283.567383467185,0.4561079046675835,positive_alpha_scaling_without_clipping,1.0,0,
coarse_grid,1.7999999999999998,17.459396447784496,4290.960681925108,0.45511177853902024,positive_alpha_scaling_without_clipping,1.0,0,
coarse_grid,1.7999999999999998,17.6,4286.302469235924,0.45605932396170196,positive_alpha_scaling_without_clipping,1.0,0,
coarse_grid,1.7999999999999998,18.1,4282.428361431885,0.45651696318734075,positive_alpha_scaling_without_clipping,1.0,0,
coarse_grid,1.7999999999999998,18.6,4282.42194654715,0.45627347538190205,positive_alpha_scaling_without_clipping,1.0,0,
coarse_grid,1.7999999999999998,19.1,4288.953527673401,0.45540846182374023,positive_alpha_scaling_without_clipping,1.0,0,
coarse_grid,1.7999999999999998,19.6,4284.5978181229975,0.456083438718714,positive_alpha_scaling_without_clipping,1.0,0,
coarse_grid,1.7999999999999998,20.000000000000004,4282.938293371158,0.4562273829273476,positive_alpha_scaling_without_clipping,1.0,0,
coarse_grid,1.9999999999999998,0.1,18355.45201168247,-1.8143549882781311,evaluated,,20365,
coarse_grid,1.9999999999999998,0.11455149701087121,18355.313502980833,-1.814327767807154,evaluated,,20365,
coarse_grid,1.9999999999999998,0.13122045467431637,18355.963943057766,-1.8144569791605794,evaluated,,20363,
coarse_grid,1.9999999999999998,0.1503149952139011,18352.37298140694,-1.8138051921129155,evaluated,,20357,
coarse_grid,1.9999999999999998,0.17218807724934312,18067.162856721112,-1.7847819013926849,evaluated,,20275,
coarse_grid,1.9999999999999998,0.1972440201633579,17914.32965434368,-1.687133737459553,evaluated,,19827,
coarse_grid,1.9999999999999998,0.22594597786155107,16880.221447408247,-1.382026273478686,evaluated,,19198,
coarse_grid,1.9999999999999998,0.2588245000762584,14305.680475348303,-0.8540445120552209,evaluated,,17462,
coarse_grid,1.9999999999999998,0.29648733946825756,11632.590963660428,-0.49497474029881844,evaluated,,12956,
coarse_grid,1.9999999999999998,0.3396306858085926,6949.862339193437,0.06077401229745379,evaluated,,6275,
coarse_grid,1.9999999999999998,0.3890520349020314,4755.264652688716,0.3920317805995109,evaluated,,3060,
coarse_grid,1.9999999999999998,0.445664930131534,4480.096613245332,0.421931714009866,evaluated,,1019,
coarse_grid,1.9999999999999998,0.5105158491181254,4276.058764313235,0.4578682935389531,evaluated,,301,
coarse_grid,1.9999999999999998,0.5848035476425733,4278.589291558897,0.4577212879299424,evaluated,,193,
coarse_grid,1.9999999999999998,0.6,4280.669068518379,0.4574226470112647,evaluated,,136,
coarse_grid,1.9999999999999998,0.669901218397251,4278.114987430203,0.4576790657188677,positive_alpha_scaling_without_clipping,1.0,0,
coarse_grid,1.9999999999999998,0.7673818741681168,4274.039632426997,0.4583077336015872,positive_alpha_scaling_without_clipping,1.0,0,
coarse_grid,1.9999999999999998,0.8790474246496578,4278.470008427269,0.45766198602696734,positive_alpha_scaling_without_clipping,1.0,0,
coarse_grid,1.9999999999999998,1.0069619843716933,4279.343827759747,0.45758672258104877,positive_alpha_scaling_without_clipping,1.0,0,
coarse_grid,1.9999999999999998,1.1,4281.769233137323,0.45738680485040906,positive_alpha_scaling_without_clipping,1.0,0,
coarse_grid,1.9999999999999998,1.1534900274281497,4280.278437431225,0.4575231869054819,positive_alpha_scaling_without_clipping,1.0,0,
coarse_grid,1.9999999999999998,1.3213400942900544,4277.259383178932,0.4577587657758186,positive_alpha_scaling_without_clipping,1.0,0,
coarse_grid,1.9999999999999998,1.5136148586141145,4278.2883054206995,0.45799192431290353,positive_alpha_scaling_without_clipping,1.0,0,
coarse_grid,1.9999999999999998,1.6,4277.7869946797655,0.45800049047649116,positive_alpha_scaling_without_clipping,1.0,0,
coarse_grid,1.9999999999999998,1.733868479521449,4279.278766050797,0.45761824543575896,positive_alpha_scaling_without_clipping,1.0,0,
coarse_grid,1.9999999999999998,1.9861722994914508,4279.590928470586,0.4575647535876281,positive_alpha_scaling_without_clipping,1.0,0,
coarse_grid,1.9999999999999998,2.1,4279.938052705108,0.4575300761672274,positive_alpha_scaling_without_clipping,1.0,0,
coarse_grid,1.9999999999999998,2.2751901022827012,4280.457723374861,0.45744965636322155,positive_alpha_scaling_without_clipping,1.0,0,
coarse_grid,1.9999999999999998,2.6,4285.525906623555,0.4569176736104317,positive_alpha_scaling_without_clipping,1.0,0,
coarse_grid,1.9999999999999998,2.6062643220080064,4278.958226631222,0.4576144794442664,positive_alpha_scaling_without_clipping,1.0,0,
coarse_grid,1.9999999999999998,2.9855147969204046,4274.944389372485,0.458440442279749,positive_alpha_scaling_without_clipping,1.0,0,
coarse_grid,1.9999999999999998,3.1,4278.774535507005,0.4579109253182358,positive_alpha_scaling_without_clipping,1.0,0,
coarse_grid,1.9999999999999998,3.419951893353395,4282.758692683114,0.4572317625167204,positive_alpha_scaling_without_clipping,1.0,0,
coarse_grid,1.9999999999999998,3.6,4277.474402823668,0.4577682016502607,positive_alpha_scaling_without_clipping,1.0,0,
coarse_grid,1.9999999999999998,3.9176060908879475,4282.161417961543,0.4573231622657426,positive_alpha_scaling_without_clipping,1.0,0,
coarse_grid,1.9999999999999998,4.1,4282.185771454333,0.4573167973607768,positive_alpha_scaling_without_clipping,1.0,0,
coarse_grid,1.9999999999999998,4.487676424101213,4277.435490727287,0.4580878705239906,positive_alpha_scaling_without_clipping,1.0,0,
coarse_grid,1.9999999999999998,4.6,4287.843653680927,0.456509171060621,positive_alpha_scaling_without_clipping,1.0,0,
coarse_grid,1.9999999999999998,5.1,4297.745335920392,0.45449276672944605,positive_alpha_scaling_without_clipping,1.0,0,
coarse_grid,1.9999999999999998,5.140700524811874,4287.39414264901,0.45620015218349846,positive_alpha_scaling_without_clipping,1.0,0,
coarse_grid,1.9999999999999998,5.6,4288.724991363954,0.45597261686711876,positive_alpha_scaling_without_clipping,1.0,0,
coarse_grid,1.9999999999999998,5.8887494080177145,4299.123853922742,0.4544513776523879,positive_alpha_scaling_without_clipping,1.0,0,
coarse_grid,1.9999999999999998,6.1,4287.537600018765,0.4560465524026898,positive_alpha_scaling_without_clipping,1.0,0,
coarse_grid,1.9999999999999998,6.6,4287.916938348158,0.45601677181947764,positive_alpha_scaling_without_clipping,1.0,0,
coarse_grid,1.9999999999999998,6.745650602103109,4302.426509561897,0.4539520665435803,positive_alpha_scaling_without_clipping,1.0,0,
coarse_grid,1.9999999999999998,7.1,4300.950714892008,0.4539189606883424,positive_alpha_scaling_without_clipping,1.0,0,
coarse_grid,1.9999999999999998,7.6,4286.25857189354,0.45621491942158166,positive_alpha_scaling_without_clipping,1.0,0,
coarse_grid,1.9999999999999998,7.727243747831959,4299.787285983605,0.4541504000343166,positive_alpha_scaling_without_clipping,1.0,0,
coarse_grid,1.9999999999999998,8.1,4299.801074892428,0.45414769016419326,positive_alpha_scaling_without_clipping,1.0,0,
coarse_grid,1.9999999999999998,8.6,4299.259766672279,0.45431657143170545,positive_alpha_scaling_without_clipping,1.0,0,
coarse_grid,1.9999999999999998,8.851673390820459,4293.532102097522,0.45511149831132247,positive_alpha_scaling_without_clipping,1.0,0,
coarse_grid,1.9999999999999998,9.1,4293.572040128031,0.4551080092290583,positive_alpha_scaling_without_clipping,1.0,0,
coarse_grid,1.9999999999999998,9.6,4304.861052847962,0.4532916744321182,positive_alpha_scaling_without_clipping,1.0,0,
coarse_grid,1.9999999999999998,10.1,4294.232119762975,0.45503041161004765,positive_alpha_scaling_without_clipping,1.0,0,
coarse_grid,1.9999999999999998,10.13972437969778,4289.262024783105,0.4557959394835797,positive_alpha_scaling_without_clipping,1.0,0,
coarse_grid,1.9999999999999998,10.6,4284.634654507313,0.4567439948988479,positive_alpha_scaling_without_clipping,1.0,0,
coarse_grid,1.9999999999999998,11.1,4281.792907236628,0.45694020350159553,positive_alpha_scaling_without_clipping,1.0,0,
coarse_grid,1.9999999999999998,11.6,4294.640515537248,0.4548578054074393,positive_alpha_scaling_without_clipping,1.0,0,
coarse_grid,1.9999999999999998,11.615206069720077,4287.795748131754,0.45605211438309,positive_alpha_scaling_without_clipping,1.0,0,
coarse_grid,1.9999999999999998,12.1,4293.236289560314,0.4550865517560321,positive_alpha_scaling_without_clipping,1.0,0,
coarse_grid,1.9999999999999998,12.6,4277.343404050463,0.45737438750020293,positive_alpha_scaling_without_clipping,1.0,0,
coarse_grid,1.9999999999999998,13.1,4294.712920047509,0.454712485092793,positive_alpha_scaling_without_clipping,1.0,0,
coarse_grid,1.9999999999999998,13.305392433761932,4306.374727002012,0.4529449661196576,positive_alpha_scaling_without_clipping,1.0,0,
coarse_grid,1.9999999999999998,13.6,4276.813916992732,0.4577043868814634,positive_alpha_scaling_without_clipping,1.0,0,
coarse_grid,1.9999999999999998,14.1,4286.740516092647,0.45577441062624685,positive_alpha_scaling_without_clipping,1.0,0,
coarse_grid,1.9999999999999998,14.6,4293.0745184611,0.45506022763195936,positive_alpha_scaling_without_clipping,1.0,0,
coarse_grid,1.9999999999999998,15.1,4286.810987112211,0.45598275157187124,positive_alpha_scaling_without_clipping,1.0,0,
coarse_grid,1.9999999999999998,15.241526216045477,4287.352449058663,0.45590787294234153,positive_alpha_scaling_without_clipping,1.0,0,
coarse_grid,1.9999999999999998,15.6,4285.72180441715,0.456253935079778,positive_alpha_scaling_without_clipping,1.0,0,
coarse_grid,1.9999999999999998,16.1,4286.411207160803,0.45605402032526926,positive_alpha_scaling_without_clipping,1.0,0,
coarse_grid,1.9999999999999998,16.6,4284.710096390411,0.4561524587592249,positive_alpha_scaling_without_clipping,1.0,0,
coarse_grid,1.9999999999999998,17.1,4283.567383467185,0.4561079046675835,positive_alpha_scaling_without_clipping,1.0,0,
coarse_grid,1.9999999999999998,17.459396447784496,4290.960681925108,0.45511177853902024,positive_alpha_scaling_without_clipping,1.0,0,
coarse_grid,1.9999999999999998,17.6,4286.302469235924,0.45605932396170196,positive_alpha_scaling_without_clipping,1.0,0,
coarse_grid,1.9999999999999998,18.1,4282.428361431885,0.45651696318734075,positive_alpha_scaling_without_clipping,1.0,0,
coarse_grid,1.9999999999999998,18.6,4282.42194654715,0.45627347538190205,positive_alpha_scaling_without_clipping,1.0,0,
coarse_grid,1.9999999999999998,19.1,4288.953527673401,0.45540846182374023,positive_alpha_scaling_without_clipping,1.0,0,
coarse_grid,1.9999999999999998,19.6,4284.5978181229975,0.456083438718714,positive_alpha_scaling_without_clipping,1.0,0,
coarse_grid,1.9999999999999998,20.000000000000004,4282.938293371158,0.4562273829273476,positive_alpha_scaling_without_clipping,1.0,0,
coarse_grid,2.1999999999999997,0.1,18355.68331546099,-1.8144004453340081,evaluated,,20366,
coarse_grid,2.1999999999999997,0.11455149701087121,18355.39411851948,-1.8143436108040494,evaluated,,20365,
coarse_grid,2.1999999999999997,0.13122045467431637,18355.293721446018,-1.8143238802341142,evaluated,,20365,
coarse_grid,2.1999999999999997,0.1503149952139011,18352.828679967093,-1.8139608605911928,evaluated,,20361,
coarse_grid,2.1999999999999997,0.17218807724934312,18238.71118685215,-1.803261391051958,evaluated,,20341,
coarse_grid,2.1999999999999997,0.1972440201633579,17972.255262817747,-1.7738525131596556,evaluated,,20231,
coarse_grid,2.1999999999999997,0.22594597786155107,17467.745875509194,-1.5992442248410184,evaluated,,19801,
coarse_grid,2.1999999999999997,0.2588245000762584,15739.399348550045,-1.1294703451259733,evaluated,,18564,
coarse_grid,2.1999999999999997,0.29648733946825756,13660.853259176269,-0.7687361688773375,evaluated,,16367,
coarse_grid,2.1999999999999997,0.3396306858085926,10911.418940079779,-0.44067975518144875,evaluated,,11230,
coarse_grid,2.1999999999999997,0.3890520349020314,5277.737635428607,0.299112518776865,evaluated,,4756,
coarse_grid,2.1999999999999997,0.445664930131534,4744.061611953565,0.39071176026110804,evaluated,,2543,
coarse_grid,2.1999999999999997,0.5105158491181254,4319.807316320396,0.4522789735457556,evaluated,,596,
coarse_grid,2.1999999999999997,0.5848035476425733,4275.323430294083,0.4580128844041959,evaluated,,301,
coarse_grid,2.1999999999999997,0.6,4277.955718021202,0.45769002979161527,evaluated,,297,
coarse_grid,2.1999999999999997,0.669901218397251,4278.241186274366,0.4576682445021598,evaluated,,115,
coarse_grid,2.1999999999999997,0.7673818741681168,4274.039632426997,0.4583077336015872,positive_alpha_scaling_without_clipping,1.0,0,
coarse_grid,2.1999999999999997,0.8790474246496578,4278.470008427269,0.45766198602696734,positive_alpha_scaling_without_clipping,1.0,0,
coarse_grid,2.1999999999999997,1.0069619843716933,4279.343827759747,0.45758672258104877,positive_alpha_scaling_without_clipping,1.0,0,
coarse_grid,2.1999999999999997,1.1,4281.769233137323,0.45738680485040906,positive_alpha_scaling_without_clipping,1.0,0,
coarse_grid,2.1999999999999997,1.1534900274281497,4280.278437431225,0.4575231869054819,positive_alpha_scaling_without_clipping,1.0,0,
coarse_grid,2.1999999999999997,1.3213400942900544,4277.259383178932,0.4577587657758186,positive_alpha_scaling_without_clipping,1.0,0,
coarse_grid,2.1999999999999997,1.5136148586141145,4278.2883054206995,0.45799192431290353,positive_alpha_scaling_without_clipping,1.0,0,
coarse_grid,2.1999999999999997,1.6,4277.7869946797655,0.45800049047649116,positive_alpha_scaling_without_clipping,1.0,0,
coarse_grid,2.1999999999999997,1.733868479521449,4279.278766050797,0.45761824543575896,positive_alpha_scaling_without_clipping,1.0,0,
coarse_grid,2.1999999999999997,1.9861722994914508,4279.590928470586,0.4575647535876281,positive_alpha_scaling_without_clipping,1.0,0,
coarse_grid,2.1999999999999997,2.1,4279.938052705108,0.4575300761672274,positive_alpha_scaling_without_clipping,1.0,0,
coarse_grid,2.1999999999999997,2.2751901022827012,4280.457723374861,0.45744965636322155,positive_alpha_scaling_without_clipping,1.0,0,
coarse_grid,2.1999999999999997,2.6,4285.525906623555,0.4569176736104317,positive_alpha_scaling_without_clipping,1.0,0,
coarse_grid,2.1999999999999997,2.6062643220080064,4278.958226631222,0.4576144794442664,positive_alpha_scaling_without_clipping,1.0,0,
coarse_grid,2.1999999999999997,2.9855147969204046,4274.944389372485,0.458440442279749,positive_alpha_scaling_without_clipping,1.0,0,
coarse_grid,2.1999999999999997,3.1,4278.774535507005,0.4579109253182358,positive_alpha_scaling_without_clipping,1.0,0,
coarse_grid,2.1999999999999997,3.419951893353395,4282.758692683114,0.4572317625167204,positive_alpha_scaling_without_clipping,1.0,0,
coarse_grid,2.1999999999999997,3.6,4277.474402823668,0.4577682016502607,positive_alpha_scaling_without_clipping,1.0,0,
coarse_grid,2.1999999999999997,3.9176060908879475,4282.161417961543,0.4573231622657426,positive_alpha_scaling_without_clipping,1.0,0,
coarse_grid,2.1999999999999997,4.1,4282.185771454333,0.4573167973607768,positive_alpha_scaling_without_clipping,1.0,0,
coarse_grid,2.1999999999999997,4.487676424101213,4277.435490727287,0.4580878705239906,positive_alpha_scaling_without_clipping,1.0,0,
coarse_grid,2.1999999999999997,4.6,4287.843653680927,0.456509171060621,positive_alpha_scaling_without_clipping,1.0,0,
coarse_grid,2.1999999999999997,5.1,4297.745335920392,0.45449276672944605,positive_alpha_scaling_without_clipping,1.0,0,
coarse_grid,2.1999999999999997,5.140700524811874,4287.39414264901,0.45620015218349846,positive_alpha_scaling_without_clipping,1.0,0,
coarse_grid,2.1999999999999997,5.6,4288.724991363954,0.45597261686711876,positive_alpha_scaling_without_clipping,1.0,0,
coarse_grid,2.1999999999999997,5.8887494080177145,4299.123853922742,0.4544513776523879,positive_alpha_scaling_without_clipping,1.0,0,
coarse_grid,2.1999999999999997,6.1,4287.537600018765,0.4560465524026898,positive_alpha_scaling_without_clipping,1.0,0,
coarse_grid,2.1999999999999997,6.6,4287.916938348158,0.45601677181947764,positive_alpha_scaling_without_clipping,1.0,0,
coarse_grid,2.1999999999999997,6.745650602103109,4302.426509561897,0.4539520665435803,positive_alpha_scaling_without_clipping,1.0,0,
coarse_grid,2.1999999999999997,7.1,4300.950714892008,0.4539189606883424,positive_alpha_scaling_without_clipping,1.0,0,
coarse_grid,2.1999999999999997,7.6,4286.25857189354,0.45621491942158166,positive_alpha_scaling_without_clipping,1.0,0,
coarse_grid,2.1999999999999997,7.727243747831959,4299.787285983605,0.4541504000343166,positive_alpha_scaling_without_clipping,1.0,0,
coarse_grid,2.1999999999999997,8.1,4299.801074892428,0.45414769016419326,positive_alpha_scaling_without_clipping,1.0,0,
coarse_grid,2.1999999999999997,8.6,4299.259766672279,0.45431657143170545,positive_alpha_scaling_without_clipping,1.0,0,
coarse_grid,2.1999999999999997,8.851673390820459,4293.532102097522,0.45511149831132247,positive_alpha_scaling_without_clipping,1.0,0,
coarse_grid,2.1999999999999997,9.1,4293.572040128031,0.4551080092290583,positive_alpha_scaling_without_clipping,1.0,0,
coarse_grid,2.1999999999999997,9.6,4304.861052847962,0.4532916744321182,positive_alpha_scaling_without_clipping,1.0,0,
coarse_grid,2.1999999999999997,10.1,4294.232119762975,0.45503041161004765,positive_alpha_scaling_without_clipping,1.0,0,
coarse_grid,2.1999999999999997,10.13972437969778,4289.262024783105,0.4557959394835797,positive_alpha_scaling_without_clipping,1.0,0,
coarse_grid,2.1999999999999997,10.6,4284.634654507313,0.4567439948988479,positive_alpha_scaling_without_clipping,1.0,0,
coarse_grid,2.1999999999999997,11.1,4281.792907236628,0.45694020350159553,positive_alpha_scaling_without_clipping,1.0,0,
coarse_grid,2.1999999999999997,11.6,4294.640515537248,0.4548578054074393,positive_alpha_scaling_without_clipping,1.0,0,
coarse_grid,2.1999999999999997,11.615206069720077,4287.795748131754,0.45605211438309,positive_alpha_scaling_without_clipping,1.0,0,
coarse_grid,2.1999999999999997,12.1,4293.236289560314,0.4550865517560321,positive_alpha_scaling_without_clipping,1.0,0,
coarse_grid,2.1999999999999997,12.6,4277.343404050463,0.45737438750020293,positive_alpha_scaling_without_clipping,1.0,0,
coarse_grid,2.1999999999999997,13.1,4294.712920047509,0.454712485092793,positive_alpha_scaling_without_clipping,1.0,0,
coarse_grid,2.1999999999999997,13.305392433761932,4306.374727002012,0.4529449661196576,positive_alpha_scaling_without_clipping,1.0,0,
coarse_grid,2.1999999999999997,13.6,4276.813916992732,0.4577043868814634,positive_alpha_scaling_without_clipping,1.0,0,
coarse_grid,2.1999999999999997,14.1,4286.740516092647,0.45577441062624685,positive_alpha_scaling_without_clipping,1.0,0,
coarse_grid,2.1999999999999997,14.6,4293.0745184611,0.45506022763195936,positive_alpha_scaling_without_clipping,1.0,0,
coarse_grid,2.1999999999999997,15.1,4286.810987112211,0.45598275157187124,positive_alpha_scaling_without_clipping,1.0,0,
coarse_grid,2.1999999999999997,15.241526216045477,4287.352449058663,0.45590787294234153,positive_alpha_scaling_without_clipping,1.0,0,
coarse_grid,2.1999999999999997,15.6,4285.72180441715,0.456253935079778,positive_alpha_scaling_without_clipping,1.0,0,
coarse_grid,2.1999999999999997,16.1,4286.411207160803,0.45605402032526926,positive_alpha_scaling_without_clipping,1.0,0,
coarse_grid,2.1999999999999997,16.6,4284.710096390411,0.4561524587592249,positive_alpha_scaling_without_clipping,1.0,0,
coarse_grid,2.1999999999999997,17.1,4283.567383467185,0.4561079046675835,positive_alpha_scaling_without_clipping,1.0,0,
coarse_grid,2.1999999999999997,17.459396447784496,4290.960681925108,0.45511177853902024,positive_alpha_scaling_without_clipping,1.0,0,
coarse_grid,2.1999999999999997,17.6,4286.302469235924,0.45605932396170196,positive_alpha_scaling_without_clipping,1.0,0,
coarse_grid,2.1999999999999997,18.1,4282.428361431885,0.45651696318734075,positive_alpha_scaling_without_clipping,1.0,0,
coarse_grid,2.1999999999999997,18.6,4282.42194654715,0.45627347538190205,positive_alpha_scaling_without_clipping,1.0,0,
coarse_grid,2.1999999999999997,19.1,4288.953527673401,0.45540846182374023,positive_alpha_scaling_without_clipping,1.0,0,
coarse_grid,2.1999999999999997,19.6,4284.5978181229975,0.456083438718714,positive_alpha_scaling_without_clipping,1.0,0,
coarse_grid,2.1999999999999997,20.000000000000004,4282.938293371158,0.4562273829273476,positive_alpha_scaling_without_clipping,1.0,0,
coarse_grid,2.3999999999999995,0.1,18356.238623570505,-1.8145095774542235,evaluated,,20366,
coarse_grid,2.3999999999999995,0.11455149701087121,18355.547697403294,-1.814373792947843,evaluated,,20365,
coarse_grid,2.3999999999999995,0.13122045467431637,18355.345368015263,-1.8143340300941773,evaluated,,20365,
coarse_grid,2.3999999999999995,0.1503149952139011,18355.965382691607,-1.8144571026053693,evaluated,,20363,
coarse_grid,2.3999999999999995,0.17218807724934312,18353.85229163279,-1.8140486325809662,evaluated,,20361,
coarse_grid,2.3999999999999995,0.1972440201633579,18234.58890910586,-1.8028796872381667,evaluated,,20338,
coarse_grid,2.3999999999999995,0.22594597786155107,17852.266613637938,-1.7527806944090927,evaluated,,20180,
coarse_grid,2.3999999999999995,0.2588245000762584,17320.58933383846,-1.4811158501960024,evaluated,,19323,
coarse_grid,2.3999999999999995,0.29648733946825756,15239.717130340812,-1.0381337982128054,evaluated,,18236,
coarse_grid,2.3999999999999995,0.3396306858085926,12850.486800478406,-0.651905857583812,evaluated,,15234,
coarse_grid,2.3999999999999995,0.3890520349020314,9333.506387246447,-0.26758357833433677,evaluated,,8656,
coarse_grid,2.3999999999999995,0.445664930131534,4854.079847231137,0.36868814843128517,evaluated,,3924,
coarse_grid,2.3999999999999995,0.5105158491181254,4640.77388006809,0.4003400622906961,evaluated,,1663,
coarse_grid,2.3999999999999995,0.5848035476425733,4276.052545523912,0.4579605272597977,evaluated,,341,
coarse_grid,2.3999999999999995,0.6,4276.586258042145,0.45778468649080234,evaluated,,303,
coarse_grid,2.3999999999999995,0.669901218397251,4276.291299026671,0.4578871106490179,evaluated,,281,
coarse_grid,2.3999999999999995,0.7673818741681168,4277.444716156178,0.45764282497634085,evaluated,,36,
coarse_grid,2.3999999999999995,0.8790474246496578,4278.470008427269,0.45766198602696734,positive_alpha_scaling_without_clipping,1.0,0,
coarse_grid,2.3999999999999995,1.0069619843716933,4279.343827759747,0.45758672258104877,positive_alpha_scaling_without_clipping,1.0,0,
coarse_grid,2.3999999999999995,1.1,4281.769233137323,0.45738680485040906,positive_alpha_scaling_without_clipping,1.0,0,
coarse_grid,2.3999999999999995,1.1534900274281497,4280.278437431225,0.4575231869054819,positive_alpha_scaling_without_clipping,1.0,0,
coarse_grid,2.3999999999999995,1.3213400942900544,4277.259383178932,0.4577587657758186,positive_alpha_scaling_without_clipping,1.0,0,
coarse_grid,2.3999999999999995,1.5136148586141145,4278.2883054206995,0.45799192431290353,positive_alpha_scaling_without_clipping,1.0,0,
coarse_grid,2.3999999999999995,1.6,4277.7869946797655,0.45800049047649116,positive_alpha_scaling_without_clipping,1.0,0,
coarse_grid,2.3999999999999995,1.733868479521449,4279.278766050797,0.45761824543575896,positive_alpha_scaling_without_clipping,1.0,0,
coarse_grid,2.3999999999999995,1.9861722994914508,4279.590928470586,0.4575647535876281,positive_alpha_scaling_without_clipping,1.0,0,
coarse_grid,2.3999999999999995,2.1,4279.938052705108,0.4575300761672274,positive_alpha_scaling_without_clipping,1.0,0,
coarse_grid,2.3999999999999995,2.2751901022827012,4280.457723374861,0.45744965636322155,positive_alpha_scaling_without_clipping,1.0,0,
coarse_grid,2.3999999999999995,2.6,4285.525906623555,0.4569176736104317,positive_alpha_scaling_without_clipping,1.0,0,
coarse_grid,2.3999999999999995,2.6062643220080064,4278.958226631222,0.4576144794442664,positive_alpha_scaling_without_clipping,1.0,0,
coarse_grid,2.3999999999999995,2.9855147969204046,4274.944389372485,0.458440442279749,positive_alpha_scaling_without_clipping,1.0,0,
coarse_grid,2.3999999999999995,3.1,4278.774535507005,0.4579109253182358,positive_alpha_scaling_without_clipping,1.0,0,
coarse_grid,2.3999999999999995,3.419951893353395,4282.758692683114,0.4572317625167204,positive_alpha_scaling_without_clipping,1.0,0,
coarse_grid,2.3999999999999995,3.6,4277.474402823668,0.4577682016502607,positive_alpha_scaling_without_clipping,1.0,0,
coarse_grid,2.3999999999999995,3.9176060908879475,4282.161417961543,0.4573231622657426,positive_alpha_scaling_without_clipping,1.0,0,
coarse_grid,2.3999999999999995,4.1,4282.185771454333,0.4573167973607768,positive_alpha_scaling_without_clipping,1.0,0,
coarse_grid,2.3999999999999995,4.487676424101213,4277.435490727287,0.4580878705239906,positive_alpha_scaling_without_clipping,1.0,0,
coarse_grid,2.3999999999999995,4.6,4287.843653680927,0.456509171060621,positive_alpha_scaling_without_clipping,1.0,0,
coarse_grid,2.3999999999999995,5.1,4297.745335920392,0.45449276672944605,positive_alpha_scaling_without_clipping,1.0,0,
coarse_grid,2.3999999999999995,5.140700524811874,4287.39414264901,0.45620015218349846,positive_alpha_scaling_without_clipping,1.0,0,
coarse_grid,2.3999999999999995,5.6,4288.724991363954,0.45597261686711876,positive_alpha_scaling_without_clipping,1.0,0,
coarse_grid,2.3999999999999995,5.8887494080177145,4299.123853922742,0.4544513776523879,positive_alpha_scaling_without_clipping,1.0,0,
coarse_grid,2.3999999999999995,6.1,4287.537600018765,0.4560465524026898,positive_alpha_scaling_without_clipping,1.0,0,
coarse_grid,2.3999999999999995,6.6,4287.916938348158,0.45601677181947764,positive_alpha_scaling_without_clipping,1.0,0,
coarse_grid,2.3999999999999995,6.745650602103109,4302.426509561897,0.4539520665435803,positive_alpha_scaling_without_clipping,1.0,0,
coarse_grid,2.3999999999999995,7.1,4300.950714892008,0.4539189606883424,positive_alpha_scaling_without_clipping,1.0,0,
coarse_grid,2.3999999999999995,7.6,4286.25857189354,0.45621491942158166,positive_alpha_scaling_without_clipping,1.0,0,
coarse_grid,2.3999999999999995,7.727243747831959,4299.787285983605,0.4541504000343166,positive_alpha_scaling_without_clipping,1.0,0,
coarse_grid,2.3999999999999995,8.1,4299.801074892428,0.45414769016419326,positive_alpha_scaling_without_clipping,1.0,0,
coarse_grid,2.3999999999999995,8.6,4299.259766672279,0.45431657143170545,positive_alpha_scaling_without_clipping,1.0,0,
coarse_grid,2.3999999999999995,8.851673390820459,4293.532102097522,0.45511149831132247,positive_alpha_scaling_without_clipping,1.0,0,
coarse_grid,2.3999999999999995,9.1,4293.572040128031,0.4551080092290583,positive_alpha_scaling_without_clipping,1.0,0,
coarse_grid,2.3999999999999995,9.6,4304.861052847962,0.4532916744321182,positive_alpha_scaling_without_clipping,1.0,0,
coarse_grid,2.3999999999999995,10.1,4294.232119762975,0.45503041161004765,positive_alpha_scaling_without_clipping,1.0,0,
coarse_grid,2.3999999999999995,10.13972437969778,4289.262024783105,0.4557959394835797,positive_alpha_scaling_without_clipping,1.0,0,
coarse_grid,2.3999999999999995,10.6,4284.634654507313,0.4567439948988479,positive_alpha_scaling_without_clipping,1.0,0,
coarse_grid,2.3999999999999995,11.1,4281.792907236628,0.45694020350159553,positive_alpha_scaling_without_clipping,1.0,0,
coarse_grid,2.3999999999999995,11.6,4294.640515537248,0.4548578054074393,positive_alpha_scaling_without_clipping,1.0,0,
coarse_grid,2.3999999999999995,11.615206069720077,4287.795748131754,0.45605211438309,positive_alpha_scaling_without_clipping,1.0,0,
coarse_grid,2.3999999999999995,12.1,4293.236289560314,0.4550865517560321,positive_alpha_scaling_without_clipping,1.0,0,
coarse_grid,2.3999999999999995,12.6,4277.343404050463,0.45737438750020293,positive_alpha_scaling_without_clipping,1.0,0,
coarse_grid,2.3999999999999995,13.1,4294.712920047509,0.454712485092793,positive_alpha_scaling_without_clipping,1.0,0,
coarse_grid,2.3999999999999995,13.305392433761932,4306.374727002012,0.4529449661196576,positive_alpha_scaling_without_clipping,1.0,0,
coarse_grid,2.3999999999999995,13.6,4276.813916992732,0.4577043868814634,positive_alpha_scaling_without_clipping,1.0,0,
coarse_grid,2.3999999999999995,14.1,4286.740516092647,0.45577441062624685,positive_alpha_scaling_without_clipping,1.0,0,
coarse_grid,2.3999999999999995,14.6,4293.0745184611,0.45506022763195936,positive_alpha_scaling_without_clipping,1.0,0,
coarse_grid,2.3999999999999995,15.1,4286.810987112211,0.45598275157187124,positive_alpha_scaling_without_clipping,1.0,0,
coarse_grid,2.3999999999999995,15.241526216045477,4287.352449058663,0.45590787294234153,positive_alpha_scaling_without_clipping,1.0,0,
coarse_grid,2.3999999999999995,15.6,4285.72180441715,0.456253935079778,positive_alpha_scaling_without_clipping,1.0,0,
coarse_grid,2.3999999999999995,16.1,4286.411207160803,0.45605402032526926,positive_alpha_scaling_without_clipping,1.0,0,
coarse_grid,2.3999999999999995,16.6,4284.710096390411,0.4561524587592249,positive_alpha_scaling_without_clipping,1.0,0,
coarse_grid,2.3999999999999995,17.1,4283.567383467185,0.4561079046675835,positive_alpha_scaling_without_clipping,1.0,0,
coarse_grid,2.3999999999999995,17.459396447784496,4290.960681925108,0.45511177853902024,positive_alpha_scaling_without_clipping,1.0,0,
coarse_grid,2.3999999999999995,17.6,4286.302469235924,0.45605932396170196,positive_alpha_scaling_without_clipping,1.0,0,
coarse_grid,2.3999999999999995,18.1,4282.428361431885,0.45651696318734075,positive_alpha_scaling_without_clipping,1.0,0,
coarse_grid,2.3999999999999995,18.6,4282.42194654715,0.45627347538190205,positive_alpha_scaling_without_clipping,1.0,0,
coarse_grid,2.3999999999999995,19.1,4288.953527673401,0.45540846182374023,positive_alpha_scaling_without_clipping,1.0,0,
coarse_grid,2.3999999999999995,19.6,4284.5978181229975,0.456083438718714,positive_alpha_scaling_without_clipping,1.0,0,
coarse_grid,2.3999999999999995,20.000000000000004,4282.938293371158,0.4562273829273476,positive_alpha_scaling_without_clipping,1.0,0,
coarse_grid,2.5999999999999996,0.1,18357.22151921112,-1.8146231359566223,evaluated,,20367,
coarse_grid,2.5999999999999996,0.11455149701087121,18355.82748260949,-1.8144287778332313,evaluated,,20366,
coarse_grid,2.5999999999999996,0.13122045467431637,18355.436910534478,-1.8143520205197454,evaluated,,20365,
coarse_grid,2.5999999999999996,0.1503149952139011,18355.308374314754,-1.8143267598942618,evaluated,,20365,
coarse_grid,2.5999999999999996,0.17218807724934312,18355.963941316902,-1.8144569790113048,evaluated,,20363,
coarse_grid,2.5999999999999996,0.1972440201633579,18332.14589481645,-1.8119296317710838,evaluated,,20347,
coarse_grid,2.5999999999999996,0.22594597786155107,18062.11004480648,-1.783788895766001,evaluated,,20275,
coarse_grid,2.5999999999999996,0.2588245000762584,17713.63002866055,-1.6472688519272214,evaluated,,19813,
coarse_grid,2.5999999999999996,0.29648733946825756,16679.15468157132,-1.3445189635807175,evaluated,,19144,
coarse_grid,2.5999999999999996,0.3396306858085926,14270.994570495734,-0.8514902335570381,evaluated,,17401,
coarse_grid,2.5999999999999996,0.3890520349020314,11588.131600745592,-0.4976744806757741,evaluated,,12710,
coarse_grid,2.5999999999999996,0.445664930131534,6710.396900395551,0.09086896980645727,evaluated,,6009,
coarse_grid,2.5999999999999996,0.5105158491181254,4758.528831496488,0.39139242178489786,evaluated,,2976,
coarse_grid,2.5999999999999996,0.5848035476425733,4446.169143936641,0.4278575742902844,evaluated,,934,
coarse_grid,2.5999999999999996,0.6,4321.899221874771,0.45192703498749687,evaluated,,632,
coarse_grid,2.5999999999999996,0.669901218397251,4287.09049784543,0.455902188992697,evaluated,,301,
coarse_grid,2.5999999999999996,0.7673818741681168,4271.944593072993,0.458581246954415,evaluated,,172,
coarse_grid,2.5999999999999996,0.8790474246496578,4278.470008427269,0.45766198602696734,positive_alpha_scaling_without_clipping,1.0,0,
coarse_grid,2.5999999999999996,1.0069619843716933,4279.343827759747,0.45758672258104877,positive_alpha_scaling_without_clipping,1.0,0,
coarse_grid,2.5999999999999996,1.1,4281.769233137323,0.45738680485040906,positive_alpha_scaling_without_clipping,1.0,0,
coarse_grid,2.5999999999999996,1.1534900274281497,4280.278437431225,0.4575231869054819,positive_alpha_scaling_without_clipping,1.0,0,
coarse_grid,2.5999999999999996,1.3213400942900544,4277.259383178932,0.4577587657758186,positive_alpha_scaling_without_clipping,1.0,0,
coarse_grid,2.5999999999999996,1.5136148586141145,4278.2883054206995,0.45799192431290353,positive_alpha_scaling_without_clipping,1.0,0,
coarse_grid,2.5999999999999996,1.6,4277.7869946797655,0.45800049047649116,positive_alpha_scaling_without_clipping,1.0,0,
coarse_grid,2.5999999999999996,1.733868479521449,4279.278766050797,0.45761824543575896,positive_alpha_scaling_without_clipping,1.0,0,
coarse_grid,2.5999999999999996,1.9861722994914508,4279.590928470586,0.4575647535876281,positive_alpha_scaling_without_clipping,1.0,0,
coarse_grid,2.5999999999999996,2.1,4279.938052705108,0.4575300761672274,positive_alpha_scaling_without_clipping,1.0,0,
coarse_grid,2.5999999999999996,2.2751901022827012,4280.457723374861,0.45744965636322155,positive_alpha_scaling_without_clipping,1.0,0,
coarse_grid,2.5999999999999996,2.6,4285.525906623555,0.4569176736104317,positive_alpha_scaling_without_clipping,1.0,0,
coarse_grid,2.5999999999999996,2.6062643220080064,4278.958226631222,0.4576144794442664,positive_alpha_scaling_without_clipping,1.0,0,
coarse_grid,2.5999999999999996,2.9855147969204046,4274.944389372485,0.458440442279749,positive_alpha_scaling_without_clipping,1.0,0,
coarse_grid,2.5999999999999996,3.1,4278.774535507005,0.4579109253182358,positive_alpha_scaling_without_clipping,1.0,0,
coarse_grid,2.5999999999999996,3.419951893353395,4282.758692683114,0.4572317625167204,positive_alpha_scaling_without_clipping,1.0,0,
coarse_grid,2.5999999999999996,3.6,4277.474402823668,0.4577682016502607,positive_alpha_scaling_without_clipping,1.0,0,
coarse_grid,2.5999999999999996,3.9176060908879475,4282.161417961543,0.4573231622657426,positive_alpha_scaling_without_clipping,1.0,0,
coarse_grid,2.5999999999999996,4.1,4282.185771454333,0.4573167973607768,positive_alpha_scaling_without_clipping,1.0,0,
coarse_grid,2.5999999999999996,4.487676424101213,4277.435490727287,0.4580878705239906,positive_alpha_scaling_without_clipping,1.0,0,
coarse_grid,2.5999999999999996,4.6,4287.843653680927,0.456509171060621,positive_alpha_scaling_without_clipping,1.0,0,
coarse_grid,2.5999999999999996,5.1,4297.745335920392,0.45449276672944605,positive_alpha_scaling_without_clipping,1.0,0,
coarse_grid,2.5999999999999996,5.140700524811874,4287.39414264901,0.45620015218349846,positive_alpha_scaling_without_clipping,1.0,0,
coarse_grid,2.5999999999999996,5.6,4288.724991363954,0.45597261686711876,positive_alpha_scaling_without_clipping,1.0,0,
coarse_grid,2.5999999999999996,5.8887494080177145,4299.123853922742,0.4544513776523879,positive_alpha_scaling_without_clipping,1.0,0,
coarse_grid,2.5999999999999996,6.1,4287.537600018765,0.4560465524026898,positive_alpha_scaling_without_clipping,1.0,0,
coarse_grid,2.5999999999999996,6.6,4287.916938348158,0.45601677181947764,positive_alpha_scaling_without_clipping,1.0,0,
coarse_grid,2.5999999999999996,6.745650602103109,4302.426509561897,0.4539520665435803,positive_alpha_scaling_without_clipping,1.0,0,
coarse_grid,2.5999999999999996,7.1,4300.950714892008,0.4539189606883424,positive_alpha_scaling_without_clipping,1.0,0,
coarse_grid,2.5999999999999996,7.6,4286.25857189354,0.45621491942158166,positive_alpha_scaling_without_clipping,1.0,0,
coarse_grid,2.5999999999999996,7.727243747831959,4299.787285983605,0.4541504000343166,positive_alpha_scaling_without_clipping,1.0,0,
coarse_grid,2.5999999999999996,8.1,4299.801074892428,0.45414769016419326,positive_alpha_scaling_without_clipping,1.0,0,
coarse_grid,2.5999999999999996,8.6,4299.259766672279,0.45431657143170545,positive_alpha_scaling_without_clipping,1.0,0,
coarse_grid,2.5999999999999996,8.851673390820459,4293.532102097522,0.45511149831132247,positive_alpha_scaling_without_clipping,1.0,0,
coarse_grid,2.5999999999999996,9.1,4293.572040128031,0.4551080092290583,positive_alpha_scaling_without_clipping,1.0,0,
coarse_grid,2.5999999999999996,9.6,4304.861052847962,0.4532916744321182,positive_alpha_scaling_without_clipping,1.0,0,
coarse_grid,2.5999999999999996,10.1,4294.232119762975,0.45503041161004765,positive_alpha_scaling_without_clipping,1.0,0,
coarse_grid,2.5999999999999996,10.13972437969778,4289.262024783105,0.4557959394835797,positive_alpha_scaling_without_clipping,1.0,0,
coarse_grid,2.5999999999999996,10.6,4284.634654507313,0.4567439948988479,positive_alpha_scaling_without_clipping,1.0,0,
coarse_grid,2.5999999999999996,11.1,4281.792907236628,0.45694020350159553,positive_alpha_scaling_without_clipping,1.0,0,
coarse_grid,2.5999999999999996,11.6,4294.640515537248,0.4548578054074393,positive_alpha_scaling_without_clipping,1.0,0,
coarse_grid,2.5999999999999996,11.615206069720077,4287.795748131754,0.45605211438309,positive_alpha_scaling_without_clipping,1.0,0,
coarse_grid,2.5999999999999996,12.1,4293.236289560314,0.4550865517560321,positive_alpha_scaling_without_clipping,1.0,0,
coarse_grid,2.5999999999999996,12.6,4277.343404050463,0.45737438750020293,positive_alpha_scaling_without_clipping,1.0,0,
coarse_grid,2.5999999999999996,13.1,4294.712920047509,0.454712485092793,positive_alpha_scaling_without_clipping,1.0,0,
coarse_grid,2.5999999999999996,13.305392433761932,4306.374727002012,0.4529449661196576,positive_alpha_scaling_without_clipping,1.0,0,
coarse_grid,2.5999999999999996,13.6,4276.813916992732,0.4577043868814634,positive_alpha_scaling_without_clipping,1.0,0,
coarse_grid,2.5999999999999996,14.1,4286.740516092647,0.45577441062624685,positive_alpha_scaling_without_clipping,1.0,0,
coarse_grid,2.5999999999999996,14.6,4293.0745184611,0.45506022763195936,positive_alpha_scaling_without_clipping,1.0,0,
coarse_grid,2.5999999999999996,15.1,4286.810987112211,0.45598275157187124,positive_alpha_scaling_without_clipping,1.0,0,
coarse_grid,2.5999999999999996,15.241526216045477,4287.352449058663,0.45590787294234153,positive_alpha_scaling_without_clipping,1.0,0,
coarse_grid,2.5999999999999996,15.6,4285.72180441715,0.456253935079778,positive_alpha_scaling_without_clipping,1.0,0,
coarse_grid,2.5999999999999996,16.1,4286.411207160803,0.45605402032526926,positive_alpha_scaling_without_clipping,1.0,0,
coarse_grid,2.5999999999999996,16.6,4284.710096390411,0.4561524587592249,positive_alpha_scaling_without_clipping,1.0,0,
coarse_grid,2.5999999999999996,17.1,4283.567383467185,0.4561079046675835,positive_alpha_scaling_without_clipping,1.0,0,
coarse_grid,2.5999999999999996,17.459396447784496,4290.960681925108,0.45511177853902024,positive_alpha_scaling_without_clipping,1.0,0,
coarse_grid,2.5999999999999996,17.6,4286.302469235924,0.45605932396170196,positive_alpha_scaling_without_clipping,1.0,0,
coarse_grid,2.5999999999999996,18.1,4282.428361431885,0.45651696318734075,positive_alpha_scaling_without_clipping,1.0,0,
coarse_grid,2.5999999999999996,18.6,4282.42194654715,0.45627347538190205,positive_alpha_scaling_without_clipping,1.0,0,
coarse_grid,2.5999999999999996,19.1,4288.953527673401,0.45540846182374023,positive_alpha_scaling_without_clipping,1.0,0,
coarse_grid,2.5999999999999996,19.6,4284.5978181229975,0.456083438718714,positive_alpha_scaling_without_clipping,1.0,0,
coarse_grid,2.5999999999999996,20.000000000000004,4282.938293371158,0.4562273829273476,positive_alpha_scaling_without_clipping,1.0,0,
coarse_grid,2.8,0.1,18357.24579605314,-1.8146252176315396,evaluated,,20367,
coarse_grid,2.8,0.11455149701087121,18356.44069089567,-1.8145492888058914,evaluated,,20366,
coarse_grid,2.8,0.13122045467431637,18355.597376520866,-1.8143835561537784,evaluated,,20365,
coarse_grid,2.8,0.1503149952139011,18355.361460491276,-1.8143371926736478,evaluated,,20365,
coarse_grid,2.8,0.17218807724934312,18355.96684781775,-1.814457228236056,evaluated,,20364,
coarse_grid,2.8,0.1972440201633579,18353.62514683641,-1.814029155516164,evaluated,,20361,
coarse_grid,2.8,0.22594597786155107,18238.71118685215,-1.803261391051958,evaluated,,20341,
coarse_grid,2.8,0.2588245000762584,17885.075853258033,-1.7572611388161334,evaluated,,20217,
coarse_grid,2.8,0.29648733946825756,17297.608162528177,-1.5025431688346391,evaluated,,19510,
coarse_grid,2.8,0.3396306858085926,15422.353299021246,-1.0627513624129437,evaluated,,18404,
coarse_grid,2.8,0.3890520349020314,12949.347005974812,-0.6547884008289849,evaluated,,15516,
coarse_grid,2.8,0.445664930131534,9803.860722301237,-0.30810473611905215,evaluated,,9596,
coarse_grid,2.8,0.5105158491181254,4958.8577237184345,0.34879732546130543,evaluated,,4173,
coarse_grid,2.8,0.5848035476425733,4693.089782238346,0.3941320487678761,evaluated,,1957,
coarse_grid,2.8,0.6,4642.16650286248,0.3997810712759524,evaluated,,1589,
coarse_grid,2.8,0.669901218397251,4285.461716589847,0.4564211117904484,evaluated,,428,
coarse_grid,2.8,0.7673818741681168,4268.077716702125,0.4589054773654994,evaluated,,297,
coarse_grid,2.8,0.8790474246496578,4279.437361416622,0.4575906899882057,evaluated,,61,
coarse_grid,2.8,1.0069619843716933,4279.343827759747,0.45758672258104877,positive_alpha_scaling_without_clipping,1.0,0,
coarse_grid,2.8,1.1,4281.769233137323,0.45738680485040906,positive_alpha_scaling_without_clipping,1.0,0,
coarse_grid,2.8,1.1534900274281497,4280.278437431225,0.4575231869054819,positive_alpha_scaling_without_clipping,1.0,0,
coarse_grid,2.8,1.3213400942900544,4277.259383178932,0.4577587657758186,positive_alpha_scaling_without_clipping,1.0,0,
coarse_grid,2.8,1.5136148586141145,4278.2883054206995,0.45799192431290353,positive_alpha_scaling_without_clipping,1.0,0,
coarse_grid,2.8,1.6,4277.7869946797655,0.45800049047649116,positive_alpha_scaling_without_clipping,1.0,0,
coarse_grid,2.8,1.733868479521449,4279.278766050797,0.45761824543575896,positive_alpha_scaling_without_clipping,1.0,0,
coarse_grid,2.8,1.9861722994914508,4279.590928470586,0.4575647535876281,positive_alpha_scaling_without_clipping,1.0,0,
coarse_grid,2.8,2.1,4279.938052705108,0.4575300761672274,positive_alpha_scaling_without_clipping,1.0,0,
coarse_grid,2.8,2.2751901022827012,4280.457723374861,0.45744965636322155,positive_alpha_scaling_without_clipping,1.0,0,
coarse_grid,2.8,2.6,4285.525906623555,0.4569176736104317,positive_alpha_scaling_without_clipping,1.0,0,
coarse_grid,2.8,2.6062643220080064,4278.958226631222,0.4576144794442664,positive_alpha_scaling_without_clipping,1.0,0,
coarse_grid,2.8,2.9855147969204046,4274.944389372485,0.458440442279749,positive_alpha_scaling_without_clipping,1.0,0,
coarse_grid,2.8,3.1,4278.774535507005,0.4579109253182358,positive_alpha_scaling_without_clipping,1.0,0,
coarse_grid,2.8,3.419951893353395,4282.758692683114,0.4572317625167204,positive_alpha_scaling_without_clipping,1.0,0,
coarse_grid,2.8,3.6,4277.474402823668,0.4577682016502607,positive_alpha_scaling_without_clipping,1.0,0,
coarse_grid,2.8,3.9176060908879475,4282.161417961543,0.4573231622657426,positive_alpha_scaling_without_clipping,1.0,0,
coarse_grid,2.8,4.1,4282.185771454333,0.4573167973607768,positive_alpha_scaling_without_clipping,1.0,0,
coarse_grid,2.8,4.487676424101213,4277.435490727287,0.4580878705239906,positive_alpha_scaling_without_clipping,1.0,0,
coarse_grid,2.8,4.6,4287.843653680927,0.456509171060621,positive_alpha_scaling_without_clipping,1.0,0,
coarse_grid,2.8,5.1,4297.745335920392,0.45449276672944605,positive_alpha_scaling_without_clipping,1.0,0,
coarse_grid,2.8,5.140700524811874,4287.39414264901,0.45620015218349846,positive_alpha_scaling_without_clipping,1.0,0,
coarse_grid,2.8,5.6,4288.724991363954,0.45597261686711876,positive_alpha_scaling_without_clipping,1.0,0,
coarse_grid,2.8,5.8887494080177145,4299.123853922742,0.4544513776523879,positive_alpha_scaling_without_clipping,1.0,0,
coarse_grid,2.8,6.1,4287.537600018765,0.4560465524026898,positive_alpha_scaling_without_clipping,1.0,0,
coarse_grid,2.8,6.6,4287.916938348158,0.45601677181947764,positive_alpha_scaling_without_clipping,1.0,0,
coarse_grid,2.8,6.745650602103109,4302.426509561897,0.4539520665435803,positive_alpha_scaling_without_clipping,1.0,0,
coarse_grid,2.8,7.1,4300.950714892008,0.4539189606883424,positive_alpha_scaling_without_clipping,1.0,0,
coarse_grid,2.8,7.6,4286.25857189354,0.45621491942158166,positive_alpha_scaling_without_clipping,1.0,0,
coarse_grid,2.8,7.727243747831959,4299.787285983605,0.4541504000343166,positive_alpha_scaling_without_clipping,1.0,0,
coarse_grid,2.8,8.1,4299.801074892428,0.45414769016419326,positive_alpha_scaling_without_clipping,1.0,0,
coarse_grid,2.8,8.6,4299.259766672279,0.45431657143170545,positive_alpha_scaling_without_clipping,1.0,0,
coarse_grid,2.8,8.851673390820459,4293.532102097522,0.45511149831132247,positive_alpha_scaling_without_clipping,1.0,0,
coarse_grid,2.8,9.1,4293.572040128031,0.4551080092290583,positive_alpha_scaling_without_clipping,1.0,0,
coarse_grid,2.8,9.6,4304.861052847962,0.4532916744321182,positive_alpha_scaling_without_clipping,1.0,0,
coarse_grid,2.8,10.1,4294.232119762975,0.45503041161004765,positive_alpha_scaling_without_clipping,1.0,0,
coarse_grid,2.8,10.13972437969778,4289.262024783105,0.4557959394835797,positive_alpha_scaling_without_clipping,1.0,0,
coarse_grid,2.8,10.6,4284.634654507313,0.4567439948988479,positive_alpha_scaling_without_clipping,1.0,0,
coarse_grid,2.8,11.1,4281.792907236628,0.45694020350159553,positive_alpha_scaling_without_clipping,1.0,0,
coarse_grid,2.8,11.6,4294.640515537248,0.4548578054074393,positive_alpha_scaling_without_clipping,1.0,0,
coarse_grid,2.8,11.615206069720077,4287.795748131754,0.45605211438309,positive_alpha_scaling_without_clipping,1.0,0,
coarse_grid,2.8,12.1,4293.236289560314,0.4550865517560321,positive_alpha_scaling_without_clipping,1.0,0,
coarse_grid,2.8,12.6,4277.343404050463,0.45737438750020293,positive_alpha_scaling_without_clipping,1.0,0,
coarse_grid,2.8,13.1,4294.712920047509,0.454712485092793,positive_alpha_scaling_without_clipping,1.0,0,
coarse_grid,2.8,13.305392433761932,4306.374727002012,0.4529449661196576,positive_alpha_scaling_without_clipping,1.0,0,
coarse_grid,2.8,13.6,4276.813916992732,0.4577043868814634,positive_alpha_scaling_without_clipping,1.0,0,
coarse_grid,2.8,14.1,4286.740516092647,0.45577441062624685,positive_alpha_scaling_without_clipping,1.0,0,
coarse_grid,2.8,14.6,4293.0745184611,0.45506022763195936,positive_alpha_scaling_without_clipping,1.0,0,
coarse_grid,2.8,15.1,4286.810987112211,0.45598275157187124,positive_alpha_scaling_without_clipping,1.0,0,
coarse_grid,2.8,15.241526216045477,4287.352449058663,0.45590787294234153,positive_alpha_scaling_without_clipping,1.0,0,
coarse_grid,2.8,15.6,4285.72180441715,0.456253935079778,positive_alpha_scaling_without_clipping,1.0,0,
coarse_grid,2.8,16.1,4286.411207160803,0.45605402032526926,positive_alpha_scaling_without_clipping,1.0,0,
coarse_grid,2.8,16.6,4284.710096390411,0.4561524587592249,positive_alpha_scaling_without_clipping,1.0,0,
coarse_grid,2.8,17.1,4283.567383467185,0.4561079046675835,positive_alpha_scaling_without_clipping,1.0,0,
coarse_grid,2.8,17.459396447784496,4290.960681925108,0.45511177853902024,positive_alpha_scaling_without_clipping,1.0,0,
coarse_grid,2.8,17.6,4286.302469235924,0.45605932396170196,positive_alpha_scaling_without_clipping,1.0,0,
coarse_grid,2.8,18.1,4282.428361431885,0.45651696318734075,positive_alpha_scaling_without_clipping,1.0,0,
coarse_grid,2.8,18.6,4282.42194654715,0.45627347538190205,positive_alpha_scaling_without_clipping,1.0,0,
coarse_grid,2.8,19.1,4288.953527673401,0.45540846182374023,positive_alpha_scaling_without_clipping,1.0,0,
coarse_grid,2.8,19.6,4284.5978181229975,0.456083438718714,positive_alpha_scaling_without_clipping,1.0,0,
coarse_grid,2.8,20.000000000000004,4282.938293371158,0.4562273829273476,positive_alpha_scaling_without_clipping,1.0,0,
coarse_grid,2.9999999999999996,0.1,18357.270332381504,-1.814627321556724,evaluated,,20367,
coarse_grid,2.9999999999999996,0.11455149701087121,18357.223803414785,-1.814623331821038,evaluated,,20367,
coarse_grid,2.9999999999999996,0.13122045467431637,18355.868004644275,-1.8144367414402733,evaluated,,20366,
coarse_grid,2.9999999999999996,0.1503149952139011,18355.44851872929,-1.8143543018242863,evaluated,,20365,
coarse_grid,2.9999999999999996,0.17218807724934312,18355.31231892124,-1.81432753510943,evaluated,,20365,
coarse_grid,2.9999999999999996,0.1972440201633579,18355.963935919233,-1.814456978548469,evaluated,,20363,
coarse_grid,2.9999999999999996,0.22594597786155107,18352.37298140694,-1.8138051921129155,evaluated,,20357,
coarse_grid,2.9999999999999996,0.2588245000762584,18065.793131260445,-1.7845127156180247,evaluated,,20275,
coarse_grid,2.9999999999999996,0.29648733946825756,17914.32965434368,-1.687133737459553,evaluated,,19827,
coarse_grid,2.9999999999999996,0.3396306858085926,16880.246143034467,-1.3820283910632394,evaluated,,19198,
coarse_grid,2.9999999999999996,0.3890520349020314,14270.949948163137,-0.851486402238843,evaluated,,17401,
coarse_grid,2.9999999999999996,0.445664930131534,11632.97882851113,-0.49483168871748506,evaluated,,12956,
coarse_grid,2.9999999999999996,0.5105158491181254,6950.0182931854915,0.06070771053617049,evaluated,,6275,
coarse_grid,2.9999999999999996,0.5848035476425733,4752.747763424818,0.39228781172223215,evaluated,,3060,
coarse_grid,2.9999999999999996,0.6,4749.229356509973,0.3911386005156956,evaluated,,2721,
coarse_grid,2.9999999999999996,0.669901218397251,4468.450333357802,0.42343110736139145,evaluated,,976,
coarse_grid,2.9999999999999996,0.7673818741681168,4271.813502918725,0.4583519520754649,evaluated,,301,
coarse_grid,2.9999999999999996,0.8790474246496578,4277.954816646836,0.45779398727053167,evaluated,,193,
coarse_grid,2.9999999999999996,1.0069619843716933,4279.343827759747,0.45758672258104877,positive_alpha_scaling_without_clipping,1.0,0,
coarse_grid,2.9999999999999996,1.1,4281.769233137323,0.45738680485040906,positive_alpha_scaling_without_clipping,1.0,0,
coarse_grid,2.9999999999999996,1.1534900274281497,4280.278437431225,0.4575231869054819,positive_alpha_scaling_without_clipping,1.0,0,
coarse_grid,2.9999999999999996,1.3213400942900544,4277.259383178932,0.4577587657758186,positive_alpha_scaling_without_clipping,1.0,0,
coarse_grid,2.9999999999999996,1.5136148586141145,4278.2883054206995,0.45799192431290353,positive_alpha_scaling_without_clipping,1.0,0,
coarse_grid,2.9999999999999996,1.6,4277.7869946797655,0.45800049047649116,positive_alpha_scaling_without_clipping,1.0,0,
coarse_grid,2.9999999999999996,1.733868479521449,4279.278766050797,0.45761824543575896,positive_alpha_scaling_without_clipping,1.0,0,
coarse_grid,2.9999999999999996,1.9861722994914508,4279.590928470586,0.4575647535876281,positive_alpha_scaling_without_clipping,1.0,0,
coarse_grid,2.9999999999999996,2.1,4279.938052705108,0.4575300761672274,positive_alpha_scaling_without_clipping,1.0,0,
coarse_grid,2.9999999999999996,2.2751901022827012,4280.457723374861,0.45744965636322155,positive_alpha_scaling_without_clipping,1.0,0,
coarse_grid,2.9999999999999996,2.6,4285.525906623555,0.4569176736104317,positive_alpha_scaling_without_clipping,1.0,0,
coarse_grid,2.9999999999999996,2.6062643220080064,4278.958226631222,0.4576144794442664,positive_alpha_scaling_without_clipping,1.0,0,
coarse_grid,2.9999999999999996,2.9855147969204046,4274.944389372485,0.458440442279749,positive_alpha_scaling_without_clipping,1.0,0,
coarse_grid,2.9999999999999996,3.1,4278.774535507005,0.4579109253182358,positive_alpha_scaling_without_clipping,1.0,0,
coarse_grid,2.9999999999999996,3.419951893353395,4282.758692683114,0.4572317625167204,positive_alpha_scaling_without_clipping,1.0,0,
coarse_grid,2.9999999999999996,3.6,4277.474402823668,0.4577682016502607,positive_alpha_scaling_without_clipping,1.0,0,
coarse_grid,2.9999999999999996,3.9176060908879475,4282.161417961543,0.4573231622657426,positive_alpha_scaling_without_clipping,1.0,0,
coarse_grid,2.9999999999999996,4.1,4282.185771454333,0.4573167973607768,positive_alpha_scaling_without_clipping,1.0,0,
coarse_grid,2.9999999999999996,4.487676424101213,4277.435490727287,0.4580878705239906,positive_alpha_scaling_without_clipping,1.0,0,
coarse_grid,2.9999999999999996,4.6,4287.843653680927,0.456509171060621,positive_alpha_scaling_without_clipping,1.0,0,
coarse_grid,2.9999999999999996,5.1,4297.745335920392,0.45449276672944605,positive_alpha_scaling_without_clipping,1.0,0,
coarse_grid,2.9999999999999996,5.140700524811874,4287.39414264901,0.45620015218349846,positive_alpha_scaling_without_clipping,1.0,0,
coarse_grid,2.9999999999999996,5.6,4288.724991363954,0.45597261686711876,positive_alpha_scaling_without_clipping,1.0,0,
coarse_grid,2.9999999999999996,5.8887494080177145,4299.123853922742,0.4544513776523879,positive_alpha_scaling_without_clipping,1.0,0,
coarse_grid,2.9999999999999996,6.1,4287.537600018765,0.4560465524026898,positive_alpha_scaling_without_clipping,1.0,0,
coarse_grid,2.9999999999999996,6.6,4287.916938348158,0.45601677181947764,positive_alpha_scaling_without_clipping,1.0,0,
coarse_grid,2.9999999999999996,6.745650602103109,4302.426509561897,0.4539520665435803,positive_alpha_scaling_without_clipping,1.0,0,
coarse_grid,2.9999999999999996,7.1,4300.950714892008,0.4539189606883424,positive_alpha_scaling_without_clipping,1.0,0,
coarse_grid,2.9999999999999996,7.6,4286.25857189354,0.45621491942158166,positive_alpha_scaling_without_clipping,1.0,0,
coarse_grid,2.9999999999999996,7.727243747831959,4299.787285983605,0.4541504000343166,positive_alpha_scaling_without_clipping,1.0,0,
coarse_grid,2.9999999999999996,8.1,4299.801074892428,0.45414769016419326,positive_alpha_scaling_without_clipping,1.0,0,
coarse_grid,2.9999999999999996,8.6,4299.259766672279,0.45431657143170545,positive_alpha_scaling_without_clipping,1.0,0,
coarse_grid,2.9999999999999996,8.851673390820459,4293.532102097522,0.45511149831132247,positive_alpha_scaling_without_clipping,1.0,0,
coarse_grid,2.9999999999999996,9.1,4293.572040128031,0.4551080092290583,positive_alpha_scaling_without_clipping,1.0,0,
coarse_grid,2.9999999999999996,9.6,4304.861052847962,0.4532916744321182,positive_alpha_scaling_without_clipping,1.0,0,
coarse_grid,2.9999999999999996,10.1,4294.232119762975,0.45503041161004765,positive_alpha_scaling_without_clipping,1.0,0,
coarse_grid,2.9999999999999996,10.13972437969778,4289.262024783105,0.4557959394835797,positive_alpha_scaling_without_clipping,1.0,0,
coarse_grid,2.9999999999999996,10.6,4284.634654507313,0.4567439948988479,positive_alpha_scaling_without_clipping,1.0,0,
coarse_grid,2.9999999999999996,11.1,4281.792907236628,0.45694020350159553,positive_alpha_scaling_without_clipping,1.0,0,
coarse_grid,2.9999999999999996,11.6,4294.640515537248,0.4548578054074393,positive_alpha_scaling_without_clipping,1.0,0,
coarse_grid,2.9999999999999996,11.615206069720077,4287.795748131754,0.45605211438309,positive_alpha_scaling_without_clipping,1.0,0,
coarse_grid,2.9999999999999996,12.1,4293.236289560314,0.4550865517560321,positive_alpha_scaling_without_clipping,1.0,0,
coarse_grid,2.9999999999999996,12.6,4277.343404050463,0.45737438750020293,positive_alpha_scaling_without_clipping,1.0,0,
coarse_grid,2.9999999999999996,13.1,4294.712920047509,0.454712485092793,positive_alpha_scaling_without_clipping,1.0,0,
coarse_grid,2.9999999999999996,13.305392433761932,4306.374727002012,0.4529449661196576,positive_alpha_scaling_without_clipping,1.0,0,
coarse_grid,2.9999999999999996,13.6,4276.813916992732,0.4577043868814634,positive_alpha_scaling_without_clipping,1.0,0,
coarse_grid,2.9999999999999996,14.1,4286.740516092647,0.45577441062624685,positive_alpha_scaling_without_clipping,1.0,0,
coarse_grid,2.9999999999999996,14.6,4293.0745184611,0.45506022763195936,positive_alpha_scaling_without_clipping,1.0,0,
coarse_grid,2.9999999999999996,15.1,4286.810987112211,0.45598275157187124,positive_alpha_scaling_without_clipping,1.0,0,
coarse_grid,2.9999999999999996,15.241526216045477,4287.352449058663,0.45590787294234153,positive_alpha_scaling_without_clipping,1.0,0,
coarse_grid,2.9999999999999996,15.6,4285.72180441715,0.456253935079778,positive_alpha_scaling_without_clipping,1.0,0,
coarse_grid,2.9999999999999996,16.1,4286.411207160803,0.45605402032526926,positive_alpha_scaling_without_clipping,1.0,0,
coarse_grid,2.9999999999999996,16.6,4284.710096390411,0.4561524587592249,positive_alpha_scaling_without_clipping,1.0,0,
coarse_grid,2.9999999999999996,17.1,4283.567383467185,0.4561079046675835,positive_alpha_scaling_without_clipping,1.0,0,
coarse_grid,2.9999999999999996,17.459396447784496,4290.960681925108,0.45511177853902024,positive_alpha_scaling_without_clipping,1.0,0,
coarse_grid,2.9999999999999996,17.6,4286.302469235924,0.45605932396170196,positive_alpha_scaling_without_clipping,1.0,0,
coarse_grid,2.9999999999999996,18.1,4282.428361431885,0.45651696318734075,positive_alpha_scaling_without_clipping,1.0,0,
coarse_grid,2.9999999999999996,18.6,4282.42194654715,0.45627347538190205,positive_alpha_scaling_without_clipping,1.0,0,
coarse_grid,2.9999999999999996,19.1,4288.953527673401,0.45540846182374023,positive_alpha_scaling_without_clipping,1.0,0,
coarse_grid,2.9999999999999996,19.6,4284.5978181229975,0.456083438718714,positive_alpha_scaling_without_clipping,1.0,0,
coarse_grid,2.9999999999999996,20.000000000000004,4282.938293371158,0.4562273829273476,positive_alpha_scaling_without_clipping,1.0,0,
coarse_grid,3.1999999999999993,0.1,18357.29512819622,-1.8146294477321756,evaluated,,20367,
coarse_grid,3.1999999999999993,0.11455149701087121,18357.24500339479,-1.8146251496631853,evaluated,,20367,
coarse_grid,3.1999999999999993,0.13122045467431637,18356.412517451445,-1.8145437520099232,evaluated,,20366,
coarse_grid,3.1999999999999993,0.1503149952139011,18355.590609200564,-1.8143822262037919,evaluated,,20365,
coarse_grid,3.1999999999999993,0.17218807724934312,18355.359286493902,-1.8143367654280549,evaluated,,20365,
coarse_grid,3.1999999999999993,0.1972440201633579,18355.96662553446,-1.8144572091758526,evaluated,,20364,
coarse_grid,3.1999999999999993,0.22594597786155107,18353.66088969121,-1.814032220371315,evaluated,,20361,
coarse_grid,3.1999999999999993,0.2588245000762584,18238.618848899387,-1.8032528357642708,evaluated,,20340,
coarse_grid,3.1999999999999993,0.29648733946825756,17884.16975194574,-1.7570830669391955,evaluated,,20217,
coarse_grid,3.1999999999999993,0.3396306858085926,17297.667114374646,-1.5025482237993673,evaluated,,19510,
coarse_grid,3.1999999999999993,0.3890520349020314,15422.352701732198,-1.062751303607091,evaluated,,18404,
coarse_grid,3.1999999999999993,0.445664930131534,12949.356376453105,-0.654789204322685,evaluated,,15516,
coarse_grid,3.1999999999999993,0.5105158491181254,9748.704183995982,-0.30762001330673366,evaluated,,9391,
coarse_grid,3.1999999999999993,0.5848035476425733,4959.030205741195,0.34875902237353934,evaluated,,4173,
coarse_grid,3.1999999999999993,0.6,4843.686994739902,0.3704167901525204,evaluated,,3799,
coarse_grid,3.1999999999999993,0.669901218397251,4695.316446589046,0.3939789985272255,evaluated,,1957,
coarse_grid,3.1999999999999993,0.7673818741681168,4270.882528092657,0.4583330601855087,evaluated,,396,
coarse_grid,3.1999999999999993,0.8790474246496578,4273.409393470549,0.4581575066705876,evaluated,,294,
coarse_grid,3.1999999999999993,1.0069619843716933,4279.005050549549,0.45767609513374025,evaluated,,57,
coarse_grid,3.1999999999999993,1.1,4281.769233137323,0.45738680485040906,positive_alpha_scaling_without_clipping,1.0,0,
coarse_grid,3.1999999999999993,1.1534900274281497,4280.278437431225,0.4575231869054819,positive_alpha_scaling_without_clipping,1.0,0,
coarse_grid,3.1999999999999993,1.3213400942900544,4277.259383178932,0.4577587657758186,positive_alpha_scaling_without_clipping,1.0,0,
coarse_grid,3.1999999999999993,1.5136148586141145,4278.2883054206995,0.45799192431290353,positive_alpha_scaling_without_clipping,1.0,0,
coarse_grid,3.1999999999999993,1.6,4277.7869946797655,0.45800049047649116,positive_alpha_scaling_without_clipping,1.0,0,
coarse_grid,3.1999999999999993,1.733868479521449,4279.278766050797,0.45761824543575896,positive_alpha_scaling_without_clipping,1.0,0,
coarse_grid,3.1999999999999993,1.9861722994914508,4279.590928470586,0.4575647535876281,positive_alpha_scaling_without_clipping,1.0,0,
coarse_grid,3.1999999999999993,2.1,4279.938052705108,0.4575300761672274,positive_alpha_scaling_without_clipping,1.0,0,
coarse_grid,3.1999999999999993,2.2751901022827012,4280.457723374861,0.45744965636322155,positive_alpha_scaling_without_clipping,1.0,0,
coarse_grid,3.1999999999999993,2.6,4285.525906623555,0.4569176736104317,positive_alpha_scaling_without_clipping,1.0,0,
coarse_grid,3.1999999999999993,2.6062643220080064,4278.958226631222,0.4576144794442664,positive_alpha_scaling_without_clipping,1.0,0,
coarse_grid,3.1999999999999993,2.9855147969204046,4274.944389372485,0.458440442279749,positive_alpha_scaling_without_clipping,1.0,0,
coarse_grid,3.1999999999999993,3.1,4278.774535507005,0.4579109253182358,positive_alpha_scaling_without_clipping,1.0,0,
coarse_grid,3.1999999999999993,3.419951893353395,4282.758692683114,0.4572317625167204,positive_alpha_scaling_without_clipping,1.0,0,
coarse_grid,3.1999999999999993,3.6,4277.474402823668,0.4577682016502607,positive_alpha_scaling_without_clipping,1.0,0,
coarse_grid,3.1999999999999993,3.9176060908879475,4282.161417961543,0.4573231622657426,positive_alpha_scaling_without_clipping,1.0,0,
coarse_grid,3.1999999999999993,4.1,4282.185771454333,0.4573167973607768,positive_alpha_scaling_without_clipping,1.0,0,
coarse_grid,3.1999999999999993,4.487676424101213,4277.435490727287,0.4580878705239906,positive_alpha_scaling_without_clipping,1.0,0,
coarse_grid,3.1999999999999993,4.6,4287.843653680927,0.456509171060621,positive_alpha_scaling_without_clipping,1.0,0,
coarse_grid,3.1999999999999993,5.1,4297.745335920392,0.45449276672944605,positive_alpha_scaling_without_clipping,1.0,0,
coarse_grid,3.1999999999999993,5.140700524811874,4287.39414264901,0.45620015218349846,positive_alpha_scaling_without_clipping,1.0,0,
coarse_grid,3.1999999999999993,5.6,4288.724991363954,0.45597261686711876,positive_alpha_scaling_without_clipping,1.0,0,
coarse_grid,3.1999999999999993,5.8887494080177145,4299.123853922742,0.4544513776523879,positive_alpha_scaling_without_clipping,1.0,0,
coarse_grid,3.1999999999999993,6.1,4287.537600018765,0.4560465524026898,positive_alpha_scaling_without_clipping,1.0,0,
coarse_grid,3.1999999999999993,6.6,4287.916938348158,0.45601677181947764,positive_alpha_scaling_without_clipping,1.0,0,
coarse_grid,3.1999999999999993,6.745650602103109,4302.426509561897,0.4539520665435803,positive_alpha_scaling_without_clipping,1.0,0,
coarse_grid,3.1999999999999993,7.1,4300.950714892008,0.4539189606883424,positive_alpha_scaling_without_clipping,1.0,0,
coarse_grid,3.1999999999999993,7.6,4286.25857189354,0.45621491942158166,positive_alpha_scaling_without_clipping,1.0,0,
coarse_grid,3.1999999999999993,7.727243747831959,4299.787285983605,0.4541504000343166,positive_alpha_scaling_without_clipping,1.0,0,
coarse_grid,3.1999999999999993,8.1,4299.801074892428,0.45414769016419326,positive_alpha_scaling_without_clipping,1.0,0,
coarse_grid,3.1999999999999993,8.6,4299.259766672279,0.45431657143170545,positive_alpha_scaling_without_clipping,1.0,0,
coarse_grid,3.1999999999999993,8.851673390820459,4293.532102097522,0.45511149831132247,positive_alpha_scaling_without_clipping,1.0,0,
coarse_grid,3.1999999999999993,9.1,4293.572040128031,0.4551080092290583,positive_alpha_scaling_without_clipping,1.0,0,
coarse_grid,3.1999999999999993,9.6,4304.861052847962,0.4532916744321182,positive_alpha_scaling_without_clipping,1.0,0,
coarse_grid,3.1999999999999993,10.1,4294.232119762975,0.45503041161004765,positive_alpha_scaling_without_clipping,1.0,0,
coarse_grid,3.1999999999999993,10.13972437969778,4289.262024783105,0.4557959394835797,positive_alpha_scaling_without_clipping,1.0,0,
coarse_grid,3.1999999999999993,10.6,4284.634654507313,0.4567439948988479,positive_alpha_scaling_without_clipping,1.0,0,
coarse_grid,3.1999999999999993,11.1,4281.792907236628,0.45694020350159553,positive_alpha_scaling_without_clipping,1.0,0,
coarse_grid,3.1999999999999993,11.6,4294.640515537248,0.4548578054074393,positive_alpha_scaling_without_clipping,1.0,0,
coarse_grid,3.1999999999999993,11.615206069720077,4287.795748131754,0.45605211438309,positive_alpha_scaling_without_clipping,1.0,0,
coarse_grid,3.1999999999999993,12.1,4293.236289560314,0.4550865517560321,positive_alpha_scaling_without_clipping,1.0,0,
coarse_grid,3.1999999999999993,12.6,4277.343404050463,0.45737438750020293,positive_alpha_scaling_without_clipping,1.0,0,
coarse_grid,3.1999999999999993,13.1,4294.712920047509,0.454712485092793,positive_alpha_scaling_without_clipping,1.0,0,
coarse_grid,3.1999999999999993,13.305392433761932,4306.374727002012,0.4529449661196576,positive_alpha_scaling_without_clipping,1.0,0,
coarse_grid,3.1999999999999993,13.6,4276.813916992732,0.4577043868814634,positive_alpha_scaling_without_clipping,1.0,0,
coarse_grid,3.1999999999999993,14.1,4286.740516092647,0.45577441062624685,positive_alpha_scaling_without_clipping,1.0,0,
coarse_grid,3.1999999999999993,14.6,4293.0745184611,0.45506022763195936,positive_alpha_scaling_without_clipping,1.0,0,
coarse_grid,3.1999999999999993,15.1,4286.810987112211,0.45598275157187124,positive_alpha_scaling_without_clipping,1.0,0,
coarse_grid,3.1999999999999993,15.241526216045477,4287.352449058663,0.45590787294234153,positive_alpha_scaling_without_clipping,1.0,0,
coarse_grid,3.1999999999999993,15.6,4285.72180441715,0.456253935079778,positive_alpha_scaling_without_clipping,1.0,0,
coarse_grid,3.1999999999999993,16.1,4286.411207160803,0.45605402032526926,positive_alpha_scaling_without_clipping,1.0,0,
coarse_grid,3.1999999999999993,16.6,4284.710096390411,0.4561524587592249,positive_alpha_scaling_without_clipping,1.0,0,
coarse_grid,3.1999999999999993,17.1,4283.567383467185,0.4561079046675835,positive_alpha_scaling_without_clipping,1.0,0,
coarse_grid,3.1999999999999993,17.459396447784496,4290.960681925108,0.45511177853902024,positive_alpha_scaling_without_clipping,1.0,0,
coarse_grid,3.1999999999999993,17.6,4286.302469235924,0.45605932396170196,positive_alpha_scaling_without_clipping,1.0,0,
coarse_grid,3.1999999999999993,18.1,4282.428361431885,0.45651696318734075,positive_alpha_scaling_without_clipping,1.0,0,
coarse_grid,3.1999999999999993,18.6,4282.42194654715,0.45627347538190205,positive_alpha_scaling_without_clipping,1.0,0,
coarse_grid,3.1999999999999993,19.1,4288.953527673401,0.45540846182374023,positive_alpha_scaling_without_clipping,1.0,0,
coarse_grid,3.1999999999999993,19.6,4284.5978181229975,0.456083438718714,positive_alpha_scaling_without_clipping,1.0,0,
coarse_grid,3.1999999999999993,20.000000000000004,4282.938293371158,0.4562273829273476,positive_alpha_scaling_without_clipping,1.0,0,
coarse_grid,3.3999999999999995,0.1,18356.535888019032,-1.8144738072715814,evaluated,,20368,
coarse_grid,3.3999999999999995,0.11455149701087121,18357.266401123194,-1.814626984461734,evaluated,,20367,
coarse_grid,3.3999999999999995,0.13122045467431637,18357.22044002948,-1.8146230434196546,evaluated,,20367,
coarse_grid,3.3999999999999995,0.1503149952139011,18355.809255419652,-1.8144251957283803,evaluated,,20366,
coarse_grid,3.3999999999999995,0.17218807724934312,18355.43163207386,-1.8143509831684295,evaluated,,20365,
coarse_grid,3.3999999999999995,0.1972440201633579,18355.306575914772,-1.8143264064630766,evaluated,,20365,
coarse_grid,3.3999999999999995,0.22594597786155107,18355.96395936935,-1.8144569805592548,evaluated,,20363,
coarse_grid,3.3999999999999995,0.2588245000762584,18332.14589481645,-1.8119296317710838,evaluated,,20347,
coarse_grid,3.3999999999999995,0.29648733946825756,17992.007065127862,-1.7770832651245858,evaluated,,20245,
coarse_grid,3.3999999999999995,0.3396306858085926,17713.63002866055,-1.6472688519272214,evaluated,,19813,
coarse_grid,3.3999999999999995,0.3890520349020314,16679.17937719754,-1.3445210811652706,evaluated,,19144,
coarse_grid,3.3999999999999995,0.445664930131534,14241.323972997337,-0.8514986889987671,evaluated,,17307,
coarse_grid,3.3999999999999995,0.5105158491181254,11588.869196134658,-0.4978000849620981,evaluated,,12710,
coarse_grid,3.3999999999999995,0.5848035476425733,6355.851999421284,0.1420362625304469,evaluated,,5686,
coarse_grid,3.3999999999999995,0.6,5273.756654558293,0.2994410586907212,evaluated,,4756,
coarse_grid,3.3999999999999995,0.669901218397251,4747.589768635469,0.39208382643361667,evaluated,,2894,
coarse_grid,3.3999999999999995,0.7673818741681168,4435.042236224932,0.42919474861326545,evaluated,,934,
coarse_grid,3.3999999999999995,0.8790474246496578,4274.02458253752,0.45816077769456753,evaluated,,301,
coarse_grid,3.3999999999999995,1.0069619843716933,4279.4691815379765,0.45757597382650683,evaluated,,163,
coarse_grid,3.3999999999999995,1.1,4283.59050579663,0.45721206251472274,evaluated,,3,
coarse_grid,3.3999999999999995,1.1534900274281497,4280.278437431225,0.4575231869054819,positive_alpha_scaling_without_clipping,1.0,0,
coarse_grid,3.3999999999999995,1.3213400942900544,4277.259383178932,0.4577587657758186,positive_alpha_scaling_without_clipping,1.0,0,
coarse_grid,3.3999999999999995,1.5136148586141145,4278.2883054206995,0.45799192431290353,positive_alpha_scaling_without_clipping,1.0,0,
coarse_grid,3.3999999999999995,1.6,4277.7869946797655,0.45800049047649116,positive_alpha_scaling_without_clipping,1.0,0,
coarse_grid,3.3999999999999995,1.733868479521449,4279.278766050797,0.45761824543575896,positive_alpha_scaling_without_clipping,1.0,0,
coarse_grid,3.3999999999999995,1.9861722994914508,4279.590928470586,0.4575647535876281,positive_alpha_scaling_without_clipping,1.0,0,
coarse_grid,3.3999999999999995,2.1,4279.938052705108,0.4575300761672274,positive_alpha_scaling_without_clipping,1.0,0,
coarse_grid,3.3999999999999995,2.2751901022827012,4280.457723374861,0.45744965636322155,positive_alpha_scaling_without_clipping,1.0,0,
coarse_grid,3.3999999999999995,2.6,4285.525906623555,0.4569176736104317,positive_alpha_scaling_without_clipping,1.0,0,
coarse_grid,3.3999999999999995,2.6062643220080064,4278.958226631222,0.4576144794442664,positive_alpha_scaling_without_clipping,1.0,0,
coarse_grid,3.3999999999999995,2.9855147969204046,4274.944389372485,0.458440442279749,positive_alpha_scaling_without_clipping,1.0,0,
coarse_grid,3.3999999999999995,3.1,4278.774535507005,0.4579109253182358,positive_alpha_scaling_without_clipping,1.0,0,
coarse_grid,3.3999999999999995,3.419951893353395,4282.758692683114,0.4572317625167204,positive_alpha_scaling_without_clipping,1.0,0,
coarse_grid,3.3999999999999995,3.6,4277.474402823668,0.4577682016502607,positive_alpha_scaling_without_clipping,1.0,0,
coarse_grid,3.3999999999999995,3.9176060908879475,4282.161417961543,0.4573231622657426,positive_alpha_scaling_without_clipping,1.0,0,
coarse_grid,3.3999999999999995,4.1,4282.185771454333,0.4573167973607768,positive_alpha_scaling_without_clipping,1.0,0,
coarse_grid,3.3999999999999995,4.487676424101213,4277.435490727287,0.4580878705239906,positive_alpha_scaling_without_clipping,1.0,0,
coarse_grid,3.3999999999999995,4.6,4287.843653680927,0.456509171060621,positive_alpha_scaling_without_clipping,1.0,0,
coarse_grid,3.3999999999999995,5.1,4297.745335920392,0.45449276672944605,positive_alpha_scaling_without_clipping,1.0,0,
coarse_grid,3.3999999999999995,5.140700524811874,4287.39414264901,0.45620015218349846,positive_alpha_scaling_without_clipping,1.0,0,
coarse_grid,3.3999999999999995,5.6,4288.724991363954,0.45597261686711876,positive_alpha_scaling_without_clipping,1.0,0,
coarse_grid,3.3999999999999995,5.8887494080177145,4299.123853922742,0.4544513776523879,positive_alpha_scaling_without_clipping,1.0,0,
coarse_grid,3.3999999999999995,6.1,4287.537600018765,0.4560465524026898,positive_alpha_scaling_without_clipping,1.0,0,
coarse_grid,3.3999999999999995,6.6,4287.916938348158,0.45601677181947764,positive_alpha_scaling_without_clipping,1.0,0,
coarse_grid,3.3999999999999995,6.745650602103109,4302.426509561897,0.4539520665435803,positive_alpha_scaling_without_clipping,1.0,0,
coarse_grid,3.3999999999999995,7.1,4300.950714892008,0.4539189606883424,positive_alpha_scaling_without_clipping,1.0,0,
coarse_grid,3.3999999999999995,7.6,4286.25857189354,0.45621491942158166,positive_alpha_scaling_without_clipping,1.0,0,
coarse_grid,3.3999999999999995,7.727243747831959,4299.787285983605,0.4541504000343166,positive_alpha_scaling_without_clipping,1.0,0,
coarse_grid,3.3999999999999995,8.1,4299.801074892428,0.45414769016419326,positive_alpha_scaling_without_clipping,1.0,0,
coarse_grid,3.3999999999999995,8.6,4299.259766672279,0.45431657143170545,positive_alpha_scaling_without_clipping,1.0,0,
coarse_grid,3.3999999999999995,8.851673390820459,4293.532102097522,0.45511149831132247,positive_alpha_scaling_without_clipping,1.0,0,
coarse_grid,3.3999999999999995,9.1,4293.572040128031,0.4551080092290583,positive_alpha_scaling_without_clipping,1.0,0,
coarse_grid,3.3999999999999995,9.6,4304.861052847962,0.4532916744321182,positive_alpha_scaling_without_clipping,1.0,0,
coarse_grid,3.3999999999999995,10.1,4294.232119762975,0.45503041161004765,positive_alpha_scaling_without_clipping,1.0,0,
coarse_grid,3.3999999999999995,10.13972437969778,4289.262024783105,0.4557959394835797,positive_alpha_scaling_without_clipping,1.0,0,
coarse_grid,3.3999999999999995,10.6,4284.634654507313,0.4567439948988479,positive_alpha_scaling_without_clipping,1.0,0,
coarse_grid,3.3999999999999995,11.1,4281.792907236628,0.45694020350159553,positive_alpha_scaling_without_clipping,1.0,0,
coarse_grid,3.3999999999999995,11.6,4294.640515537248,0.4548578054074393,positive_alpha_scaling_without_clipping,1.0,0,
coarse_grid,3.3999999999999995,11.615206069720077,4287.795748131754,0.45605211438309,positive_alpha_scaling_without_clipping,1.0,0,
coarse_grid,3.3999999999999995,12.1,4293.236289560314,0.4550865517560321,positive_alpha_scaling_without_clipping,1.0,0,
coarse_grid,3.3999999999999995,12.6,4277.343404050463,0.45737438750020293,positive_alpha_scaling_without_clipping,1.0,0,
coarse_grid,3.3999999999999995,13.1,4294.712920047509,0.454712485092793,positive_alpha_scaling_without_clipping,1.0,0,
coarse_grid,3.3999999999999995,13.305392433761932,4306.374727002012,0.4529449661196576,positive_alpha_scaling_without_clipping,1.0,0,
coarse_grid,3.3999999999999995,13.6,4276.813916992732,0.4577043868814634,positive_alpha_scaling_without_clipping,1.0,0,
coarse_grid,3.3999999999999995,14.1,4286.740516092647,0.45577441062624685,positive_alpha_scaling_without_clipping,1.0,0,
coarse_grid,3.3999999999999995,14.6,4293.0745184611,0.45506022763195936,positive_alpha_scaling_without_clipping,1.0,0,
coarse_grid,3.3999999999999995,15.1,4286.810987112211,0.45598275157187124,positive_alpha_scaling_without_clipping,1.0,0,
coarse_grid,3.3999999999999995,15.241526216045477,4287.352449058663,0.45590787294234153,positive_alpha_scaling_without_clipping,1.0,0,
coarse_grid,3.3999999999999995,15.6,4285.72180441715,0.456253935079778,positive_alpha_scaling_without_clipping,1.0,0,
coarse_grid,3.3999999999999995,16.1,4286.411207160803,0.45605402032526926,positive_alpha_scaling_without_clipping,1.0,0,
coarse_grid,3.3999999999999995,16.6,4284.710096390411,0.4561524587592249,positive_alpha_scaling_without_clipping,1.0,0,
coarse_grid,3.3999999999999995,17.1,4283.567383467185,0.4561079046675835,positive_alpha_scaling_without_clipping,1.0,0,
coarse_grid,3.3999999999999995,17.459396447784496,4290.960681925108,0.45511177853902024,positive_alpha_scaling_without_clipping,1.0,0,
coarse_grid,3.3999999999999995,17.6,4286.302469235924,0.45605932396170196,positive_alpha_scaling_without_clipping,1.0,0,
coarse_grid,3.3999999999999995,18.1,4282.428361431885,0.45651696318734075,positive_alpha_scaling_without_clipping,1.0,0,
coarse_grid,3.3999999999999995,18.6,4282.42194654715,0.45627347538190205,positive_alpha_scaling_without_clipping,1.0,0,
coarse_grid,3.3999999999999995,19.1,4288.953527673401,0.45540846182374023,positive_alpha_scaling_without_clipping,1.0,0,
coarse_grid,3.3999999999999995,19.6,4284.5978181229975,0.456083438718714,positive_alpha_scaling_without_clipping,1.0,0,
coarse_grid,3.3999999999999995,20.000000000000004,4282.938293371158,0.4562273829273476,positive_alpha_scaling_without_clipping,1.0,0,
coarse_grid,3.5999999999999996,0.1,18356.544804004163,-1.8144745717936963,evaluated,,20368,
coarse_grid,3.5999999999999996,0.11455149701087121,18357.2879966,-1.8146288362166842,evaluated,,20367,
coarse_grid,3.5999999999999996,0.13122045467431637,18357.238908471278,-1.8146246270396336,evaluated,,20367,
coarse_grid,3.5999999999999996,0.1503149952139011,18356.21811843808,-1.8145055476759098,evaluated,,20366,
coarse_grid,3.5999999999999996,0.17218807724934312,18355.54250009339,-1.8143727715446982,evaluated,,20365,
coarse_grid,3.5999999999999996,0.1972440201633579,18355.343666545363,-1.814333695712211,evaluated,,20365,
coarse_grid,3.5999999999999996,0.22594597786155107,18355.9652534053,-1.8144570915194105,evaluated,,20363,
coarse_grid,3.5999999999999996,0.2588245000762584,18353.872005046742,-1.814050322954011,evaluated,,20361,
coarse_grid,3.5999999999999996,0.29648733946825756,18234.58890910586,-1.8028796872381667,evaluated,,20338,
coarse_grid,3.5999999999999996,0.3396306858085926,17850.596842840077,-1.7524525421197215,evaluated,,20180,
coarse_grid,3.5999999999999996,0.3890520349020314,17294.598668861207,-1.4760052899496958,evaluated,,19323,
coarse_grid,3.5999999999999996,0.445664930131534,15239.895789737275,-1.0381492271551338,evaluated,,18236,
coarse_grid,3.5999999999999996,0.5105158491181254,12851.071242379097,-0.6520125011948906,evaluated,,15234,
coarse_grid,3.5999999999999996,0.5848035476425733,9331.574066431802,-0.2674742022036533,evaluated,,8656,
coarse_grid,3.5999999999999996,0.6,7473.0480691901175,-0.002579989396435075,evaluated,,6855,
coarse_grid,3.5999999999999996,0.669901218397251,4844.218102719727,0.3707336601126509,evaluated,,3866,
coarse_grid,3.5999999999999996,0.7673818741681168,4641.459099267874,0.4002100228138794,evaluated,,1663,
coarse_grid,3.5999999999999996,0.8790474246496578,4273.987112988038,0.4581979304504122,evaluated,,341,
coarse_grid,3.5999999999999996,1.0069619843716933,4274.931024839087,0.45800061878046616,evaluated,,272,
coarse_grid,3.5999999999999996,1.1,4284.900608742785,0.4569778875905223,evaluated,,115,
coarse_grid,3.5999999999999996,1.1534900274281497,4279.752720559558,0.45762845026900756,evaluated,,36,
coarse_grid,3.5999999999999996,1.3213400942900544,4277.259383178932,0.4577587657758186,positive_alpha_scaling_without_clipping,1.0,0,
coarse_grid,3.5999999999999996,1.5136148586141145,4278.2883054206995,0.45799192431290353,positive_alpha_scaling_without_clipping,1.0,0,
coarse_grid,3.5999999999999996,1.6,4277.7869946797655,0.45800049047649116,positive_alpha_scaling_without_clipping,1.0,0,
coarse_grid,3.5999999999999996,1.733868479521449,4279.278766050797,0.45761824543575896,positive_alpha_scaling_without_clipping,1.0,0,
coarse_grid,3.5999999999999996,1.9861722994914508,4279.590928470586,0.4575647535876281,positive_alpha_scaling_without_clipping,1.0,0,
coarse_grid,3.5999999999999996,2.1,4279.938052705108,0.4575300761672274,positive_alpha_scaling_without_clipping,1.0,0,
coarse_grid,3.5999999999999996,2.2751901022827012,4280.457723374861,0.45744965636322155,positive_alpha_scaling_without_clipping,1.0,0,
coarse_grid,3.5999999999999996,2.6,4285.525906623555,0.4569176736104317,positive_alpha_scaling_without_clipping,1.0,0,
coarse_grid,3.5999999999999996,2.6062643220080064,4278.958226631222,0.4576144794442664,positive_alpha_scaling_without_clipping,1.0,0,
coarse_grid,3.5999999999999996,2.9855147969204046,4274.944389372485,0.458440442279749,positive_alpha_scaling_without_clipping,1.0,0,
coarse_grid,3.5999999999999996,3.1,4278.774535507005,0.4579109253182358,positive_alpha_scaling_without_clipping,1.0,0,
coarse_grid,3.5999999999999996,3.419951893353395,4282.758692683114,0.4572317625167204,positive_alpha_scaling_without_clipping,1.0,0,
coarse_grid,3.5999999999999996,3.6,4277.474402823668,0.4577682016502607,positive_alpha_scaling_without_clipping,1.0,0,
coarse_grid,3.5999999999999996,3.9176060908879475,4282.161417961543,0.4573231622657426,positive_alpha_scaling_without_clipping,1.0,0,
coarse_grid,3.5999999999999996,4.1,4282.185771454333,0.4573167973607768,positive_alpha_scaling_without_clipping,1.0,0,
coarse_grid,3.5999999999999996,4.487676424101213,4277.435490727287,0.4580878705239906,positive_alpha_scaling_without_clipping,1.0,0,
coarse_grid,3.5999999999999996,4.6,4287.843653680927,0.456509171060621,positive_alpha_scaling_without_clipping,1.0,0,
coarse_grid,3.5999999999999996,5.1,4297.745335920392,0.45449276672944605,positive_alpha_scaling_without_clipping,1.0,0,
coarse_grid,3.5999999999999996,5.140700524811874,4287.39414264901,0.45620015218349846,positive_alpha_scaling_without_clipping,1.0,0,
coarse_grid,3.5999999999999996,5.6,4288.724991363954,0.45597261686711876,positive_alpha_scaling_without_clipping,1.0,0,
coarse_grid,3.5999999999999996,5.8887494080177145,4299.123853922742,0.4544513776523879,positive_alpha_scaling_without_clipping,1.0,0,
coarse_grid,3.5999999999999996,6.1,4287.537600018765,0.4560465524026898,positive_alpha_scaling_without_clipping,1.0,0,
coarse_grid,3.5999999999999996,6.6,4287.916938348158,0.45601677181947764,positive_alpha_scaling_without_clipping,1.0,0,
coarse_grid,3.5999999999999996,6.745650602103109,4302.426509561897,0.4539520665435803,positive_alpha_scaling_without_clipping,1.0,0,
coarse_grid,3.5999999999999996,7.1,4300.950714892008,0.4539189606883424,positive_alpha_scaling_without_clipping,1.0,0,
coarse_grid,3.5999999999999996,7.6,4286.25857189354,0.45621491942158166,positive_alpha_scaling_without_clipping,1.0,0,
coarse_grid,3.5999999999999996,7.727243747831959,4299.787285983605,0.4541504000343166,positive_alpha_scaling_without_clipping,1.0,0,
coarse_grid,3.5999999999999996,8.1,4299.801074892428,0.45414769016419326,positive_alpha_scaling_without_clipping,1.0,0,
coarse_grid,3.5999999999999996,8.6,4299.259766672279,0.45431657143170545,positive_alpha_scaling_without_clipping,1.0,0,
coarse_grid,3.5999999999999996,8.851673390820459,4293.532102097522,0.45511149831132247,positive_alpha_scaling_without_clipping,1.0,0,
coarse_grid,3.5999999999999996,9.1,4293.572040128031,0.4551080092290583,positive_alpha_scaling_without_clipping,1.0,0,
coarse_grid,3.5999999999999996,9.6,4304.861052847962,0.4532916744321182,positive_alpha_scaling_without_clipping,1.0,0,
coarse_grid,3.5999999999999996,10.1,4294.232119762975,0.45503041161004765,positive_alpha_scaling_without_clipping,1.0,0,
coarse_grid,3.5999999999999996,10.13972437969778,4289.262024783105,0.4557959394835797,positive_alpha_scaling_without_clipping,1.0,0,
coarse_grid,3.5999999999999996,10.6,4284.634654507313,0.4567439948988479,positive_alpha_scaling_without_clipping,1.0,0,
coarse_grid,3.5999999999999996,11.1,4281.792907236628,0.45694020350159553,positive_alpha_scaling_without_clipping,1.0,0,
coarse_grid,3.5999999999999996,11.6,4294.640515537248,0.4548578054074393,positive_alpha_scaling_without_clipping,1.0,0,
coarse_grid,3.5999999999999996,11.615206069720077,4287.795748131754,0.45605211438309,positive_alpha_scaling_without_clipping,1.0,0,
coarse_grid,3.5999999999999996,12.1,4293.236289560314,0.4550865517560321,positive_alpha_scaling_without_clipping,1.0,0,
coarse_grid,3.5999999999999996,12.6,4277.343404050463,0.45737438750020293,positive_alpha_scaling_without_clipping,1.0,0,
coarse_grid,3.5999999999999996,13.1,4294.712920047509,0.454712485092793,positive_alpha_scaling_without_clipping,1.0,0,
coarse_grid,3.5999999999999996,13.305392433761932,4306.374727002012,0.4529449661196576,positive_alpha_scaling_without_clipping,1.0,0,
coarse_grid,3.5999999999999996,13.6,4276.813916992732,0.4577043868814634,positive_alpha_scaling_without_clipping,1.0,0,
coarse_grid,3.5999999999999996,14.1,4286.740516092647,0.45577441062624685,positive_alpha_scaling_without_clipping,1.0,0,
coarse_grid,3.5999999999999996,14.6,4293.0745184611,0.45506022763195936,positive_alpha_scaling_without_clipping,1.0,0,
coarse_grid,3.5999999999999996,15.1,4286.810987112211,0.45598275157187124,positive_alpha_scaling_without_clipping,1.0,0,
coarse_grid,3.5999999999999996,15.241526216045477,4287.352449058663,0.45590787294234153,positive_alpha_scaling_without_clipping,1.0,0,
coarse_grid,3.5999999999999996,15.6,4285.72180441715,0.456253935079778,positive_alpha_scaling_without_clipping,1.0,0,
coarse_grid,3.5999999999999996,16.1,4286.411207160803,0.45605402032526926,positive_alpha_scaling_without_clipping,1.0,0,
coarse_grid,3.5999999999999996,16.6,4284.710096390411,0.4561524587592249,positive_alpha_scaling_without_clipping,1.0,0,
coarse_grid,3.5999999999999996,17.1,4283.567383467185,0.4561079046675835,positive_alpha_scaling_without_clipping,1.0,0,
coarse_grid,3.5999999999999996,17.459396447784496,4290.960681925108,0.45511177853902024,positive_alpha_scaling_without_clipping,1.0,0,
coarse_grid,3.5999999999999996,17.6,4286.302469235924,0.45605932396170196,positive_alpha_scaling_without_clipping,1.0,0,
coarse_grid,3.5999999999999996,18.1,4282.428361431885,0.45651696318734075,positive_alpha_scaling_without_clipping,1.0,0,
coarse_grid,3.5999999999999996,18.6,4282.42194654715,0.45627347538190205,positive_alpha_scaling_without_clipping,1.0,0,
coarse_grid,3.5999999999999996,19.1,4288.953527673401,0.45540846182374023,positive_alpha_scaling_without_clipping,1.0,0,
coarse_grid,3.5999999999999996,19.6,4284.5978181229975,0.456083438718714,positive_alpha_scaling_without_clipping,1.0,0,
coarse_grid,3.5999999999999996,20.000000000000004,4282.938293371158,0.4562273829273476,positive_alpha_scaling_without_clipping,1.0,0,
coarse_grid,3.7999999999999994,0.1,18356.55378752025,-1.8144753421064124,evaluated,,20368,
coarse_grid,3.7999999999999994,0.11455149701087121,18356.532220344827,-1.8144734927782302,evaluated,,20368,
coarse_grid,3.7999999999999994,0.13122045467431637,18357.257527612444,-1.8146262235816846,evaluated,,20367,
coarse_grid,3.7999999999999994,0.1503149952139011,18357.212846024337,-1.814622392253823,evaluated,,20367,
coarse_grid,3.7999999999999994,0.17218807724934312,18355.69583608804,-1.8144029059546138,evaluated,,20366,
coarse_grid,3.7999999999999994,0.1972440201633579,18355.397934221855,-1.8143443606862923,evaluated,,20365,
coarse_grid,3.7999999999999994,0.22594597786155107,18355.29503393445,-1.8143241381713622,evaluated,,20365,
coarse_grid,3.7999999999999994,0.2588245000762584,18354.196759477498,-1.814234250046545,evaluated,,20362,
coarse_grid,3.7999999999999994,0.29648733946825756,18240.735313928544,-1.8034488190397315,evaluated,,20342,
coarse_grid,3.7999999999999994,0.3396306858085926,17975.35779059924,-1.7742572300008133,evaluated,,20234,
coarse_grid,3.7999999999999994,0.3890520349020314,17467.745875509194,-1.5992442248410184,evaluated,,19801,
coarse_grid,3.7999999999999994,0.445664930131534,15739.432355658848,-1.1294731703077299,evaluated,,18564,
coarse_grid,3.7999999999999994,0.5105158491181254,14021.56130360313,-0.8272265386995211,evaluated,,16821,
coarse_grid,3.7999999999999994,0.5848035476425733,10913.93748475374,-0.44095589318060596,evaluated,,11230,
coarse_grid,3.7999999999999994,0.6,9874.151607343829,-0.31094715329778694,evaluated,,9791,
coarse_grid,3.7999999999999994,0.669901218397251,5276.218125072337,0.299229994112203,evaluated,,4756,
coarse_grid,3.7999999999999994,0.7673818741681168,4743.1155291211735,0.3911923569802332,evaluated,,2629,
coarse_grid,3.7999999999999994,0.8790474246496578,4321.902691228656,0.4517591224660367,evaluated,,632,
coarse_grid,3.7999999999999994,1.0069619843716933,4275.772836424424,0.4579215037892455,evaluated,,301,
coarse_grid,3.7999999999999994,1.1,4281.562343057831,0.4574021846926402,evaluated,,214,
coarse_grid,3.7999999999999994,1.1534900274281497,4280.25936788789,0.45752482206832595,evaluated,,115,
coarse_grid,3.7999999999999994,1.3213400942900544,4277.259383178932,0.4577587657758186,positive_alpha_scaling_without_clipping,1.0,0,
coarse_grid,3.7999999999999994,1.5136148586141145,4278.2883054206995,0.45799192431290353,positive_alpha_scaling_without_clipping,1.0,0,
coarse_grid,3.7999999999999994,1.6,4277.7869946797655,0.45800049047649116,positive_alpha_scaling_without_clipping,1.0,0,
coarse_grid,3.7999999999999994,1.733868479521449,4279.278766050797,0.45761824543575896,positive_alpha_scaling_without_clipping,1.0,0,
coarse_grid,3.7999999999999994,1.9861722994914508,4279.590928470586,0.4575647535876281,positive_alpha_scaling_without_clipping,1.0,0,
coarse_grid,3.7999999999999994,2.1,4279.938052705108,0.4575300761672274,positive_alpha_scaling_without_clipping,1.0,0,
coarse_grid,3.7999999999999994,2.2751901022827012,4280.457723374861,0.45744965636322155,positive_alpha_scaling_without_clipping,1.0,0,
coarse_grid,3.7999999999999994,2.6,4285.525906623555,0.4569176736104317,positive_alpha_scaling_without_clipping,1.0,0,
coarse_grid,3.7999999999999994,2.6062643220080064,4278.958226631222,0.4576144794442664,positive_alpha_scaling_without_clipping,1.0,0,
coarse_grid,3.7999999999999994,2.9855147969204046,4274.944389372485,0.458440442279749,positive_alpha_scaling_without_clipping,1.0,0,
coarse_grid,3.7999999999999994,3.1,4278.774535507005,0.4579109253182358,positive_alpha_scaling_without_clipping,1.0,0,
coarse_grid,3.7999999999999994,3.419951893353395,4282.758692683114,0.4572317625167204,positive_alpha_scaling_without_clipping,1.0,0,
coarse_grid,3.7999999999999994,3.6,4277.474402823668,0.4577682016502607,positive_alpha_scaling_without_clipping,1.0,0,
coarse_grid,3.7999999999999994,3.9176060908879475,4282.161417961543,0.4573231622657426,positive_alpha_scaling_without_clipping,1.0,0,
coarse_grid,3.7999999999999994,4.1,4282.185771454333,0.4573167973607768,positive_alpha_scaling_without_clipping,1.0,0,
coarse_grid,3.7999999999999994,4.487676424101213,4277.435490727287,0.4580878705239906,positive_alpha_scaling_without_clipping,1.0,0,
coarse_grid,3.7999999999999994,4.6,4287.843653680927,0.456509171060621,positive_alpha_scaling_without_clipping,1.0,0,
coarse_grid,3.7999999999999994,5.1,4297.745335920392,0.45449276672944605,positive_alpha_scaling_without_clipping,1.0,0,
coarse_grid,3.7999999999999994,5.140700524811874,4287.39414264901,0.45620015218349846,positive_alpha_scaling_without_clipping,1.0,0,
coarse_grid,3.7999999999999994,5.6,4288.724991363954,0.45597261686711876,positive_alpha_scaling_without_clipping,1.0,0,
coarse_grid,3.7999999999999994,5.8887494080177145,4299.123853922742,0.4544513776523879,positive_alpha_scaling_without_clipping,1.0,0,
coarse_grid,3.7999999999999994,6.1,4287.537600018765,0.4560465524026898,positive_alpha_scaling_without_clipping,1.0,0,
coarse_grid,3.7999999999999994,6.6,4287.916938348158,0.45601677181947764,positive_alpha_scaling_without_clipping,1.0,0,
coarse_grid,3.7999999999999994,6.745650602103109,4302.426509561897,0.4539520665435803,positive_alpha_scaling_without_clipping,1.0,0,
coarse_grid,3.7999999999999994,7.1,4300.950714892008,0.4539189606883424,positive_alpha_scaling_without_clipping,1.0,0,
coarse_grid,3.7999999999999994,7.6,4286.25857189354,0.45621491942158166,positive_alpha_scaling_without_clipping,1.0,0,
coarse_grid,3.7999999999999994,7.727243747831959,4299.787285983605,0.4541504000343166,positive_alpha_scaling_without_clipping,1.0,0,
coarse_grid,3.7999999999999994,8.1,4299.801074892428,0.45414769016419326,positive_alpha_scaling_without_clipping,1.0,0,
coarse_grid,3.7999999999999994,8.6,4299.259766672279,0.45431657143170545,positive_alpha_scaling_without_clipping,1.0,0,
coarse_grid,3.7999999999999994,8.851673390820459,4293.532102097522,0.45511149831132247,positive_alpha_scaling_without_clipping,1.0,0,
coarse_grid,3.7999999999999994,9.1,4293.572040128031,0.4551080092290583,positive_alpha_scaling_without_clipping,1.0,0,
coarse_grid,3.7999999999999994,9.6,4304.861052847962,0.4532916744321182,positive_alpha_scaling_without_clipping,1.0,0,
coarse_grid,3.7999999999999994,10.1,4294.232119762975,0.45503041161004765,positive_alpha_scaling_without_clipping,1.0,0,
coarse_grid,3.7999999999999994,10.13972437969778,4289.262024783105,0.4557959394835797,positive_alpha_scaling_without_clipping,1.0,0,
coarse_grid,3.7999999999999994,10.6,4284.634654507313,0.4567439948988479,positive_alpha_scaling_without_clipping,1.0,0,
coarse_grid,3.7999999999999994,11.1,4281.792907236628,0.45694020350159553,positive_alpha_scaling_without_clipping,1.0,0,
coarse_grid,3.7999999999999994,11.6,4294.640515537248,0.4548578054074393,positive_alpha_scaling_without_clipping,1.0,0,
coarse_grid,3.7999999999999994,11.615206069720077,4287.795748131754,0.45605211438309,positive_alpha_scaling_without_clipping,1.0,0,
coarse_grid,3.7999999999999994,12.1,4293.236289560314,0.4550865517560321,positive_alpha_scaling_without_clipping,1.0,0,
coarse_grid,3.7999999999999994,12.6,4277.343404050463,0.45737438750020293,positive_alpha_scaling_without_clipping,1.0,0,
coarse_grid,3.7999999999999994,13.1,4294.712920047509,0.454712485092793,positive_alpha_scaling_without_clipping,1.0,0,
coarse_grid,3.7999999999999994,13.305392433761932,4306.374727002012,0.4529449661196576,positive_alpha_scaling_without_clipping,1.0,0,
coarse_grid,3.7999999999999994,13.6,4276.813916992732,0.4577043868814634,positive_alpha_scaling_without_clipping,1.0,0,
coarse_grid,3.7999999999999994,14.1,4286.740516092647,0.45577441062624685,positive_alpha_scaling_without_clipping,1.0,0,
coarse_grid,3.7999999999999994,14.6,4293.0745184611,0.45506022763195936,positive_alpha_scaling_without_clipping,1.0,0,
coarse_grid,3.7999999999999994,15.1,4286.810987112211,0.45598275157187124,positive_alpha_scaling_without_clipping,1.0,0,
coarse_grid,3.7999999999999994,15.241526216045477,4287.352449058663,0.45590787294234153,positive_alpha_scaling_without_clipping,1.0,0,
coarse_grid,3.7999999999999994,15.6,4285.72180441715,0.456253935079778,positive_alpha_scaling_without_clipping,1.0,0,
coarse_grid,3.7999999999999994,16.1,4286.411207160803,0.45605402032526926,positive_alpha_scaling_without_clipping,1.0,0,
coarse_grid,3.7999999999999994,16.6,4284.710096390411,0.4561524587592249,positive_alpha_scaling_without_clipping,1.0,0,
coarse_grid,3.7999999999999994,17.1,4283.567383467185,0.4561079046675835,positive_alpha_scaling_without_clipping,1.0,0,
coarse_grid,3.7999999999999994,17.459396447784496,4290.960681925108,0.45511177853902024,positive_alpha_scaling_without_clipping,1.0,0,
coarse_grid,3.7999999999999994,17.6,4286.302469235924,0.45605932396170196,positive_alpha_scaling_without_clipping,1.0,0,
coarse_grid,3.7999999999999994,18.1,4282.428361431885,0.45651696318734075,positive_alpha_scaling_without_clipping,1.0,0,
coarse_grid,3.7999999999999994,18.6,4282.42194654715,0.45627347538190205,positive_alpha_scaling_without_clipping,1.0,0,
coarse_grid,3.7999999999999994,19.1,4288.953527673401,0.45540846182374023,positive_alpha_scaling_without_clipping,1.0,0,
coarse_grid,3.7999999999999994,19.6,4284.5978181229975,0.456083438718714,positive_alpha_scaling_without_clipping,1.0,0,
coarse_grid,3.7999999999999994,20.000000000000004,4282.938293371158,0.4562273829273476,positive_alpha_scaling_without_clipping,1.0,0,
coarse_grid,3.999999999999999,0.1,18356.5628385673,-1.8144761182097293,evaluated,,20368,
coarse_grid,3.999999999999999,0.11455149701087121,18356.539975605225,-1.8144741577712733,evaluated,,20368,
coarse_grid,3.999999999999999,0.13122045467431637,18357.276297452987,-1.8146278330458079,evaluated,,20367,
coarse_grid,3.999999999999999,0.1503149952139011,18357.228905652843,-1.8146237693244405,evaluated,,20367,
coarse_grid,3.999999999999999,0.17218807724934312,18355.968977794095,-1.814456585223816,evaluated,,20366,
coarse_grid,3.999999999999999,0.1972440201633579,18355.476727980353,-1.8143598456572068,evaluated,,20365,
coarse_grid,3.999999999999999,0.22594597786155107,18355.321841302528,-1.8143294064987383,evaluated,,20365,
coarse_grid,3.999999999999999,0.2588245000762584,18355.964098887263,-1.8144569925225464,evaluated,,20363,
coarse_grid,3.999999999999999,0.29648733946825756,18353.5898893155,-1.8139397702319708,evaluated,,20359,
coarse_grid,3.999999999999999,0.3396306858085926,18180.5719329803,-1.7959220933225186,evaluated,,20311,
coarse_grid,3.999999999999999,0.3890520349020314,17936.874924832442,-1.715679836662611,evaluated,,19867,
coarse_grid,3.999999999999999,0.445664930131534,16938.1014783399,-1.3925469228865213,evaluated,,19204,
coarse_grid,3.999999999999999,0.5105158491181254,14427.479253408805,-0.877716468453838,evaluated,,17571,
coarse_grid,3.999999999999999,0.5848035476425733,11809.499796643067,-0.5162424013415677,evaluated,,13386,
coarse_grid,3.999999999999999,0.6,11588.868913757318,-0.4978000582304271,evaluated,,12710,
coarse_grid,3.999999999999999,0.669901218397251,7214.72498523107,0.03210295973390176,evaluated,,6608,
coarse_grid,3.999999999999999,0.7673818741681168,4778.166563056334,0.3837942323766687,evaluated,,3468,
coarse_grid,3.999999999999999,0.8790474246496578,4513.3733825649315,0.4170838421625033,evaluated,,1164,
coarse_grid,3.999999999999999,1.0069619843716933,4275.9373308380045,0.45787882067156366,evaluated,,301,
coarse_grid,3.999999999999999,1.1,4278.748843449884,0.457645795268008,evaluated,,294,
coarse_grid,3.999999999999999,1.1534900274281497,4279.584417429758,0.4575826972828181,evaluated,,223,
coarse_grid,3.999999999999999,1.3213400942900544,4277.259383178932,0.4577587657758186,positive_alpha_scaling_without_clipping,1.0,0,
coarse_grid,3.999999999999999,1.5136148586141145,4278.2883054206995,0.45799192431290353,positive_alpha_scaling_without_clipping,1.0,0,
coarse_grid,3.999999999999999,1.6,4277.7869946797655,0.45800049047649116,positive_alpha_scaling_without_clipping,1.0,0,
coarse_grid,3.999999999999999,1.733868479521449,4279.278766050797,0.45761824543575896,positive_alpha_scaling_without_clipping,1.0,0,
coarse_grid,3.999999999999999,1.9861722994914508,4279.590928470586,0.4575647535876281,positive_alpha_scaling_without_clipping,1.0,0,
coarse_grid,3.999999999999999,2.1,4279.938052705108,0.4575300761672274,positive_alpha_scaling_without_clipping,1.0,0,
coarse_grid,3.999999999999999,2.2751901022827012,4280.457723374861,0.45744965636322155,positive_alpha_scaling_without_clipping,1.0,0,
coarse_grid,3.999999999999999,2.6,4285.525906623555,0.4569176736104317,positive_alpha_scaling_without_clipping,1.0,0,
coarse_grid,3.999999999999999,2.6062643220080064,4278.958226631222,0.4576144794442664,positive_alpha_scaling_without_clipping,1.0,0,
coarse_grid,3.999999999999999,2.9855147969204046,4274.944389372485,0.458440442279749,positive_alpha_scaling_without_clipping,1.0,0,
coarse_grid,3.999999999999999,3.1,4278.774535507005,0.4579109253182358,positive_alpha_scaling_without_clipping,1.0,0,
coarse_grid,3.999999999999999,3.419951893353395,4282.758692683114,0.4572317625167204,positive_alpha_scaling_without_clipping,1.0,0,
coarse_grid,3.999999999999999,3.6,4277.474402823668,0.4577682016502607,positive_alpha_scaling_without_clipping,1.0,0,
coarse_grid,3.999999999999999,3.9176060908879475,4282.161417961543,0.4573231622657426,positive_alpha_scaling_without_clipping,1.0,0,
coarse_grid,3.999999999999999,4.1,4282.185771454333,0.4573167973607768,positive_alpha_scaling_without_clipping,1.0,0,
coarse_grid,3.999999999999999,4.487676424101213,4277.435490727287,0.4580878705239906,positive_alpha_scaling_without_clipping,1.0,0,
coarse_grid,3.999999999999999,4.6,4287.843653680927,0.456509171060621,positive_alpha_scaling_without_clipping,1.0,0,
coarse_grid,3.999999999999999,5.1,4297.745335920392,0.45449276672944605,positive_alpha_scaling_without_clipping,1.0,0,
coarse_grid,3.999999999999999,5.140700524811874,4287.39414264901,0.45620015218349846,positive_alpha_scaling_without_clipping,1.0,0,
coarse_grid,3.999999999999999,5.6,4288.724991363954,0.45597261686711876,positive_alpha_scaling_without_clipping,1.0,0,
coarse_grid,3.999999999999999,5.8887494080177145,4299.123853922742,0.4544513776523879,positive_alpha_scaling_without_clipping,1.0,0,
coarse_grid,3.999999999999999,6.1,4287.537600018765,0.4560465524026898,positive_alpha_scaling_without_clipping,1.0,0,
coarse_grid,3.999999999999999,6.6,4287.916938348158,0.45601677181947764,positive_alpha_scaling_without_clipping,1.0,0,
coarse_grid,3.999999999999999,6.745650602103109,4302.426509561897,0.4539520665435803,positive_alpha_scaling_without_clipping,1.0,0,
coarse_grid,3.999999999999999,7.1,4300.950714892008,0.4539189606883424,positive_alpha_scaling_without_clipping,1.0,0,
coarse_grid,3.999999999999999,7.6,4286.25857189354,0.45621491942158166,positive_alpha_scaling_without_clipping,1.0,0,
coarse_grid,3.999999999999999,7.727243747831959,4299.787285983605,0.4541504000343166,positive_alpha_scaling_without_clipping,1.0,0,
coarse_grid,3.999999999999999,8.1,4299.801074892428,0.45414769016419326,positive_alpha_scaling_without_clipping,1.0,0,
coarse_grid,3.999999999999999,8.6,4299.259766672279,0.45431657143170545,positive_alpha_scaling_without_clipping,1.0,0,
coarse_grid,3.999999999999999,8.851673390820459,4293.532102097522,0.45511149831132247,positive_alpha_scaling_without_clipping,1.0,0,
coarse_grid,3.999999999999999,9.1,4293.572040128031,0.4551080092290583,positive_alpha_scaling_without_clipping,1.0,0,
coarse_grid,3.999999999999999,9.6,4304.861052847962,0.4532916744321182,positive_alpha_scaling_without_clipping,1.0,0,
coarse_grid,3.999999999999999,10.1,4294.232119762975,0.45503041161004765,positive_alpha_scaling_without_clipping,1.0,0,
coarse_grid,3.999999999999999,10.13972437969778,4289.262024783105,0.4557959394835797,positive_alpha_scaling_without_clipping,1.0,0,
coarse_grid,3.999999999999999,10.6,4284.634654507313,0.4567439948988479,positive_alpha_scaling_without_clipping,1.0,0,
coarse_grid,3.999999999999999,11.1,4281.792907236628,0.45694020350159553,positive_alpha_scaling_without_clipping,1.0,0,
coarse_grid,3.999999999999999,11.6,4294.640515537248,0.4548578054074393,positive_alpha_scaling_without_clipping,1.0,0,
coarse_grid,3.999999999999999,11.615206069720077,4287.795748131754,0.45605211438309,positive_alpha_scaling_without_clipping,1.0,0,
coarse_grid,3.999999999999999,12.1,4293.236289560314,0.4550865517560321,positive_alpha_scaling_without_clipping,1.0,0,
coarse_grid,3.999999999999999,12.6,4277.343404050463,0.45737438750020293,positive_alpha_scaling_without_clipping,1.0,0,
coarse_grid,3.999999999999999,13.1,4294.712920047509,0.454712485092793,positive_alpha_scaling_without_clipping,1.0,0,
coarse_grid,3.999999999999999,13.305392433761932,4306.374727002012,0.4529449661196576,positive_alpha_scaling_without_clipping,1.0,0,
coarse_grid,3.999999999999999,13.6,4276.813916992732,0.4577043868814634,positive_alpha_scaling_without_clipping,1.0,0,
coarse_grid,3.999999999999999,14.1,4286.740516092647,0.45577441062624685,positive_alpha_scaling_without_clipping,1.0,0,
coarse_grid,3.999999999999999,14.6,4293.0745184611,0.45506022763195936,positive_alpha_scaling_without_clipping,1.0,0,
coarse_grid,3.999999999999999,15.1,4286.810987112211,0.45598275157187124,positive_alpha_scaling_without_clipping,1.0,0,
coarse_grid,3.999999999999999,15.241526216045477,4287.352449058663,0.45590787294234153,positive_alpha_scaling_without_clipping,1.0,0,
coarse_grid,3.999999999999999,15.6,4285.72180441715,0.456253935079778,positive_alpha_scaling_without_clipping,1.0,0,
coarse_grid,3.999999999999999,16.1,4286.411207160803,0.45605402032526926,positive_alpha_scaling_without_clipping,1.0,0,
coarse_grid,3.999999999999999,16.6,4284.710096390411,0.4561524587592249,positive_alpha_scaling_without_clipping,1.0,0,
coarse_grid,3.999999999999999,17.1,4283.567383467185,0.4561079046675835,positive_alpha_scaling_without_clipping,1.0,0,
coarse_grid,3.999999999999999,17.459396447784496,4290.960681925108,0.45511177853902024,positive_alpha_scaling_without_clipping,1.0,0,
coarse_grid,3.999999999999999,17.6,4286.302469235924,0.45605932396170196,positive_alpha_scaling_without_clipping,1.0,0,
coarse_grid,3.999999999999999,18.1,4282.428361431885,0.45651696318734075,positive_alpha_scaling_without_clipping,1.0,0,
coarse_grid,3.999999999999999,18.6,4282.42194654715,0.45627347538190205,positive_alpha_scaling_without_clipping,1.0,0,
coarse_grid,3.999999999999999,19.1,4288.953527673401,0.45540846182374023,positive_alpha_scaling_without_clipping,1.0,0,
coarse_grid,3.999999999999999,19.6,4284.5978181229975,0.456083438718714,positive_alpha_scaling_without_clipping,1.0,0,
coarse_grid,3.999999999999999,20.000000000000004,4282.938293371158,0.4562273829273476,positive_alpha_scaling_without_clipping,1.0,0,
coarse_grid,4.199999999999999,0.1,18356.57195714532,-1.8144769001036478,evaluated,,20368,
coarse_grid,4.199999999999999,0.11455149701087121,18356.547782329373,-1.8144748271771964,evaluated,,20368,
coarse_grid,4.199999999999999,0.13122045467431637,18357.295217992894,-1.8146294554320026,evaluated,,20367,
coarse_grid,4.199999999999999,0.1503149952139011,18357.245080125766,-1.8146251562426634,evaluated,,20367,
coarse_grid,4.199999999999999,0.17218807724934312,18356.41521333408,-1.8145442818191995,evaluated,,20366,
coarse_grid,4.199999999999999,0.1972440201633579,18355.591258891774,-1.8143823538845847,evaluated,,20365,
coarse_grid,4.199999999999999,0.22594597786155107,18355.35949545319,-1.8143368064938514,evaluated,,20365,
coarse_grid,4.199999999999999,0.2588245000762584,18355.96664658331,-1.8144572109807358,evaluated,,20364,
coarse_grid,4.199999999999999,0.29648733946825756,18353.65753333458,-1.8140319325726215,evaluated,,20361,
coarse_grid,4.199999999999999,0.3396306858085926,18238.618848899387,-1.8032528357642708,evaluated,,20340,
coarse_grid,4.199999999999999,0.3890520349020314,17884.248271035798,-1.757098497930799,evaluated,,20217,
coarse_grid,4.199999999999999,0.445664930131534,17297.667114374646,-1.5025482237993673,evaluated,,19510,
coarse_grid,4.199999999999999,0.5105158491181254,15422.362266411166,-1.0627521262715467,evaluated,,18404,
coarse_grid,4.199999999999999,0.5848035476425733,12949.899666053221,-0.6548959745011421,evaluated,,15516,
coarse_grid,4.199999999999999,0.6,12739.129691914204,-0.6397668169349487,evaluated,,14933,
coarse_grid,4.199999999999999,0.669901218397251,9743.924555303412,-0.3070612067832899,evaluated,,9391,
coarse_grid,4.199999999999999,0.7673818741681168,4955.477904896282,0.3490439831995705,evaluated,,4173,
coarse_grid,4.199999999999999,0.8790474246496578,4696.409000182569,0.39376008461177925,evaluated,,1957,
coarse_grid,4.199999999999999,1.0069619843716933,4278.326629652461,0.4574968805231914,evaluated,,396,
coarse_grid,4.199999999999999,1.1,4275.516765847172,0.45815594218394057,evaluated,,301,
coarse_grid,4.199999999999999,1.1534900274281497,4289.505604575227,0.4556881707572071,evaluated,,294,
coarse_grid,4.199999999999999,1.3213400942900544,4276.243480682256,0.45784587672476285,evaluated,,57,
coarse_grid,4.199999999999999,1.5136148586141145,4278.2883054206995,0.45799192431290353,positive_alpha_scaling_without_clipping,1.0,0,
coarse_grid,4.199999999999999,1.6,4277.7869946797655,0.45800049047649116,positive_alpha_scaling_without_clipping,1.0,0,
coarse_grid,4.199999999999999,1.733868479521449,4279.278766050797,0.45761824543575896,positive_alpha_scaling_without_clipping,1.0,0,
coarse_grid,4.199999999999999,1.9861722994914508,4279.590928470586,0.4575647535876281,positive_alpha_scaling_without_clipping,1.0,0,
coarse_grid,4.199999999999999,2.1,4279.938052705108,0.4575300761672274,positive_alpha_scaling_without_clipping,1.0,0,
coarse_grid,4.199999999999999,2.2751901022827012,4280.457723374861,0.45744965636322155,positive_alpha_scaling_without_clipping,1.0,0,
coarse_grid,4.199999999999999,2.6,4285.525906623555,0.4569176736104317,positive_alpha_scaling_without_clipping,1.0,0,
coarse_grid,4.199999999999999,2.6062643220080064,4278.958226631222,0.4576144794442664,positive_alpha_scaling_without_clipping,1.0,0,
coarse_grid,4.199999999999999,2.9855147969204046,4274.944389372485,0.458440442279749,positive_alpha_scaling_without_clipping,1.0,0,
coarse_grid,4.199999999999999,3.1,4278.774535507005,0.4579109253182358,positive_alpha_scaling_without_clipping,1.0,0,
coarse_grid,4.199999999999999,3.419951893353395,4282.758692683114,0.4572317625167204,positive_alpha_scaling_without_clipping,1.0,0,
coarse_grid,4.199999999999999,3.6,4277.474402823668,0.4577682016502607,positive_alpha_scaling_without_clipping,1.0,0,
coarse_grid,4.199999999999999,3.9176060908879475,4282.161417961543,0.4573231622657426,positive_alpha_scaling_without_clipping,1.0,0,
coarse_grid,4.199999999999999,4.1,4282.185771454333,0.4573167973607768,positive_alpha_scaling_without_clipping,1.0,0,
coarse_grid,4.199999999999999,4.487676424101213,4277.435490727287,0.4580878705239906,positive_alpha_scaling_without_clipping,1.0,0,
coarse_grid,4.199999999999999,4.6,4287.843653680927,0.456509171060621,positive_alpha_scaling_without_clipping,1.0,0,
coarse_grid,4.199999999999999,5.1,4297.745335920392,0.45449276672944605,positive_alpha_scaling_without_clipping,1.0,0,
coarse_grid,4.199999999999999,5.140700524811874,4287.39414264901,0.45620015218349846,positive_alpha_scaling_without_clipping,1.0,0,
coarse_grid,4.199999999999999,5.6,4288.724991363954,0.45597261686711876,positive_alpha_scaling_without_clipping,1.0,0,
coarse_grid,4.199999999999999,5.8887494080177145,4299.123853922742,0.4544513776523879,positive_alpha_scaling_without_clipping,1.0,0,
coarse_grid,4.199999999999999,6.1,4287.537600018765,0.4560465524026898,positive_alpha_scaling_without_clipping,1.0,0,
coarse_grid,4.199999999999999,6.6,4287.916938348158,0.45601677181947764,positive_alpha_scaling_without_clipping,1.0,0,
coarse_grid,4.199999999999999,6.745650602103109,4302.426509561897,0.4539520665435803,positive_alpha_scaling_without_clipping,1.0,0,
coarse_grid,4.199999999999999,7.1,4300.950714892008,0.4539189606883424,positive_alpha_scaling_without_clipping,1.0,0,
coarse_grid,4.199999999999999,7.6,4286.25857189354,0.45621491942158166,positive_alpha_scaling_without_clipping,1.0,0,
coarse_grid,4.199999999999999,7.727243747831959,4299.787285983605,0.4541504000343166,positive_alpha_scaling_without_clipping,1.0,0,
coarse_grid,4.199999999999999,8.1,4299.801074892428,0.45414769016419326,positive_alpha_scaling_without_clipping,1.0,0,
coarse_grid,4.199999999999999,8.6,4299.259766672279,0.45431657143170545,positive_alpha_scaling_without_clipping,1.0,0,
coarse_grid,4.199999999999999,8.851673390820459,4293.532102097522,0.45511149831132247,positive_alpha_scaling_without_clipping,1.0,0,
coarse_grid,4.199999999999999,9.1,4293.572040128031,0.4551080092290583,positive_alpha_scaling_without_clipping,1.0,0,
coarse_grid,4.199999999999999,9.6,4304.861052847962,0.4532916744321182,positive_alpha_scaling_without_clipping,1.0,0,
coarse_grid,4.199999999999999,10.1,4294.232119762975,0.45503041161004765,positive_alpha_scaling_without_clipping,1.0,0,
coarse_grid,4.199999999999999,10.13972437969778,4289.262024783105,0.4557959394835797,positive_alpha_scaling_without_clipping,1.0,0,
coarse_grid,4.199999999999999,10.6,4284.634654507313,0.4567439948988479,positive_alpha_scaling_without_clipping,1.0,0,
coarse_grid,4.199999999999999,11.1,4281.792907236628,0.45694020350159553,positive_alpha_scaling_without_clipping,1.0,0,
coarse_grid,4.199999999999999,11.6,4294.640515537248,0.4548578054074393,positive_alpha_scaling_without_clipping,1.0,0,
coarse_grid,4.199999999999999,11.615206069720077,4287.795748131754,0.45605211438309,positive_alpha_scaling_without_clipping,1.0,0,
coarse_grid,4.199999999999999,12.1,4293.236289560314,0.4550865517560321,positive_alpha_scaling_without_clipping,1.0,0,
coarse_grid,4.199999999999999,12.6,4277.343404050463,0.45737438750020293,positive_alpha_scaling_without_clipping,1.0,0,
coarse_grid,4.199999999999999,13.1,4294.712920047509,0.454712485092793,positive_alpha_scaling_without_clipping,1.0,0,
coarse_grid,4.199999999999999,13.305392433761932,4306.374727002012,0.4529449661196576,positive_alpha_scaling_without_clipping,1.0,0,
coarse_grid,4.199999999999999,13.6,4276.813916992732,0.4577043868814634,positive_alpha_scaling_without_clipping,1.0,0,
coarse_grid,4.199999999999999,14.1,4286.740516092647,0.45577441062624685,positive_alpha_scaling_without_clipping,1.0,0,
coarse_grid,4.199999999999999,14.6,4293.0745184611,0.45506022763195936,positive_alpha_scaling_without_clipping,1.0,0,
coarse_grid,4.199999999999999,15.1,4286.810987112211,0.45598275157187124,positive_alpha_scaling_without_clipping,1.0,0,
coarse_grid,4.199999999999999,15.241526216045477,4287.352449058663,0.45590787294234153,positive_alpha_scaling_without_clipping,1.0,0,
coarse_grid,4.199999999999999,15.6,4285.72180441715,0.456253935079778,positive_alpha_scaling_without_clipping,1.0,0,
coarse_grid,4.199999999999999,16.1,4286.411207160803,0.45605402032526926,positive_alpha_scaling_without_clipping,1.0,0,
coarse_grid,4.199999999999999,16.6,4284.710096390411,0.4561524587592249,positive_alpha_scaling_without_clipping,1.0,0,
coarse_grid,4.199999999999999,17.1,4283.567383467185,0.4561079046675835,positive_alpha_scaling_without_clipping,1.0,0,
coarse_grid,4.199999999999999,17.459396447784496,4290.960681925108,0.45511177853902024,positive_alpha_scaling_without_clipping,1.0,0,
coarse_grid,4.199999999999999,17.6,4286.302469235924,0.45605932396170196,positive_alpha_scaling_without_clipping,1.0,0,
coarse_grid,4.199999999999999,18.1,4282.428361431885,0.45651696318734075,positive_alpha_scaling_without_clipping,1.0,0,
coarse_grid,4.199999999999999,18.6,4282.42194654715,0.45627347538190205,positive_alpha_scaling_without_clipping,1.0,0,
coarse_grid,4.199999999999999,19.1,4288.953527673401,0.45540846182374023,positive_alpha_scaling_without_clipping,1.0,0,
coarse_grid,4.199999999999999,19.6,4284.5978181229975,0.456083438718714,positive_alpha_scaling_without_clipping,1.0,0,
coarse_grid,4.199999999999999,20.000000000000004,4282.938293371158,0.4562273829273476,positive_alpha_scaling_without_clipping,1.0,0,
coarse_grid,4.3999999999999995,0.1,18356.581143254294,-1.8144776877881676,evaluated,,20368,
coarse_grid,4.3999999999999995,0.11455149701087121,18356.555640517265,-1.8144755009959994,evaluated,,20368,
coarse_grid,4.3999999999999995,0.13122045467431637,18356.53380858094,-1.8144736289652714,evaluated,,20368,
coarse_grid,4.3999999999999995,0.1503149952139011,18357.261369443113,-1.814626553008491,evaluated,,20367,
coarse_grid,4.3999999999999995,0.17218807724934312,18357.216134275935,-1.81462267421269,evaluated,,20367,
coarse_grid,4.3999999999999995,0.1972440201633579,18355.74193457524,-1.814411965475914,evaluated,,20366,
coarse_grid,4.3999999999999995,0.22594597786155107,18355.41181407026,-1.8143470884283481,evaluated,,20365,
coarse_grid,4.3999999999999995,0.2588245000762584,18355.299799644996,-1.8143250747542918,evaluated,,20365,
coarse_grid,4.3999999999999995,0.29648733946825756,18354.514499876856,-1.8142966940895289,evaluated,,20362,
coarse_grid,4.3999999999999995,0.3396306858085926,18240.735313928544,-1.8034488190397315,evaluated,,20342,
coarse_grid,4.3999999999999995,0.3890520349020314,17980.000560302084,-1.7751696519385802,evaluated,,20234,
coarse_grid,4.3999999999999995,0.445664930131534,17675.704586946762,-1.6390616883011153,evaluated,,19810,
coarse_grid,4.3999999999999995,0.5105158491181254,16112.803672519076,-1.2146260539717384,evaluated,,18794,
coarse_grid,4.3999999999999995,0.5848035476425733,14185.182068375214,-0.8482649442085016,evaluated,,17148,
coarse_grid,4.3999999999999995,0.6,13278.4863199826,-0.7038417257764745,evaluated,,15921,
coarse_grid,4.3999999999999995,0.669901218397251,11291.450437751977,-0.47954849152955087,evaluated,,11939,
coarse_grid,4.3999999999999995,0.7673818741681168,5949.273763882285,0.2004633059564089,evaluated,,5301,
coarse_grid,4.3999999999999995,0.8790474246496578,4747.778470338392,0.39121847358463224,evaluated,,2721,
coarse_grid,4.3999999999999995,1.0069619843716933,4360.605381060684,0.44429194641507946,evaluated,,752,
coarse_grid,4.3999999999999995,1.1,4276.34835713377,0.45796800085158423,evaluated,,303,
coarse_grid,4.3999999999999995,1.1534900274281497,4288.251409169206,0.455769876660755,evaluated,,301,
coarse_grid,4.3999999999999995,1.3213400942900544,4277.28035405765,0.4577569675785001,evaluated,,136,
coarse_grid,4.3999999999999995,1.5136148586141145,4278.2883054206995,0.45799192431290353,positive_alpha_scaling_without_clipping,1.0,0,
coarse_grid,4.3999999999999995,1.6,4277.7869946797655,0.45800049047649116,positive_alpha_scaling_without_clipping,1.0,0,
coarse_grid,4.3999999999999995,1.733868479521449,4279.278766050797,0.45761824543575896,positive_alpha_scaling_without_clipping,1.0,0,
coarse_grid,4.3999999999999995,1.9861722994914508,4279.590928470586,0.4575647535876281,positive_alpha_scaling_without_clipping,1.0,0,
coarse_grid,4.3999999999999995,2.1,4279.938052705108,0.4575300761672274,positive_alpha_scaling_without_clipping,1.0,0,
coarse_grid,4.3999999999999995,2.2751901022827012,4280.457723374861,0.45744965636322155,positive_alpha_scaling_without_clipping,1.0,0,
coarse_grid,4.3999999999999995,2.6,4285.525906623555,0.4569176736104317,positive_alpha_scaling_without_clipping,1.0,0,
coarse_grid,4.3999999999999995,2.6062643220080064,4278.958226631222,0.4576144794442664,positive_alpha_scaling_without_clipping,1.0,0,
coarse_grid,4.3999999999999995,2.9855147969204046,4274.944389372485,0.458440442279749,positive_alpha_scaling_without_clipping,1.0,0,
coarse_grid,4.3999999999999995,3.1,4278.774535507005,0.4579109253182358,positive_alpha_scaling_without_clipping,1.0,0,
coarse_grid,4.3999999999999995,3.419951893353395,4282.758692683114,0.4572317625167204,positive_alpha_scaling_without_clipping,1.0,0,
coarse_grid,4.3999999999999995,3.6,4277.474402823668,0.4577682016502607,positive_alpha_scaling_without_clipping,1.0,0,
coarse_grid,4.3999999999999995,3.9176060908879475,4282.161417961543,0.4573231622657426,positive_alpha_scaling_without_clipping,1.0,0,
coarse_grid,4.3999999999999995,4.1,4282.185771454333,0.4573167973607768,positive_alpha_scaling_without_clipping,1.0,0,
coarse_grid,4.3999999999999995,4.487676424101213,4277.435490727287,0.4580878705239906,positive_alpha_scaling_without_clipping,1.0,0,
coarse_grid,4.3999999999999995,4.6,4287.843653680927,0.456509171060621,positive_alpha_scaling_without_clipping,1.0,0,
coarse_grid,4.3999999999999995,5.1,4297.745335920392,0.45449276672944605,positive_alpha_scaling_without_clipping,1.0,0,
coarse_grid,4.3999999999999995,5.140700524811874,4287.39414264901,0.45620015218349846,positive_alpha_scaling_without_clipping,1.0,0,
coarse_grid,4.3999999999999995,5.6,4288.724991363954,0.45597261686711876,positive_alpha_scaling_without_clipping,1.0,0,
coarse_grid,4.3999999999999995,5.8887494080177145,4299.123853922742,0.4544513776523879,positive_alpha_scaling_without_clipping,1.0,0,
coarse_grid,4.3999999999999995,6.1,4287.537600018765,0.4560465524026898,positive_alpha_scaling_without_clipping,1.0,0,
coarse_grid,4.3999999999999995,6.6,4287.916938348158,0.45601677181947764,positive_alpha_scaling_without_clipping,1.0,0,
coarse_grid,4.3999999999999995,6.745650602103109,4302.426509561897,0.4539520665435803,positive_alpha_scaling_without_clipping,1.0,0,
coarse_grid,4.3999999999999995,7.1,4300.950714892008,0.4539189606883424,positive_alpha_scaling_without_clipping,1.0,0,
coarse_grid,4.3999999999999995,7.6,4286.25857189354,0.45621491942158166,positive_alpha_scaling_without_clipping,1.0,0,
coarse_grid,4.3999999999999995,7.727243747831959,4299.787285983605,0.4541504000343166,positive_alpha_scaling_without_clipping,1.0,0,
coarse_grid,4.3999999999999995,8.1,4299.801074892428,0.45414769016419326,positive_alpha_scaling_without_clipping,1.0,0,
coarse_grid,4.3999999999999995,8.6,4299.259766672279,0.45431657143170545,positive_alpha_scaling_without_clipping,1.0,0,
coarse_grid,4.3999999999999995,8.851673390820459,4293.532102097522,0.45511149831132247,positive_alpha_scaling_without_clipping,1.0,0,
coarse_grid,4.3999999999999995,9.1,4293.572040128031,0.4551080092290583,positive_alpha_scaling_without_clipping,1.0,0,
coarse_grid,4.3999999999999995,9.6,4304.861052847962,0.4532916744321182,positive_alpha_scaling_without_clipping,1.0,0,
coarse_grid,4.3999999999999995,10.1,4294.232119762975,0.45503041161004765,positive_alpha_scaling_without_clipping,1.0,0,
coarse_grid,4.3999999999999995,10.13972437969778,4289.262024783105,0.4557959394835797,positive_alpha_scaling_without_clipping,1.0,0,
coarse_grid,4.3999999999999995,10.6,4284.634654507313,0.4567439948988479,positive_alpha_scaling_without_clipping,1.0,0,
coarse_grid,4.3999999999999995,11.1,4281.792907236628,0.45694020350159553,positive_alpha_scaling_without_clipping,1.0,0,
coarse_grid,4.3999999999999995,11.6,4294.640515537248,0.4548578054074393,positive_alpha_scaling_without_clipping,1.0,0,
coarse_grid,4.3999999999999995,11.615206069720077,4287.795748131754,0.45605211438309,positive_alpha_scaling_without_clipping,1.0,0,
coarse_grid,4.3999999999999995,12.1,4293.236289560314,0.4550865517560321,positive_alpha_scaling_without_clipping,1.0,0,
coarse_grid,4.3999999999999995,12.6,4277.343404050463,0.45737438750020293,positive_alpha_scaling_without_clipping,1.0,0,
coarse_grid,4.3999999999999995,13.1,4294.712920047509,0.454712485092793,positive_alpha_scaling_without_clipping,1.0,0,
coarse_grid,4.3999999999999995,13.305392433761932,4306.374727002012,0.4529449661196576,positive_alpha_scaling_without_clipping,1.0,0,
coarse_grid,4.3999999999999995,13.6,4276.813916992732,0.4577043868814634,positive_alpha_scaling_without_clipping,1.0,0,
coarse_grid,4.3999999999999995,14.1,4286.740516092647,0.45577441062624685,positive_alpha_scaling_without_clipping,1.0,0,
coarse_grid,4.3999999999999995,14.6,4293.0745184611,0.45506022763195936,positive_alpha_scaling_without_clipping,1.0,0,
coarse_grid,4.3999999999999995,15.1,4286.810987112211,0.45598275157187124,positive_alpha_scaling_without_clipping,1.0,0,
coarse_grid,4.3999999999999995,15.241526216045477,4287.352449058663,0.45590787294234153,positive_alpha_scaling_without_clipping,1.0,0,
coarse_grid,4.3999999999999995,15.6,4285.72180441715,0.456253935079778,positive_alpha_scaling_without_clipping,1.0,0,
coarse_grid,4.3999999999999995,16.1,4286.411207160803,0.45605402032526926,positive_alpha_scaling_without_clipping,1.0,0,
coarse_grid,4.3999999999999995,16.6,4284.710096390411,0.4561524587592249,positive_alpha_scaling_without_clipping,1.0,0,
coarse_grid,4.3999999999999995,17.1,4283.567383467185,0.4561079046675835,positive_alpha_scaling_without_clipping,1.0,0,
coarse_grid,4.3999999999999995,17.459396447784496,4290.960681925108,0.45511177853902024,positive_alpha_scaling_without_clipping,1.0,0,
coarse_grid,4.3999999999999995,17.6,4286.302469235924,0.45605932396170196,positive_alpha_scaling_without_clipping,1.0,0,
coarse_grid,4.3999999999999995,18.1,4282.428361431885,0.45651696318734075,positive_alpha_scaling_without_clipping,1.0,0,
coarse_grid,4.3999999999999995,18.6,4282.42194654715,0.45627347538190205,positive_alpha_scaling_without_clipping,1.0,0,
coarse_grid,4.3999999999999995,19.1,4288.953527673401,0.45540846182374023,positive_alpha_scaling_without_clipping,1.0,0,
coarse_grid,4.3999999999999995,19.6,4284.5978181229975,0.456083438718714,positive_alpha_scaling_without_clipping,1.0,0,
coarse_grid,4.3999999999999995,20.000000000000004,4282.938293371158,0.4562273829273476,positive_alpha_scaling_without_clipping,1.0,0,
coarse_grid,4.6,0.1,18356.590396894233,-1.8144784812632884,evaluated,,20368,
coarse_grid,4.6,0.11455149701087121,18356.563550168907,-1.8144761792276825,evaluated,,20368,
coarse_grid,4.6,0.13122045467431637,18356.540585060728,-1.814474210030469,evaluated,,20368,
coarse_grid,4.6,0.1503149952139011,18357.277773604877,-1.8146279596219237,evaluated,,20367,
coarse_grid,4.6,0.17218807724934312,18357.230168065347,-1.81462387757297,evaluated,,20367,
coarse_grid,4.6,0.1972440201633579,18355.99641377297,-1.8144619770891488,evaluated,,20366,
coarse_grid,4.6,0.22594597786155107,18355.484226735178,-1.8143613193526178,evaluated,,20365,
coarse_grid,4.6,0.2588245000762584,18355.32435673185,-1.8143299008443645,evaluated,,20365,
coarse_grid,4.6,0.29648733946825756,18355.964179816732,-1.814456999462034,evaluated,,20363,
coarse_grid,4.6,0.3396306858085926,18353.254216292415,-1.8139109871591153,evaluated,,20359,
coarse_grid,4.6,0.3890520349020314,18182.716381842853,-1.7963435318843783,evaluated,,20311,
coarse_grid,4.6,0.445664930131534,17807.680178900595,-1.7140813181821535,evaluated,,19953,
coarse_grid,4.6,0.5105158491181254,16938.1014783399,-1.3925469228865213,evaluated,,19204,
coarse_grid,4.6,0.5848035476425733,14427.479253408805,-0.877716468453838,evaluated,,17571,
coarse_grid,4.6,0.6,14271.546545108431,-0.8515977408624273,evaluated,,17401,
coarse_grid,4.6,0.669901218397251,12129.061587839116,-0.5626723499606499,evaluated,,13847,
coarse_grid,4.6,0.7673818741681168,7469.905833646354,-0.0024391401647845625,evaluated,,6855,
coarse_grid,4.6,0.8790474246496578,4781.957144169916,0.38352040466003334,evaluated,,3468,
coarse_grid,4.6,1.0069619843716933,4551.871179855532,0.4108905203461107,evaluated,,1256,
coarse_grid,4.6,1.1,4286.905988573765,0.4566003725935037,evaluated,,428,
coarse_grid,4.6,1.1534900274281497,4289.31121605122,0.45570520774197476,evaluated,,301,
coarse_grid,4.6,1.3213400942900544,4272.984119568341,0.45814266800695364,evaluated,,229,
coarse_grid,4.6,1.5136148586141145,4278.2883054206995,0.45799192431290353,positive_alpha_scaling_without_clipping,1.0,0,
coarse_grid,4.6,1.6,4277.7869946797655,0.45800049047649116,positive_alpha_scaling_without_clipping,1.0,0,
coarse_grid,4.6,1.733868479521449,4279.278766050797,0.45761824543575896,positive_alpha_scaling_without_clipping,1.0,0,
coarse_grid,4.6,1.9861722994914508,4279.590928470586,0.4575647535876281,positive_alpha_scaling_without_clipping,1.0,0,
coarse_grid,4.6,2.1,4279.938052705108,0.4575300761672274,positive_alpha_scaling_without_clipping,1.0,0,
coarse_grid,4.6,2.2751901022827012,4280.457723374861,0.45744965636322155,positive_alpha_scaling_without_clipping,1.0,0,
coarse_grid,4.6,2.6,4285.525906623555,0.4569176736104317,positive_alpha_scaling_without_clipping,1.0,0,
coarse_grid,4.6,2.6062643220080064,4278.958226631222,0.4576144794442664,positive_alpha_scaling_without_clipping,1.0,0,
coarse_grid,4.6,2.9855147969204046,4274.944389372485,0.458440442279749,positive_alpha_scaling_without_clipping,1.0,0,
coarse_grid,4.6,3.1,4278.774535507005,0.4579109253182358,positive_alpha_scaling_without_clipping,1.0,0,
coarse_grid,4.6,3.419951893353395,4282.758692683114,0.4572317625167204,positive_alpha_scaling_without_clipping,1.0,0,
coarse_grid,4.6,3.6,4277.474402823668,0.4577682016502607,positive_alpha_scaling_without_clipping,1.0,0,
coarse_grid,4.6,3.9176060908879475,4282.161417961543,0.4573231622657426,positive_alpha_scaling_without_clipping,1.0,0,
coarse_grid,4.6,4.1,4282.185771454333,0.4573167973607768,positive_alpha_scaling_without_clipping,1.0,0,
coarse_grid,4.6,4.487676424101213,4277.435490727287,0.4580878705239906,positive_alpha_scaling_without_clipping,1.0,0,
coarse_grid,4.6,4.6,4287.843653680927,0.456509171060621,positive_alpha_scaling_without_clipping,1.0,0,
coarse_grid,4.6,5.1,4297.745335920392,0.45449276672944605,positive_alpha_scaling_without_clipping,1.0,0,
coarse_grid,4.6,5.140700524811874,4287.39414264901,0.45620015218349846,positive_alpha_scaling_without_clipping,1.0,0,
coarse_grid,4.6,5.6,4288.724991363954,0.45597261686711876,positive_alpha_scaling_without_clipping,1.0,0,
coarse_grid,4.6,5.8887494080177145,4299.123853922742,0.4544513776523879,positive_alpha_scaling_without_clipping,1.0,0,
coarse_grid,4.6,6.1,4287.537600018765,0.4560465524026898,positive_alpha_scaling_without_clipping,1.0,0,
coarse_grid,4.6,6.6,4287.916938348158,0.45601677181947764,positive_alpha_scaling_without_clipping,1.0,0,
coarse_grid,4.6,6.745650602103109,4302.426509561897,0.4539520665435803,positive_alpha_scaling_without_clipping,1.0,0,
coarse_grid,4.6,7.1,4300.950714892008,0.4539189606883424,positive_alpha_scaling_without_clipping,1.0,0,
coarse_grid,4.6,7.6,4286.25857189354,0.45621491942158166,positive_alpha_scaling_without_clipping,1.0,0,
coarse_grid,4.6,7.727243747831959,4299.787285983605,0.4541504000343166,positive_alpha_scaling_without_clipping,1.0,0,
coarse_grid,4.6,8.1,4299.801074892428,0.45414769016419326,positive_alpha_scaling_without_clipping,1.0,0,
coarse_grid,4.6,8.6,4299.259766672279,0.45431657143170545,positive_alpha_scaling_without_clipping,1.0,0,
coarse_grid,4.6,8.851673390820459,4293.532102097522,0.45511149831132247,positive_alpha_scaling_without_clipping,1.0,0,
coarse_grid,4.6,9.1,4293.572040128031,0.4551080092290583,positive_alpha_scaling_without_clipping,1.0,0,
coarse_grid,4.6,9.6,4304.861052847962,0.4532916744321182,positive_alpha_scaling_without_clipping,1.0,0,
coarse_grid,4.6,10.1,4294.232119762975,0.45503041161004765,positive_alpha_scaling_without_clipping,1.0,0,
coarse_grid,4.6,10.13972437969778,4289.262024783105,0.4557959394835797,positive_alpha_scaling_without_clipping,1.0,0,
coarse_grid,4.6,10.6,4284.634654507313,0.4567439948988479,positive_alpha_scaling_without_clipping,1.0,0,
coarse_grid,4.6,11.1,4281.792907236628,0.45694020350159553,positive_alpha_scaling_without_clipping,1.0,0,
coarse_grid,4.6,11.6,4294.640515537248,0.4548578054074393,positive_alpha_scaling_without_clipping,1.0,0,
coarse_grid,4.6,11.615206069720077,4287.795748131754,0.45605211438309,positive_alpha_scaling_without_clipping,1.0,0,
coarse_grid,4.6,12.1,4293.236289560314,0.4550865517560321,positive_alpha_scaling_without_clipping,1.0,0,
coarse_grid,4.6,12.6,4277.343404050463,0.45737438750020293,positive_alpha_scaling_without_clipping,1.0,0,
coarse_grid,4.6,13.1,4294.712920047509,0.454712485092793,positive_alpha_scaling_without_clipping,1.0,0,
coarse_grid,4.6,13.305392433761932,4306.374727002012,0.4529449661196576,positive_alpha_scaling_without_clipping,1.0,0,
coarse_grid,4.6,13.6,4276.813916992732,0.4577043868814634,positive_alpha_scaling_without_clipping,1.0,0,
coarse_grid,4.6,14.1,4286.740516092647,0.45577441062624685,positive_alpha_scaling_without_clipping,1.0,0,
coarse_grid,4.6,14.6,4293.0745184611,0.45506022763195936,positive_alpha_scaling_without_clipping,1.0,0,
coarse_grid,4.6,15.1,4286.810987112211,0.45598275157187124,positive_alpha_scaling_without_clipping,1.0,0,
coarse_grid,4.6,15.241526216045477,4287.352449058663,0.45590787294234153,positive_alpha_scaling_without_clipping,1.0,0,
coarse_grid,4.6,15.6,4285.72180441715,0.456253935079778,positive_alpha_scaling_without_clipping,1.0,0,
coarse_grid,4.6,16.1,4286.411207160803,0.45605402032526926,positive_alpha_scaling_without_clipping,1.0,0,
coarse_grid,4.6,16.6,4284.710096390411,0.4561524587592249,positive_alpha_scaling_without_clipping,1.0,0,
coarse_grid,4.6,17.1,4283.567383467185,0.4561079046675835,positive_alpha_scaling_without_clipping,1.0,0,
coarse_grid,4.6,17.459396447784496,4290.960681925108,0.45511177853902024,positive_alpha_scaling_without_clipping,1.0,0,
coarse_grid,4.6,17.6,4286.302469235924,0.45605932396170196,positive_alpha_scaling_without_clipping,1.0,0,
coarse_grid,4.6,18.1,4282.428361431885,0.45651696318734075,positive_alpha_scaling_without_clipping,1.0,0,
coarse_grid,4.6,18.6,4282.42194654715,0.45627347538190205,positive_alpha_scaling_without_clipping,1.0,0,
coarse_grid,4.6,19.1,4288.953527673401,0.45540846182374023,positive_alpha_scaling_without_clipping,1.0,0,
coarse_grid,4.6,19.6,4284.5978181229975,0.456083438718714,positive_alpha_scaling_without_clipping,1.0,0,
coarse_grid,4.6,20.000000000000004,4282.938293371158,0.4562273829273476,positive_alpha_scaling_without_clipping,1.0,0,
coarse_grid,4.799999999999999,0.1,18356.599718065136,-1.8144792805290102,evaluated,,20368,
coarse_grid,4.799999999999999,0.11455149701087121,18356.57151128429,-1.8144768618722455,evaluated,,20368,
coarse_grid,4.799999999999999,0.13122045467431637,18356.547400759817,-1.8144747944586175,evaluated,,20368,
coarse_grid,4.799999999999999,0.1503149952139011,18357.294292611066,-1.8146293760829613,evaluated,,20367,
coarse_grid,4.799999999999999,0.17218807724934312,18357.24428937497,-1.8146250884378763,evaluated,,20367,
coarse_grid,4.799999999999999,0.1972440201633579,18356.387747255605,-1.8145388840385326,evaluated,,20366,
coarse_grid,4.799999999999999,0.22594597786155107,18355.58461831578,-1.8143810488430674,evaluated,,20365,
coarse_grid,4.799999999999999,0.2588245000762584,18355.357357181852,-1.8143363862693302,evaluated,,20365,
coarse_grid,4.799999999999999,0.29648733946825756,18355.966434408998,-1.8144571927873505,evaluated,,20364,
coarse_grid,4.799999999999999,0.3396306858085926,18353.691117060433,-1.8140348122881829,evaluated,,20361,
coarse_grid,4.799999999999999,0.3890520349020314,18238.618848899387,-1.8032528357642708,evaluated,,20340,
coarse_grid,4.799999999999999,0.445664930131534,17883.514939482917,-1.7569543796911853,evaluated,,20217,
coarse_grid,4.799999999999999,0.5105158491181254,17297.667114374646,-1.5025482237993675,evaluated,,19510,
coarse_grid,4.799999999999999,0.5848035476425733,15422.362266411166,-1.0627521262715467,evaluated,,18404,
coarse_grid,4.799999999999999,0.6,15011.309332914096,-0.9976057696922535,evaluated,,18027,
coarse_grid,4.799999999999999,0.669901218397251,12904.088989802904,-0.6538523082843216,evaluated,,15397,
coarse_grid,4.799999999999999,0.7673818741681168,9741.645478144068,-0.30689258303045486,evaluated,,9391,
coarse_grid,4.799999999999999,0.8790474246496578,4958.719887433891,0.34878402976098594,evaluated,,4173,
coarse_grid,4.799999999999999,1.0069619843716933,4683.924219682273,0.395365719392353,evaluated,,1850,
coarse_grid,4.799999999999999,1.1,4361.771194051947,0.44433290526835206,evaluated,,752,
coarse_grid,4.799999999999999,1.1534900274281497,4289.746283874474,0.4555547361394104,evaluated,,396,
coarse_grid,4.799999999999999,1.3213400942900544,4274.513922527451,0.45799169525961547,evaluated,,294,
coarse_grid,4.799999999999999,1.5136148586141145,4281.678518856988,0.4573284168386531,evaluated,,57,
coarse_grid,4.799999999999999,1.6,4277.7869946797655,0.45800049047649116,positive_alpha_scaling_without_clipping,1.0,0,
coarse_grid,4.799999999999999,1.733868479521449,4279.278766050797,0.45761824543575896,positive_alpha_scaling_without_clipping,1.0,0,
coarse_grid,4.799999999999999,1.9861722994914508,4279.590928470586,0.4575647535876281,positive_alpha_scaling_without_clipping,1.0,0,
coarse_grid,4.799999999999999,2.1,4279.938052705108,0.4575300761672274,positive_alpha_scaling_without_clipping,1.0,0,
coarse_grid,4.799999999999999,2.2751901022827012,4280.457723374861,0.45744965636322155,positive_alpha_scaling_without_clipping,1.0,0,
coarse_grid,4.799999999999999,2.6,4285.525906623555,0.4569176736104317,positive_alpha_scaling_without_clipping,1.0,0,
coarse_grid,4.799999999999999,2.6062643220080064,4278.958226631222,0.4576144794442664,positive_alpha_scaling_without_clipping,1.0,0,
coarse_grid,4.799999999999999,2.9855147969204046,4274.944389372485,0.458440442279749,positive_alpha_scaling_without_clipping,1.0,0,
coarse_grid,4.799999999999999,3.1,4278.774535507005,0.4579109253182358,positive_alpha_scaling_without_clipping,1.0,0,
coarse_grid,4.799999999999999,3.419951893353395,4282.758692683114,0.4572317625167204,positive_alpha_scaling_without_clipping,1.0,0,
coarse_grid,4.799999999999999,3.6,4277.474402823668,0.4577682016502607,positive_alpha_scaling_without_clipping,1.0,0,
coarse_grid,4.799999999999999,3.9176060908879475,4282.161417961543,0.4573231622657426,positive_alpha_scaling_without_clipping,1.0,0,
coarse_grid,4.799999999999999,4.1,4282.185771454333,0.4573167973607768,positive_alpha_scaling_without_clipping,1.0,0,
coarse_grid,4.799999999999999,4.487676424101213,4277.435490727287,0.4580878705239906,positive_alpha_scaling_without_clipping,1.0,0,
coarse_grid,4.799999999999999,4.6,4287.843653680927,0.456509171060621,positive_alpha_scaling_without_clipping,1.0,0,
coarse_grid,4.799999999999999,5.1,4297.745335920392,0.45449276672944605,positive_alpha_scaling_without_clipping,1.0,0,
coarse_grid,4.799999999999999,5.140700524811874,4287.39414264901,0.45620015218349846,positive_alpha_scaling_without_clipping,1.0,0,
coarse_grid,4.799999999999999,5.6,4288.724991363954,0.45597261686711876,positive_alpha_scaling_without_clipping,1.0,0,
coarse_grid,4.799999999999999,5.8887494080177145,4299.123853922742,0.4544513776523879,positive_alpha_scaling_without_clipping,1.0,0,
coarse_grid,4.799999999999999,6.1,4287.537600018765,0.4560465524026898,positive_alpha_scaling_without_clipping,1.0,0,
coarse_grid,4.799999999999999,6.6,4287.916938348158,0.45601677181947764,positive_alpha_scaling_without_clipping,1.0,0,
coarse_grid,4.799999999999999,6.745650602103109,4302.426509561897,0.4539520665435803,positive_alpha_scaling_without_clipping,1.0,0,
coarse_grid,4.799999999999999,7.1,4300.950714892008,0.4539189606883424,positive_alpha_scaling_without_clipping,1.0,0,
coarse_grid,4.799999999999999,7.6,4286.25857189354,0.45621491942158166,positive_alpha_scaling_without_clipping,1.0,0,
coarse_grid,4.799999999999999,7.727243747831959,4299.787285983605,0.4541504000343166,positive_alpha_scaling_without_clipping,1.0,0,
coarse_grid,4.799999999999999,8.1,4299.801074892428,0.45414769016419326,positive_alpha_scaling_without_clipping,1.0,0,
coarse_grid,4.799999999999999,8.6,4299.259766672279,0.45431657143170545,positive_alpha_scaling_without_clipping,1.0,0,
coarse_grid,4.799999999999999,8.851673390820459,4293.532102097522,0.45511149831132247,positive_alpha_scaling_without_clipping,1.0,0,
coarse_grid,4.799999999999999,9.1,4293.572040128031,0.4551080092290583,positive_alpha_scaling_without_clipping,1.0,0,
coarse_grid,4.799999999999999,9.6,4304.861052847962,0.4532916744321182,positive_alpha_scaling_without_clipping,1.0,0,
coarse_grid,4.799999999999999,10.1,4294.232119762975,0.45503041161004765,positive_alpha_scaling_without_clipping,1.0,0,
coarse_grid,4.799999999999999,10.13972437969778,4289.262024783105,0.4557959394835797,positive_alpha_scaling_without_clipping,1.0,0,
coarse_grid,4.799999999999999,10.6,4284.634654507313,0.4567439948988479,positive_alpha_scaling_without_clipping,1.0,0,
coarse_grid,4.799999999999999,11.1,4281.792907236628,0.45694020350159553,positive_alpha_scaling_without_clipping,1.0,0,
coarse_grid,4.799999999999999,11.6,4294.640515537248,0.4548578054074393,positive_alpha_scaling_without_clipping,1.0,0,
coarse_grid,4.799999999999999,11.615206069720077,4287.795748131754,0.45605211438309,positive_alpha_scaling_without_clipping,1.0,0,
coarse_grid,4.799999999999999,12.1,4293.236289560314,0.4550865517560321,positive_alpha_scaling_without_clipping,1.0,0,
coarse_grid,4.799999999999999,12.6,4277.343404050463,0.45737438750020293,positive_alpha_scaling_without_clipping,1.0,0,
coarse_grid,4.799999999999999,13.1,4294.712920047509,0.454712485092793,positive_alpha_scaling_without_clipping,1.0,0,
coarse_grid,4.799999999999999,13.305392433761932,4306.374727002012,0.4529449661196576,positive_alpha_scaling_without_clipping,1.0,0,
coarse_grid,4.799999999999999,13.6,4276.813916992732,0.4577043868814634,positive_alpha_scaling_without_clipping,1.0,0,
coarse_grid,4.799999999999999,14.1,4286.740516092647,0.45577441062624685,positive_alpha_scaling_without_clipping,1.0,0,
coarse_grid,4.799999999999999,14.6,4293.0745184611,0.45506022763195936,positive_alpha_scaling_without_clipping,1.0,0,
coarse_grid,4.799999999999999,15.1,4286.810987112211,0.45598275157187124,positive_alpha_scaling_without_clipping,1.0,0,
coarse_grid,4.799999999999999,15.241526216045477,4287.352449058663,0.45590787294234153,positive_alpha_scaling_without_clipping,1.0,0,
coarse_grid,4.799999999999999,15.6,4285.72180441715,0.456253935079778,positive_alpha_scaling_without_clipping,1.0,0,
coarse_grid,4.799999999999999,16.1,4286.411207160803,0.45605402032526926,positive_alpha_scaling_without_clipping,1.0,0,
coarse_grid,4.799999999999999,16.6,4284.710096390411,0.4561524587592249,positive_alpha_scaling_without_clipping,1.0,0,
coarse_grid,4.799999999999999,17.1,4283.567383467185,0.4561079046675835,positive_alpha_scaling_without_clipping,1.0,0,
coarse_grid,4.799999999999999,17.459396447784496,4290.960681925108,0.45511177853902024,positive_alpha_scaling_without_clipping,1.0,0,
coarse_grid,4.799999999999999,17.6,4286.302469235924,0.45605932396170196,positive_alpha_scaling_without_clipping,1.0,0,
coarse_grid,4.799999999999999,18.1,4282.428361431885,0.45651696318734075,positive_alpha_scaling_without_clipping,1.0,0,
coarse_grid,4.799999999999999,18.6,4282.42194654715,0.45627347538190205,positive_alpha_scaling_without_clipping,1.0,0,
coarse_grid,4.799999999999999,19.1,4288.953527673401,0.45540846182374023,positive_alpha_scaling_without_clipping,1.0,0,
coarse_grid,4.799999999999999,19.6,4284.5978181229975,0.456083438718714,positive_alpha_scaling_without_clipping,1.0,0,
coarse_grid,4.799999999999999,20.000000000000004,4282.938293371158,0.4562273829273476,positive_alpha_scaling_without_clipping,1.0,0,
coarse_grid,4.999999999999999,0.1,18356.609106766995,-1.8144800855853334,evaluated,,20368,
coarse_grid,4.999999999999999,0.11455149701087121,18356.579523863424,-1.8144775489296885,evaluated,,20368,
coarse_grid,4.999999999999999,0.13122045467431637,18356.554255678206,-1.8144753822497173,evaluated,,20368,
coarse_grid,4.999999999999999,0.1503149952139011,18356.532621636747,-1.8144735271879497,evaluated,,20368,
coarse_grid,4.999999999999999,0.17218807724934312,18357.258498204803,-1.814626306807409,evaluated,,20367,
coarse_grid,4.999999999999999,0.1972440201633579,18357.2136768179,-1.8146224634921708,evaluated,,20367,
coarse_grid,4.999999999999999,0.22594597786155107,18355.707078581047,-1.8144051153894794,evaluated,,20366,
coarse_grid,4.999999999999999,0.2588245000762584,18355.401343458438,-1.8143450306877018,evaluated,,20365,
coarse_grid,4.999999999999999,0.29648733946825756,18355.29620581601,-1.8143243684757941,evaluated,,20365,
coarse_grid,4.999999999999999,0.3396306858085926,18354.27040538575,-1.8142487233343914,evaluated,,20362,
coarse_grid,4.999999999999999,0.3890520349020314,18240.735313928544,-1.8034488190397315,evaluated,,20342,
coarse_grid,4.999999999999999,0.445664930131534,17976.394804372834,-1.7744610294949414,evaluated,,20234,
coarse_grid,4.999999999999999,0.5105158491181254,17467.745875509194,-1.5992442248410184,evaluated,,19801,
coarse_grid,4.999999999999999,0.5848035476425733,16112.803672519076,-1.2146260539717384,evaluated,,18794,
coarse_grid,4.999999999999999,0.6,15439.30112684638,-1.0644922440784066,evaluated,,18424,
coarse_grid,4.999999999999999,0.669901218397251,14021.507820874527,-0.8272219526971676,evaluated,,16821,
coarse_grid,4.999999999999999,0.7673818741681168,10911.34362744642,-0.44073348697392395,evaluated,,11230,
coarse_grid,4.999999999999999,0.8790474246496578,5276.207509905552,0.29922593326188107,evaluated,,4756,
coarse_grid,4.999999999999999,1.0069619843716933,4745.707608288633,0.3910031736517781,evaluated,,2629,
coarse_grid,4.999999999999999,1.1,4517.16411992231,0.416845285748834,evaluated,,1164,
coarse_grid,4.999999999999999,1.1534900274281497,4360.623564450542,0.4452973675149819,evaluated,,694,
coarse_grid,4.999999999999999,1.3213400942900544,4284.609402684061,0.4560561429176444,evaluated,,301,
coarse_grid,4.999999999999999,1.5136148586141145,4280.166512878035,0.45745685629793015,evaluated,,118,
coarse_grid,4.999999999999999,1.6,4278.085603261393,0.457974766493179,evaluated,,36,
coarse_grid,4.999999999999999,1.733868479521449,4279.278766050797,0.45761824543575896,positive_alpha_scaling_without_clipping,1.0,0,
coarse_grid,4.999999999999999,1.9861722994914508,4279.590928470586,0.4575647535876281,positive_alpha_scaling_without_clipping,1.0,0,
coarse_grid,4.999999999999999,2.1,4279.938052705108,0.4575300761672274,positive_alpha_scaling_without_clipping,1.0,0,
coarse_grid,4.999999999999999,2.2751901022827012,4280.457723374861,0.45744965636322155,positive_alpha_scaling_without_clipping,1.0,0,
coarse_grid,4.999999999999999,2.6,4285.525906623555,0.4569176736104317,positive_alpha_scaling_without_clipping,1.0,0,
coarse_grid,4.999999999999999,2.6062643220080064,4278.958226631222,0.4576144794442664,positive_alpha_scaling_without_clipping,1.0,0,
coarse_grid,4.999999999999999,2.9855147969204046,4274.944389372485,0.458440442279749,positive_alpha_scaling_without_clipping,1.0,0,
coarse_grid,4.999999999999999,3.1,4278.774535507005,0.4579109253182358,positive_alpha_scaling_without_clipping,1.0,0,
coarse_grid,4.999999999999999,3.419951893353395,4282.758692683114,0.4572317625167204,positive_alpha_scaling_without_clipping,1.0,0,
coarse_grid,4.999999999999999,3.6,4277.474402823668,0.4577682016502607,positive_alpha_scaling_without_clipping,1.0,0,
coarse_grid,4.999999999999999,3.9176060908879475,4282.161417961543,0.4573231622657426,positive_alpha_scaling_without_clipping,1.0,0,
coarse_grid,4.999999999999999,4.1,4282.185771454333,0.4573167973607768,positive_alpha_scaling_without_clipping,1.0,0,
coarse_grid,4.999999999999999,4.487676424101213,4277.435490727287,0.4580878705239906,positive_alpha_scaling_without_clipping,1.0,0,
coarse_grid,4.999999999999999,4.6,4287.843653680927,0.456509171060621,positive_alpha_scaling_without_clipping,1.0,0,
coarse_grid,4.999999999999999,5.1,4297.745335920392,0.45449276672944605,positive_alpha_scaling_without_clipping,1.0,0,
coarse_grid,4.999999999999999,5.140700524811874,4287.39414264901,0.45620015218349846,positive_alpha_scaling_without_clipping,1.0,0,
coarse_grid,4.999999999999999,5.6,4288.724991363954,0.45597261686711876,positive_alpha_scaling_without_clipping,1.0,0,
coarse_grid,4.999999999999999,5.8887494080177145,4299.123853922742,0.4544513776523879,positive_alpha_scaling_without_clipping,1.0,0,
coarse_grid,4.999999999999999,6.1,4287.537600018765,0.4560465524026898,positive_alpha_scaling_without_clipping,1.0,0,
coarse_grid,4.999999999999999,6.6,4287.916938348158,0.45601677181947764,positive_alpha_scaling_without_clipping,1.0,0,
coarse_grid,4.999999999999999,6.745650602103109,4302.426509561897,0.4539520665435803,positive_alpha_scaling_without_clipping,1.0,0,
coarse_grid,4.999999999999999,7.1,4300.950714892008,0.4539189606883424,positive_alpha_scaling_without_clipping,1.0,0,
coarse_grid,4.999999999999999,7.6,4286.25857189354,0.45621491942158166,positive_alpha_scaling_without_clipping,1.0,0,
coarse_grid,4.999999999999999,7.727243747831959,4299.787285983605,0.4541504000343166,positive_alpha_scaling_without_clipping,1.0,0,
coarse_grid,4.999999999999999,8.1,4299.801074892428,0.45414769016419326,positive_alpha_scaling_without_clipping,1.0,0,
coarse_grid,4.999999999999999,8.6,4299.259766672279,0.45431657143170545,positive_alpha_scaling_without_clipping,1.0,0,
coarse_grid,4.999999999999999,8.851673390820459,4293.532102097522,0.45511149831132247,positive_alpha_scaling_without_clipping,1.0,0,
coarse_grid,4.999999999999999,9.1,4293.572040128031,0.4551080092290583,positive_alpha_scaling_without_clipping,1.0,0,
coarse_grid,4.999999999999999,9.6,4304.861052847962,0.4532916744321182,positive_alpha_scaling_without_clipping,1.0,0,
coarse_grid,4.999999999999999,10.1,4294.232119762975,0.45503041161004765,positive_alpha_scaling_without_clipping,1.0,0,
coarse_grid,4.999999999999999,10.13972437969778,4289.262024783105,0.4557959394835797,positive_alpha_scaling_without_clipping,1.0,0,
coarse_grid,4.999999999999999,10.6,4284.634654507313,0.4567439948988479,positive_alpha_scaling_without_clipping,1.0,0,
coarse_grid,4.999999999999999,11.1,4281.792907236628,0.45694020350159553,positive_alpha_scaling_without_clipping,1.0,0,
coarse_grid,4.999999999999999,11.6,4294.640515537248,0.4548578054074393,positive_alpha_scaling_without_clipping,1.0,0,
coarse_grid,4.999999999999999,11.615206069720077,4287.795748131754,0.45605211438309,positive_alpha_scaling_without_clipping,1.0,0,
coarse_grid,4.999999999999999,12.1,4293.236289560314,0.4550865517560321,positive_alpha_scaling_without_clipping,1.0,0,
coarse_grid,4.999999999999999,12.6,4277.343404050463,0.45737438750020293,positive_alpha_scaling_without_clipping,1.0,0,
coarse_grid,4.999999999999999,13.1,4294.712920047509,0.454712485092793,positive_alpha_scaling_without_clipping,1.0,0,
coarse_grid,4.999999999999999,13.305392433761932,4306.374727002012,0.4529449661196576,positive_alpha_scaling_without_clipping,1.0,0,
coarse_grid,4.999999999999999,13.6,4276.813916992732,0.4577043868814634,positive_alpha_scaling_without_clipping,1.0,0,
coarse_grid,4.999999999999999,14.1,4286.740516092647,0.45577441062624685,positive_alpha_scaling_without_clipping,1.0,0,
coarse_grid,4.999999999999999,14.6,4293.0745184611,0.45506022763195936,positive_alpha_scaling_without_clipping,1.0,0,
coarse_grid,4.999999999999999,15.1,4286.810987112211,0.45598275157187124,positive_alpha_scaling_without_clipping,1.0,0,
coarse_grid,4.999999999999999,15.241526216045477,4287.352449058663,0.45590787294234153,positive_alpha_scaling_without_clipping,1.0,0,
coarse_grid,4.999999999999999,15.6,4285.72180441715,0.456253935079778,positive_alpha_scaling_without_clipping,1.0,0,
coarse_grid,4.999999999999999,16.1,4286.411207160803,0.45605402032526926,positive_alpha_scaling_without_clipping,1.0,0,
coarse_grid,4.999999999999999,16.6,4284.710096390411,0.4561524587592249,positive_alpha_scaling_without_clipping,1.0,0,
coarse_grid,4.999999999999999,17.1,4283.567383467185,0.4561079046675835,positive_alpha_scaling_without_clipping,1.0,0,
coarse_grid,4.999999999999999,17.459396447784496,4290.960681925108,0.45511177853902024,positive_alpha_scaling_without_clipping,1.0,0,
coarse_grid,4.999999999999999,17.6,4286.302469235924,0.45605932396170196,positive_alpha_scaling_without_clipping,1.0,0,
coarse_grid,4.999999999999999,18.1,4282.428361431885,0.45651696318734075,positive_alpha_scaling_without_clipping,1.0,0,
coarse_grid,4.999999999999999,18.6,4282.42194654715,0.45627347538190205,positive_alpha_scaling_without_clipping,1.0,0,
coarse_grid,4.999999999999999,19.1,4288.953527673401,0.45540846182374023,positive_alpha_scaling_without_clipping,1.0,0,
coarse_grid,4.999999999999999,19.6,4284.5978181229975,0.456083438718714,positive_alpha_scaling_without_clipping,1.0,0,
coarse_grid,4.999999999999999,20.000000000000004,4282.938293371158,0.4562273829273476,positive_alpha_scaling_without_clipping,1.0,0,
coarse_grid,5.199999999999999,0.1,18356.61856299982,-1.8144808964322579,evaluated,,20368,
coarse_grid,5.199999999999999,0.11455149701087121,18356.587587906302,-1.8144782404000115,evaluated,,20368,
coarse_grid,5.199999999999999,0.13122045467431637,18356.5611498159,-1.8144759734037688,evaluated,,20368,
coarse_grid,5.199999999999999,0.1503149952139011,18356.53852910717,-1.8144740337378955,evaluated,,20368,
coarse_grid,5.199999999999999,0.17218807724934312,18357.27279455485,-1.8146275326815682,evaluated,,20367,
coarse_grid,5.199999999999999,0.1972440201633579,18357.22590961176,-1.814623512421851,evaluated,,20367,
coarse_grid,5.199999999999999,0.22594597786155107,18355.907849803112,-1.8144445720240328,evaluated,,20366,
coarse_grid,5.199999999999999,0.2588245000762584,18355.459768915036,-1.8143565127709707,evaluated,,20365,
coarse_grid,5.199999999999999,0.29648733946825756,18355.316127634334,-1.8143282836181012,evaluated,,20365,
coarse_grid,5.199999999999999,0.3396306858085926,18355.963972615413,-1.8144569816950693,evaluated,,20363,
coarse_grid,5.199999999999999,0.3890520349020314,18352.37298140694,-1.8138051921129155,evaluated,,20357,
coarse_grid,5.199999999999999,0.445664930131534,18177.806667322246,-1.7953786485230452,evaluated,,20311,
coarse_grid,5.199999999999999,0.5105158491181254,17936.874924832442,-1.715679836662611,evaluated,,19867,
coarse_grid,5.199999999999999,0.5848035476425733,16880.25540651885,-1.382029185382495,evaluated,,19198,
coarse_grid,5.199999999999999,0.6,16466.021401424045,-1.29660529549673,evaluated,,19026,
coarse_grid,5.199999999999999,0.669901218397251,14305.660370221789,-0.8540427830225248,evaluated,,17462,
coarse_grid,5.199999999999999,0.7673818741681168,11680.798431144989,-0.49820806621649955,evaluated,,13136,
coarse_grid,5.199999999999999,0.8790474246496578,7072.054216097294,0.04928974549653383,evaluated,,6453,
coarse_grid,5.199999999999999,1.0069619843716933,4743.477424656631,0.3929068699839302,evaluated,,3150,
coarse_grid,5.199999999999999,1.1,4664.198040759201,0.3981113856360438,evaluated,,1753,
coarse_grid,5.199999999999999,1.1534900274281497,4508.459642844548,0.4179760074627499,evaluated,,1067,
coarse_grid,5.199999999999999,1.3213400942900544,4284.216569276589,0.4562088769336384,evaluated,,301,
coarse_grid,5.199999999999999,1.5136148586141145,4275.716454405253,0.458212515570418,evaluated,,204,
coarse_grid,5.199999999999999,1.6,4277.881497621742,0.45799252330504564,evaluated,,109,
coarse_grid,5.199999999999999,1.733868479521449,4279.278766050797,0.45761824543575896,positive_alpha_scaling_without_clipping,1.0,0,
coarse_grid,5.199999999999999,1.9861722994914508,4279.590928470586,0.4575647535876281,positive_alpha_scaling_without_clipping,1.0,0,
coarse_grid,5.199999999999999,2.1,4279.938052705108,0.4575300761672274,positive_alpha_scaling_without_clipping,1.0,0,
coarse_grid,5.199999999999999,2.2751901022827012,4280.457723374861,0.45744965636322155,positive_alpha_scaling_without_clipping,1.0,0,
coarse_grid,5.199999999999999,2.6,4285.525906623555,0.4569176736104317,positive_alpha_scaling_without_clipping,1.0,0,
coarse_grid,5.199999999999999,2.6062643220080064,4278.958226631222,0.4576144794442664,positive_alpha_scaling_without_clipping,1.0,0,
coarse_grid,5.199999999999999,2.9855147969204046,4274.944389372485,0.458440442279749,positive_alpha_scaling_without_clipping,1.0,0,
coarse_grid,5.199999999999999,3.1,4278.774535507005,0.4579109253182358,positive_alpha_scaling_without_clipping,1.0,0,
coarse_grid,5.199999999999999,3.419951893353395,4282.758692683114,0.4572317625167204,positive_alpha_scaling_without_clipping,1.0,0,
coarse_grid,5.199999999999999,3.6,4277.474402823668,0.4577682016502607,positive_alpha_scaling_without_clipping,1.0,0,
coarse_grid,5.199999999999999,3.9176060908879475,4282.161417961543,0.4573231622657426,positive_alpha_scaling_without_clipping,1.0,0,
coarse_grid,5.199999999999999,4.1,4282.185771454333,0.4573167973607768,positive_alpha_scaling_without_clipping,1.0,0,
coarse_grid,5.199999999999999,4.487676424101213,4277.435490727287,0.4580878705239906,positive_alpha_scaling_without_clipping,1.0,0,
coarse_grid,5.199999999999999,4.6,4287.843653680927,0.456509171060621,positive_alpha_scaling_without_clipping,1.0,0,
coarse_grid,5.199999999999999,5.1,4297.745335920392,0.45449276672944605,positive_alpha_scaling_without_clipping,1.0,0,
coarse_grid,5.199999999999999,5.140700524811874,4287.39414264901,0.45620015218349846,positive_alpha_scaling_without_clipping,1.0,0,
coarse_grid,5.199999999999999,5.6,4288.724991363954,0.45597261686711876,positive_alpha_scaling_without_clipping,1.0,0,
coarse_grid,5.199999999999999,5.8887494080177145,4299.123853922742,0.4544513776523879,positive_alpha_scaling_without_clipping,1.0,0,
coarse_grid,5.199999999999999,6.1,4287.537600018765,0.4560465524026898,positive_alpha_scaling_without_clipping,1.0,0,
coarse_grid,5.199999999999999,6.6,4287.916938348158,0.45601677181947764,positive_alpha_scaling_without_clipping,1.0,0,
coarse_grid,5.199999999999999,6.745650602103109,4302.426509561897,0.4539520665435803,positive_alpha_scaling_without_clipping,1.0,0,
coarse_grid,5.199999999999999,7.1,4300.950714892008,0.4539189606883424,positive_alpha_scaling_without_clipping,1.0,0,
coarse_grid,5.199999999999999,7.6,4286.25857189354,0.45621491942158166,positive_alpha_scaling_without_clipping,1.0,0,
coarse_grid,5.199999999999999,7.727243747831959,4299.787285983605,0.4541504000343166,positive_alpha_scaling_without_clipping,1.0,0,
coarse_grid,5.199999999999999,8.1,4299.801074892428,0.45414769016419326,positive_alpha_scaling_without_clipping,1.0,0,
coarse_grid,5.199999999999999,8.6,4299.259766672279,0.45431657143170545,positive_alpha_scaling_without_clipping,1.0,0,
coarse_grid,5.199999999999999,8.851673390820459,4293.532102097522,0.45511149831132247,positive_alpha_scaling_without_clipping,1.0,0,
coarse_grid,5.199999999999999,9.1,4293.572040128031,0.4551080092290583,positive_alpha_scaling_without_clipping,1.0,0,
coarse_grid,5.199999999999999,9.6,4304.861052847962,0.4532916744321182,positive_alpha_scaling_without_clipping,1.0,0,
coarse_grid,5.199999999999999,10.1,4294.232119762975,0.45503041161004765,positive_alpha_scaling_without_clipping,1.0,0,
coarse_grid,5.199999999999999,10.13972437969778,4289.262024783105,0.4557959394835797,positive_alpha_scaling_without_clipping,1.0,0,
coarse_grid,5.199999999999999,10.6,4284.634654507313,0.4567439948988479,positive_alpha_scaling_without_clipping,1.0,0,
coarse_grid,5.199999999999999,11.1,4281.792907236628,0.45694020350159553,positive_alpha_scaling_without_clipping,1.0,0,
coarse_grid,5.199999999999999,11.6,4294.640515537248,0.4548578054074393,positive_alpha_scaling_without_clipping,1.0,0,
coarse_grid,5.199999999999999,11.615206069720077,4287.795748131754,0.45605211438309,positive_alpha_scaling_without_clipping,1.0,0,
coarse_grid,5.199999999999999,12.1,4293.236289560314,0.4550865517560321,positive_alpha_scaling_without_clipping,1.0,0,
coarse_grid,5.199999999999999,12.6,4277.343404050463,0.45737438750020293,positive_alpha_scaling_without_clipping,1.0,0,
coarse_grid,5.199999999999999,13.1,4294.712920047509,0.454712485092793,positive_alpha_scaling_without_clipping,1.0,0,
coarse_grid,5.199999999999999,13.305392433761932,4306.374727002012,0.4529449661196576,positive_alpha_scaling_without_clipping,1.0,0,
coarse_grid,5.199999999999999,13.6,4276.813916992732,0.4577043868814634,positive_alpha_scaling_without_clipping,1.0,0,
coarse_grid,5.199999999999999,14.1,4286.740516092647,0.45577441062624685,positive_alpha_scaling_without_clipping,1.0,0,
coarse_grid,5.199999999999999,14.6,4293.0745184611,0.45506022763195936,positive_alpha_scaling_without_clipping,1.0,0,
coarse_grid,5.199999999999999,15.1,4286.810987112211,0.45598275157187124,positive_alpha_scaling_without_clipping,1.0,0,
coarse_grid,5.199999999999999,15.241526216045477,4287.352449058663,0.45590787294234153,positive_alpha_scaling_without_clipping,1.0,0,
coarse_grid,5.199999999999999,15.6,4285.72180441715,0.456253935079778,positive_alpha_scaling_without_clipping,1.0,0,
coarse_grid,5.199999999999999,16.1,4286.411207160803,0.45605402032526926,positive_alpha_scaling_without_clipping,1.0,0,
coarse_grid,5.199999999999999,16.6,4284.710096390411,0.4561524587592249,positive_alpha_scaling_without_clipping,1.0,0,
coarse_grid,5.199999999999999,17.1,4283.567383467185,0.4561079046675835,positive_alpha_scaling_without_clipping,1.0,0,
coarse_grid,5.199999999999999,17.459396447784496,4290.960681925108,0.45511177853902024,positive_alpha_scaling_without_clipping,1.0,0,
coarse_grid,5.199999999999999,17.6,4286.302469235924,0.45605932396170196,positive_alpha_scaling_without_clipping,1.0,0,
coarse_grid,5.199999999999999,18.1,4282.428361431885,0.45651696318734075,positive_alpha_scaling_without_clipping,1.0,0,
coarse_grid,5.199999999999999,18.6,4282.42194654715,0.45627347538190205,positive_alpha_scaling_without_clipping,1.0,0,
coarse_grid,5.199999999999999,19.1,4288.953527673401,0.45540846182374023,positive_alpha_scaling_without_clipping,1.0,0,
coarse_grid,5.199999999999999,19.6,4284.5978181229975,0.456083438718714,positive_alpha_scaling_without_clipping,1.0,0,
coarse_grid,5.199999999999999,20.000000000000004,4282.938293371158,0.4562273829273476,positive_alpha_scaling_without_clipping,1.0,0,
coarse_grid,5.399999999999999,0.1,18356.628086763612,-1.8144817130697835,evaluated,,20368,
coarse_grid,5.399999999999999,0.11455149701087121,18356.595703412928,-1.8144789362832145,evaluated,,20368,
coarse_grid,5.399999999999999,0.13122045467431637,18356.568083172897,-1.814476567920771,evaluated,,20368,
coarse_grid,5.399999999999999,0.1503149952139011,18356.544466465693,-1.8144745428506663,evaluated,,20368,
coarse_grid,5.399999999999999,0.17218807724934312,18357.287178425107,-1.8146287660603537,evaluated,,20367,
coarse_grid,5.399999999999999,0.1972440201633579,18357.238209102696,-1.8146245670706296,evaluated,,20367,
coarse_grid,5.399999999999999,0.22594597786155107,18356.198104433584,-1.8145016144166846,evaluated,,20366,
coarse_grid,5.399999999999999,0.2588245000762584,18355.537397695076,-1.8143717687940868,evaluated,,20365,
coarse_grid,5.399999999999999,0.29648733946825756,18355.34199283072,-1.8143333667848562,evaluated,,20365,
coarse_grid,5.399999999999999,0.3396306858085926,18355.96513133329,-1.8144570810520593,evaluated,,20363,
coarse_grid,5.399999999999999,0.3890520349020314,18352.841336433903,-1.8139413242110642,evaluated,,20360,
coarse_grid,5.399999999999999,0.445664930131534,18234.58890910586,-1.8028796872381667,evaluated,,20338,
coarse_grid,5.399999999999999,0.5105158491181254,17744.944596228965,-1.7335336243162,evaluated,,20087,
coarse_grid,5.399999999999999,0.5848035476425733,17025.02363375464,-1.412430947384965,evaluated,,19238,
coarse_grid,5.399999999999999,0.6,16938.1014783399,-1.3925469228865213,evaluated,,19204,
coarse_grid,5.399999999999999,0.669901218397251,15239.842307008672,-1.0381446411527802,evaluated,,18236,
coarse_grid,5.399999999999999,0.7673818741681168,12740.411344345985,-0.6399291881978459,evaluated,,14933,
coarse_grid,5.399999999999999,0.8790474246496578,9333.52255771297,-0.26762957201649995,evaluated,,8656,
coarse_grid,5.399999999999999,1.0069619843716933,4845.287609751912,0.3705405467516167,evaluated,,3866,
coarse_grid,5.399999999999999,1.1,4740.8941187550545,0.39153884342188844,evaluated,,2446,
coarse_grid,5.399999999999999,1.1534900274281497,4652.441696339748,0.39795500505477693,evaluated,,1589,
coarse_grid,5.399999999999999,1.3213400942900544,4271.747525416835,0.4582853783649776,evaluated,,331,
coarse_grid,5.399999999999999,1.5136148586141145,4287.281775367035,0.45618052891341715,evaluated,,272,
coarse_grid,5.399999999999999,1.6,4281.097023638981,0.4573438687516426,evaluated,,163,
coarse_grid,5.399999999999999,1.733868479521449,4278.765213689706,0.45772260499207545,evaluated,,25,
coarse_grid,5.399999999999999,1.9861722994914508,4279.590928470586,0.4575647535876281,positive_alpha_scaling_without_clipping,1.0,0,
coarse_grid,5.399999999999999,2.1,4279.938052705108,0.4575300761672274,positive_alpha_scaling_without_clipping,1.0,0,
coarse_grid,5.399999999999999,2.2751901022827012,4280.457723374861,0.45744965636322155,positive_alpha_scaling_without_clipping,1.0,0,
coarse_grid,5.399999999999999,2.6,4285.525906623555,0.4569176736104317,positive_alpha_scaling_without_clipping,1.0,0,
coarse_grid,5.399999999999999,2.6062643220080064,4278.958226631222,0.4576144794442664,positive_alpha_scaling_without_clipping,1.0,0,
coarse_grid,5.399999999999999,2.9855147969204046,4274.944389372485,0.458440442279749,positive_alpha_scaling_without_clipping,1.0,0,
coarse_grid,5.399999999999999,3.1,4278.774535507005,0.4579109253182358,positive_alpha_scaling_without_clipping,1.0,0,
coarse_grid,5.399999999999999,3.419951893353395,4282.758692683114,0.4572317625167204,positive_alpha_scaling_without_clipping,1.0,0,
coarse_grid,5.399999999999999,3.6,4277.474402823668,0.4577682016502607,positive_alpha_scaling_without_clipping,1.0,0,
coarse_grid,5.399999999999999,3.9176060908879475,4282.161417961543,0.4573231622657426,positive_alpha_scaling_without_clipping,1.0,0,
coarse_grid,5.399999999999999,4.1,4282.185771454333,0.4573167973607768,positive_alpha_scaling_without_clipping,1.0,0,
coarse_grid,5.399999999999999,4.487676424101213,4277.435490727287,0.4580878705239906,positive_alpha_scaling_without_clipping,1.0,0,
coarse_grid,5.399999999999999,4.6,4287.843653680927,0.456509171060621,positive_alpha_scaling_without_clipping,1.0,0,
coarse_grid,5.399999999999999,5.1,4297.745335920392,0.45449276672944605,positive_alpha_scaling_without_clipping,1.0,0,
coarse_grid,5.399999999999999,5.140700524811874,4287.39414264901,0.45620015218349846,positive_alpha_scaling_without_clipping,1.0,0,
coarse_grid,5.399999999999999,5.6,4288.724991363954,0.45597261686711876,positive_alpha_scaling_without_clipping,1.0,0,
coarse_grid,5.399999999999999,5.8887494080177145,4299.123853922742,0.4544513776523879,positive_alpha_scaling_without_clipping,1.0,0,
coarse_grid,5.399999999999999,6.1,4287.537600018765,0.4560465524026898,positive_alpha_scaling_without_clipping,1.0,0,
coarse_grid,5.399999999999999,6.6,4287.916938348158,0.45601677181947764,positive_alpha_scaling_without_clipping,1.0,0,
coarse_grid,5.399999999999999,6.745650602103109,4302.426509561897,0.4539520665435803,positive_alpha_scaling_without_clipping,1.0,0,
coarse_grid,5.399999999999999,7.1,4300.950714892008,0.4539189606883424,positive_alpha_scaling_without_clipping,1.0,0,
coarse_grid,5.399999999999999,7.6,4286.25857189354,0.45621491942158166,positive_alpha_scaling_without_clipping,1.0,0,
coarse_grid,5.399999999999999,7.727243747831959,4299.787285983605,0.4541504000343166,positive_alpha_scaling_without_clipping,1.0,0,
coarse_grid,5.399999999999999,8.1,4299.801074892428,0.45414769016419326,positive_alpha_scaling_without_clipping,1.0,0,
coarse_grid,5.399999999999999,8.6,4299.259766672279,0.45431657143170545,positive_alpha_scaling_without_clipping,1.0,0,
coarse_grid,5.399999999999999,8.851673390820459,4293.532102097522,0.45511149831132247,positive_alpha_scaling_without_clipping,1.0,0,
coarse_grid,5.399999999999999,9.1,4293.572040128031,0.4551080092290583,positive_alpha_scaling_without_clipping,1.0,0,
coarse_grid,5.399999999999999,9.6,4304.861052847962,0.4532916744321182,positive_alpha_scaling_without_clipping,1.0,0,
coarse_grid,5.399999999999999,10.1,4294.232119762975,0.45503041161004765,positive_alpha_scaling_without_clipping,1.0,0,
coarse_grid,5.399999999999999,10.13972437969778,4289.262024783105,0.4557959394835797,positive_alpha_scaling_without_clipping,1.0,0,
coarse_grid,5.399999999999999,10.6,4284.634654507313,0.4567439948988479,positive_alpha_scaling_without_clipping,1.0,0,
coarse_grid,5.399999999999999,11.1,4281.792907236628,0.45694020350159553,positive_alpha_scaling_without_clipping,1.0,0,
coarse_grid,5.399999999999999,11.6,4294.640515537248,0.4548578054074393,positive_alpha_scaling_without_clipping,1.0,0,
coarse_grid,5.399999999999999,11.615206069720077,4287.795748131754,0.45605211438309,positive_alpha_scaling_without_clipping,1.0,0,
coarse_grid,5.399999999999999,12.1,4293.236289560314,0.4550865517560321,positive_alpha_scaling_without_clipping,1.0,0,
coarse_grid,5.399999999999999,12.6,4277.343404050463,0.45737438750020293,positive_alpha_scaling_without_clipping,1.0,0,
coarse_grid,5.399999999999999,13.1,4294.712920047509,0.454712485092793,positive_alpha_scaling_without_clipping,1.0,0,
coarse_grid,5.399999999999999,13.305392433761932,4306.374727002012,0.4529449661196576,positive_alpha_scaling_without_clipping,1.0,0,
coarse_grid,5.399999999999999,13.6,4276.813916992732,0.4577043868814634,positive_alpha_scaling_without_clipping,1.0,0,
coarse_grid,5.399999999999999,14.1,4286.740516092647,0.45577441062624685,positive_alpha_scaling_without_clipping,1.0,0,
coarse_grid,5.399999999999999,14.6,4293.0745184611,0.45506022763195936,positive_alpha_scaling_without_clipping,1.0,0,
coarse_grid,5.399999999999999,15.1,4286.810987112211,0.45598275157187124,positive_alpha_scaling_without_clipping,1.0,0,
coarse_grid,5.399999999999999,15.241526216045477,4287.352449058663,0.45590787294234153,positive_alpha_scaling_without_clipping,1.0,0,
coarse_grid,5.399999999999999,15.6,4285.72180441715,0.456253935079778,positive_alpha_scaling_without_clipping,1.0,0,
coarse_grid,5.399999999999999,16.1,4286.411207160803,0.45605402032526926,positive_alpha_scaling_without_clipping,1.0,0,
coarse_grid,5.399999999999999,16.6,4284.710096390411,0.4561524587592249,positive_alpha_scaling_without_clipping,1.0,0,
coarse_grid,5.399999999999999,17.1,4283.567383467185,0.4561079046675835,positive_alpha_scaling_without_clipping,1.0,0,
coarse_grid,5.399999999999999,17.459396447784496,4290.960681925108,0.45511177853902024,positive_alpha_scaling_without_clipping,1.0,0,
coarse_grid,5.399999999999999,17.6,4286.302469235924,0.45605932396170196,positive_alpha_scaling_without_clipping,1.0,0,
coarse_grid,5.399999999999999,18.1,4282.428361431885,0.45651696318734075,positive_alpha_scaling_without_clipping,1.0,0,
coarse_grid,5.399999999999999,18.6,4282.42194654715,0.45627347538190205,positive_alpha_scaling_without_clipping,1.0,0,
coarse_grid,5.399999999999999,19.1,4288.953527673401,0.45540846182374023,positive_alpha_scaling_without_clipping,1.0,0,
coarse_grid,5.399999999999999,19.6,4284.5978181229975,0.456083438718714,positive_alpha_scaling_without_clipping,1.0,0,
coarse_grid,5.399999999999999,20.000000000000004,4282.938293371158,0.4562273829273476,positive_alpha_scaling_without_clipping,1.0,0,
coarse_grid,5.599999999999999,0.1,18355.85985718318,-1.8143253117456914,evaluated,,20369,
coarse_grid,5.599999999999999,0.11455149701087121,18356.6038703833,-1.8144796365792975,evaluated,,20368,
coarse_grid,5.599999999999999,0.13122045467431637,18356.575055749192,-1.814477165800725,evaluated,,20368,
coarse_grid,5.599999999999999,0.1503149952139011,18356.550433712313,-1.8144750545262625,evaluated,,20368,
coarse_grid,5.599999999999999,0.17218807724934312,18357.301649815574,-1.8146300069437657,evaluated,,20367,
coarse_grid,5.599999999999999,0.1972440201633579,18357.250575290713,-1.814625627438506,evaluated,,20367,
coarse_grid,5.599999999999999,0.22594597786155107,18357.206893958693,-1.8146218818799553,evaluated,,20367,
coarse_grid,5.599999999999999,0.2588245000762584,18355.640919443784,-1.8143921134419163,evaluated,,20365,
coarse_grid,5.599999999999999,0.29648733946825756,18355.375314237648,-1.8143399152859931,evaluated,,20365,
coarse_grid,5.599999999999999,0.3396306858085926,18355.287242966275,-1.81432260704862,evaluated,,20365,
coarse_grid,5.599999999999999,0.3890520349020314,18353.3470036811,-1.814005305477129,evaluated,,20361,
coarse_grid,5.599999999999999,0.445664930131534,18238.71118685215,-1.803261391051958,evaluated,,20341,
coarse_grid,5.599999999999999,0.5105158491181254,17893.930199525297,-1.7584100380017487,evaluated,,20228,
coarse_grid,5.599999999999999,0.5848035476425733,17378.790696276512,-1.5801608447632125,evaluated,,19781,
coarse_grid,5.599999999999999,0.6,17475.00156230679,-1.5114590316064265,evaluated,,19323,
coarse_grid,5.599999999999999,0.669901218397251,15439.247926495116,-1.0644876848077238,evaluated,,18424,
coarse_grid,5.599999999999999,0.7673818741681168,13036.75416776172,-0.6645343196203953,evaluated,,15651,
coarse_grid,5.599999999999999,0.8790474246496578,9875.061772315186,-0.31105801255366533,evaluated,,9791,
coarse_grid,5.599999999999999,1.0069619843716933,5094.060663914017,0.3244276732713592,evaluated,,4435,
coarse_grid,5.599999999999999,1.1,4756.245098665789,0.39168694408835875,evaluated,,2976,
coarse_grid,5.599999999999999,1.1534900274281497,4743.165822872208,0.3887289019671893,evaluated,,2231,
coarse_grid,5.599999999999999,1.3213400942900544,4295.592900988936,0.4553070872766367,evaluated,,495,
coarse_grid,5.599999999999999,1.5136148586141145,4277.305205930569,0.4577032907786487,evaluated,,299,
coarse_grid,5.599999999999999,1.6,4291.536923443923,0.4553786541058746,evaluated,,247,
coarse_grid,5.599999999999999,1.733868479521449,4279.321124983829,0.4576147425004072,evaluated,,97,
coarse_grid,5.599999999999999,1.9861722994914508,4279.590928470586,0.4575647535876281,positive_alpha_scaling_without_clipping,1.0,0,
coarse_grid,5.599999999999999,2.1,4279.938052705108,0.4575300761672274,positive_alpha_scaling_without_clipping,1.0,0,
coarse_grid,5.599999999999999,2.2751901022827012,4280.457723374861,0.45744965636322155,positive_alpha_scaling_without_clipping,1.0,0,
coarse_grid,5.599999999999999,2.6,4285.525906623555,0.4569176736104317,positive_alpha_scaling_without_clipping,1.0,0,
coarse_grid,5.599999999999999,2.6062643220080064,4278.958226631222,0.4576144794442664,positive_alpha_scaling_without_clipping,1.0,0,
coarse_grid,5.599999999999999,2.9855147969204046,4274.944389372485,0.458440442279749,positive_alpha_scaling_without_clipping,1.0,0,
coarse_grid,5.599999999999999,3.1,4278.774535507005,0.4579109253182358,positive_alpha_scaling_without_clipping,1.0,0,
coarse_grid,5.599999999999999,3.419951893353395,4282.758692683114,0.4572317625167204,positive_alpha_scaling_without_clipping,1.0,0,
coarse_grid,5.599999999999999,3.6,4277.474402823668,0.4577682016502607,positive_alpha_scaling_without_clipping,1.0,0,
coarse_grid,5.599999999999999,3.9176060908879475,4282.161417961543,0.4573231622657426,positive_alpha_scaling_without_clipping,1.0,0,
coarse_grid,5.599999999999999,4.1,4282.185771454333,0.4573167973607768,positive_alpha_scaling_without_clipping,1.0,0,
coarse_grid,5.599999999999999,4.487676424101213,4277.435490727287,0.4580878705239906,positive_alpha_scaling_without_clipping,1.0,0,
coarse_grid,5.599999999999999,4.6,4287.843653680927,0.456509171060621,positive_alpha_scaling_without_clipping,1.0,0,
coarse_grid,5.599999999999999,5.1,4297.745335920392,0.45449276672944605,positive_alpha_scaling_without_clipping,1.0,0,
coarse_grid,5.599999999999999,5.140700524811874,4287.39414264901,0.45620015218349846,positive_alpha_scaling_without_clipping,1.0,0,
coarse_grid,5.599999999999999,5.6,4288.724991363954,0.45597261686711876,positive_alpha_scaling_without_clipping,1.0,0,
coarse_grid,5.599999999999999,5.8887494080177145,4299.123853922742,0.4544513776523879,positive_alpha_scaling_without_clipping,1.0,0,
coarse_grid,5.599999999999999,6.1,4287.537600018765,0.4560465524026898,positive_alpha_scaling_without_clipping,1.0,0,
coarse_grid,5.599999999999999,6.6,4287.916938348158,0.45601677181947764,positive_alpha_scaling_without_clipping,1.0,0,
coarse_grid,5.599999999999999,6.745650602103109,4302.426509561897,0.4539520665435803,positive_alpha_scaling_without_clipping,1.0,0,
coarse_grid,5.599999999999999,7.1,4300.950714892008,0.4539189606883424,positive_alpha_scaling_without_clipping,1.0,0,
coarse_grid,5.599999999999999,7.6,4286.25857189354,0.45621491942158166,positive_alpha_scaling_without_clipping,1.0,0,
coarse_grid,5.599999999999999,7.727243747831959,4299.787285983605,0.4541504000343166,positive_alpha_scaling_without_clipping,1.0,0,
coarse_grid,5.599999999999999,8.1,4299.801074892428,0.45414769016419326,positive_alpha_scaling_without_clipping,1.0,0,
coarse_grid,5.599999999999999,8.6,4299.259766672279,0.45431657143170545,positive_alpha_scaling_without_clipping,1.0,0,
coarse_grid,5.599999999999999,8.851673390820459,4293.532102097522,0.45511149831132247,positive_alpha_scaling_without_clipping,1.0,0,
coarse_grid,5.599999999999999,9.1,4293.572040128031,0.4551080092290583,positive_alpha_scaling_without_clipping,1.0,0,
coarse_grid,5.599999999999999,9.6,4304.861052847962,0.4532916744321182,positive_alpha_scaling_without_clipping,1.0,0,
coarse_grid,5.599999999999999,10.1,4294.232119762975,0.45503041161004765,positive_alpha_scaling_without_clipping,1.0,0,
coarse_grid,5.599999999999999,10.13972437969778,4289.262024783105,0.4557959394835797,positive_alpha_scaling_without_clipping,1.0,0,
coarse_grid,5.599999999999999,10.6,4284.634654507313,0.4567439948988479,positive_alpha_scaling_without_clipping,1.0,0,
coarse_grid,5.599999999999999,11.1,4281.792907236628,0.45694020350159553,positive_alpha_scaling_without_clipping,1.0,0,
coarse_grid,5.599999999999999,11.6,4294.640515537248,0.4548578054074393,positive_alpha_scaling_without_clipping,1.0,0,
coarse_grid,5.599999999999999,11.615206069720077,4287.795748131754,0.45605211438309,positive_alpha_scaling_without_clipping,1.0,0,
coarse_grid,5.599999999999999,12.1,4293.236289560314,0.4550865517560321,positive_alpha_scaling_without_clipping,1.0,0,
coarse_grid,5.599999999999999,12.6,4277.343404050463,0.45737438750020293,positive_alpha_scaling_without_clipping,1.0,0,
coarse_grid,5.599999999999999,13.1,4294.712920047509,0.454712485092793,positive_alpha_scaling_without_clipping,1.0,0,
coarse_grid,5.599999999999999,13.305392433761932,4306.374727002012,0.4529449661196576,positive_alpha_scaling_without_clipping,1.0,0,
coarse_grid,5.599999999999999,13.6,4276.813916992732,0.4577043868814634,positive_alpha_scaling_without_clipping,1.0,0,
coarse_grid,5.599999999999999,14.1,4286.740516092647,0.45577441062624685,positive_alpha_scaling_without_clipping,1.0,0,
coarse_grid,5.599999999999999,14.6,4293.0745184611,0.45506022763195936,positive_alpha_scaling_without_clipping,1.0,0,
coarse_grid,5.599999999999999,15.1,4286.810987112211,0.45598275157187124,positive_alpha_scaling_without_clipping,1.0,0,
coarse_grid,5.599999999999999,15.241526216045477,4287.352449058663,0.45590787294234153,positive_alpha_scaling_without_clipping,1.0,0,
coarse_grid,5.599999999999999,15.6,4285.72180441715,0.456253935079778,positive_alpha_scaling_without_clipping,1.0,0,
coarse_grid,5.599999999999999,16.1,4286.411207160803,0.45605402032526926,positive_alpha_scaling_without_clipping,1.0,0,
coarse_grid,5.599999999999999,16.6,4284.710096390411,0.4561524587592249,positive_alpha_scaling_without_clipping,1.0,0,
coarse_grid,5.599999999999999,17.1,4283.567383467185,0.4561079046675835,positive_alpha_scaling_without_clipping,1.0,0,
coarse_grid,5.599999999999999,17.459396447784496,4290.960681925108,0.45511177853902024,positive_alpha_scaling_without_clipping,1.0,0,
coarse_grid,5.599999999999999,17.6,4286.302469235924,0.45605932396170196,positive_alpha_scaling_without_clipping,1.0,0,
coarse_grid,5.599999999999999,18.1,4282.428361431885,0.45651696318734075,positive_alpha_scaling_without_clipping,1.0,0,
coarse_grid,5.599999999999999,18.6,4282.42194654715,0.45627347538190205,positive_alpha_scaling_without_clipping,1.0,0,
coarse_grid,5.599999999999999,19.1,4288.953527673401,0.45540846182374023,positive_alpha_scaling_without_clipping,1.0,0,
coarse_grid,5.599999999999999,19.6,4284.5978181229975,0.456083438718714,positive_alpha_scaling_without_clipping,1.0,0,
coarse_grid,5.599999999999999,20.000000000000004,4282.938293371158,0.4562273829273476,positive_alpha_scaling_without_clipping,1.0,0,
coarse_grid,5.799999999999999,0.1,18355.85985718318,-1.8143253117456914,evaluated,,20369,
coarse_grid,5.799999999999999,0.11455149701087121,18356.612088817415,-1.8144803412882604,evaluated,,20368,
coarse_grid,5.799999999999999,0.13122045467431637,18356.58206754479,-1.8144777670436298,evaluated,,20368,
coarse_grid,5.799999999999999,0.1503149952139011,18356.55643084704,-1.8144755687646847,evaluated,,20368,
coarse_grid,5.799999999999999,0.17218807724934312,18356.53448590419,-1.8144736870439466,evaluated,,20368,
coarse_grid,5.799999999999999,0.1972440201633579,18357.26300817581,-1.8146266935254804,evaluated,,20367,
coarse_grid,5.799999999999999,0.22594597786155107,18357.217536698397,-1.8146227944667022,evaluated,,20367,
coarse_grid,5.799999999999999,0.2588245000762584,18355.762952280154,-1.8144160959877145,evaluated,,20366,
coarse_grid,5.799999999999999,0.29648733946825756,18355.41805722595,-1.8143483153667013,evaluated,,20365,
coarse_grid,5.799999999999999,0.3396306858085926,18355.301938231274,-1.8143254950407066,evaluated,,20365,
coarse_grid,5.799999999999999,0.3890520349020314,18354.674437316793,-1.8143281258507855,evaluated,,20362,
coarse_grid,5.799999999999999,0.445664930131534,18332.14589481645,-1.8119296317710838,evaluated,,20347,
coarse_grid,5.799999999999999,0.5105158491181254,17986.53134611683,-1.7760071475330441,evaluated,,20245,
coarse_grid,5.799999999999999,0.5848035476425733,17675.70458694676,-1.6390616883011153,evaluated,,19810,
coarse_grid,5.799999999999999,0.6,17378.790696276512,-1.5801608447632125,evaluated,,19781,
coarse_grid,5.799999999999999,0.669901218397251,16465.96791869544,-1.2966007094943766,evaluated,,19026,
coarse_grid,5.799999999999999,0.7673818741681168,14185.107631101755,-0.8482585715982097,evaluated,,17148,
coarse_grid,5.799999999999999,0.8790474246496578,11496.951442822936,-0.4951950548125683,evaluated,,12407,
coarse_grid,5.799999999999999,1.0069619843716933,5951.93120960505,0.20023508856327252,evaluated,,5301,
coarse_grid,5.799999999999999,1.1,4812.27160415491,0.37715176837955894,evaluated,,3617,
coarse_grid,5.799999999999999,1.1534900274281497,4763.100024542989,0.3892082926770215,evaluated,,2810,
coarse_grid,5.799999999999999,1.3213400942900544,4386.575160285352,0.4391661733902152,evaluated,,818,
coarse_grid,5.799999999999999,1.5136148586141145,4273.001513633411,0.45843984552622463,evaluated,,301,
coarse_grid,5.799999999999999,1.6,4289.459016426161,0.4555573270448461,evaluated,,290,
coarse_grid,5.799999999999999,1.733868479521449,4278.446006884964,0.45777661234526185,evaluated,,151,
coarse_grid,5.799999999999999,1.9861722994914508,4279.590928470586,0.4575647535876281,positive_alpha_scaling_without_clipping,1.0,0,
coarse_grid,5.799999999999999,2.1,4279.938052705108,0.4575300761672274,positive_alpha_scaling_without_clipping,1.0,0,
coarse_grid,5.799999999999999,2.2751901022827012,4280.457723374861,0.45744965636322155,positive_alpha_scaling_without_clipping,1.0,0,
coarse_grid,5.799999999999999,2.6,4285.525906623555,0.4569176736104317,positive_alpha_scaling_without_clipping,1.0,0,
coarse_grid,5.799999999999999,2.6062643220080064,4278.958226631222,0.4576144794442664,positive_alpha_scaling_without_clipping,1.0,0,
coarse_grid,5.799999999999999,2.9855147969204046,4274.944389372485,0.458440442279749,positive_alpha_scaling_without_clipping,1.0,0,
coarse_grid,5.799999999999999,3.1,4278.774535507005,0.4579109253182358,positive_alpha_scaling_without_clipping,1.0,0,
coarse_grid,5.799999999999999,3.419951893353395,4282.758692683114,0.4572317625167204,positive_alpha_scaling_without_clipping,1.0,0,
coarse_grid,5.799999999999999,3.6,4277.474402823668,0.4577682016502607,positive_alpha_scaling_without_clipping,1.0,0,
coarse_grid,5.799999999999999,3.9176060908879475,4282.161417961543,0.4573231622657426,positive_alpha_scaling_without_clipping,1.0,0,
coarse_grid,5.799999999999999,4.1,4282.185771454333,0.4573167973607768,positive_alpha_scaling_without_clipping,1.0,0,
coarse_grid,5.799999999999999,4.487676424101213,4277.435490727287,0.4580878705239906,positive_alpha_scaling_without_clipping,1.0,0,
coarse_grid,5.799999999999999,4.6,4287.843653680927,0.456509171060621,positive_alpha_scaling_without_clipping,1.0,0,
coarse_grid,5.799999999999999,5.1,4297.745335920392,0.45449276672944605,positive_alpha_scaling_without_clipping,1.0,0,
coarse_grid,5.799999999999999,5.140700524811874,4287.39414264901,0.45620015218349846,positive_alpha_scaling_without_clipping,1.0,0,
coarse_grid,5.799999999999999,5.6,4288.724991363954,0.45597261686711876,positive_alpha_scaling_without_clipping,1.0,0,
coarse_grid,5.799999999999999,5.8887494080177145,4299.123853922742,0.4544513776523879,positive_alpha_scaling_without_clipping,1.0,0,
coarse_grid,5.799999999999999,6.1,4287.537600018765,0.4560465524026898,positive_alpha_scaling_without_clipping,1.0,0,
coarse_grid,5.799999999999999,6.6,4287.916938348158,0.45601677181947764,positive_alpha_scaling_without_clipping,1.0,0,
coarse_grid,5.799999999999999,6.745650602103109,4302.426509561897,0.4539520665435803,positive_alpha_scaling_without_clipping,1.0,0,
coarse_grid,5.799999999999999,7.1,4300.950714892008,0.4539189606883424,positive_alpha_scaling_without_clipping,1.0,0,
coarse_grid,5.799999999999999,7.6,4286.25857189354,0.45621491942158166,positive_alpha_scaling_without_clipping,1.0,0,
coarse_grid,5.799999999999999,7.727243747831959,4299.787285983605,0.4541504000343166,positive_alpha_scaling_without_clipping,1.0,0,
coarse_grid,5.799999999999999,8.1,4299.801074892428,0.45414769016419326,positive_alpha_scaling_without_clipping,1.0,0,
coarse_grid,5.799999999999999,8.6,4299.259766672279,0.45431657143170545,positive_alpha_scaling_without_clipping,1.0,0,
coarse_grid,5.799999999999999,8.851673390820459,4293.532102097522,0.45511149831132247,positive_alpha_scaling_without_clipping,1.0,0,
coarse_grid,5.799999999999999,9.1,4293.572040128031,0.4551080092290583,positive_alpha_scaling_without_clipping,1.0,0,
coarse_grid,5.799999999999999,9.6,4304.861052847962,0.4532916744321182,positive_alpha_scaling_without_clipping,1.0,0,
coarse_grid,5.799999999999999,10.1,4294.232119762975,0.45503041161004765,positive_alpha_scaling_without_clipping,1.0,0,
coarse_grid,5.799999999999999,10.13972437969778,4289.262024783105,0.4557959394835797,positive_alpha_scaling_without_clipping,1.0,0,
coarse_grid,5.799999999999999,10.6,4284.634654507313,0.4567439948988479,positive_alpha_scaling_without_clipping,1.0,0,
coarse_grid,5.799999999999999,11.1,4281.792907236628,0.45694020350159553,positive_alpha_scaling_without_clipping,1.0,0,
coarse_grid,5.799999999999999,11.6,4294.640515537248,0.4548578054074393,positive_alpha_scaling_without_clipping,1.0,0,
coarse_grid,5.799999999999999,11.615206069720077,4287.795748131754,0.45605211438309,positive_alpha_scaling_without_clipping,1.0,0,
coarse_grid,5.799999999999999,12.1,4293.236289560314,0.4550865517560321,positive_alpha_scaling_without_clipping,1.0,0,
coarse_grid,5.799999999999999,12.6,4277.343404050463,0.45737438750020293,positive_alpha_scaling_without_clipping,1.0,0,
coarse_grid,5.799999999999999,13.1,4294.712920047509,0.454712485092793,positive_alpha_scaling_without_clipping,1.0,0,
coarse_grid,5.799999999999999,13.305392433761932,4306.374727002012,0.4529449661196576,positive_alpha_scaling_without_clipping,1.0,0,
coarse_grid,5.799999999999999,13.6,4276.813916992732,0.4577043868814634,positive_alpha_scaling_without_clipping,1.0,0,
coarse_grid,5.799999999999999,14.1,4286.740516092647,0.45577441062624685,positive_alpha_scaling_without_clipping,1.0,0,
coarse_grid,5.799999999999999,14.6,4293.0745184611,0.45506022763195936,positive_alpha_scaling_without_clipping,1.0,0,
coarse_grid,5.799999999999999,15.1,4286.810987112211,0.45598275157187124,positive_alpha_scaling_without_clipping,1.0,0,
coarse_grid,5.799999999999999,15.241526216045477,4287.352449058663,0.45590787294234153,positive_alpha_scaling_without_clipping,1.0,0,
coarse_grid,5.799999999999999,15.6,4285.72180441715,0.456253935079778,positive_alpha_scaling_without_clipping,1.0,0,
coarse_grid,5.799999999999999,16.1,4286.411207160803,0.45605402032526926,positive_alpha_scaling_without_clipping,1.0,0,
coarse_grid,5.799999999999999,16.6,4284.710096390411,0.4561524587592249,positive_alpha_scaling_without_clipping,1.0,0,
coarse_grid,5.799999999999999,17.1,4283.567383467185,0.4561079046675835,positive_alpha_scaling_without_clipping,1.0,0,
coarse_grid,5.799999999999999,17.459396447784496,4290.960681925108,0.45511177853902024,positive_alpha_scaling_without_clipping,1.0,0,
coarse_grid,5.799999999999999,17.6,4286.302469235924,0.45605932396170196,positive_alpha_scaling_without_clipping,1.0,0,
coarse_grid,5.799999999999999,18.1,4282.428361431885,0.45651696318734075,positive_alpha_scaling_without_clipping,1.0,0,
coarse_grid,5.799999999999999,18.6,4282.42194654715,0.45627347538190205,positive_alpha_scaling_without_clipping,1.0,0,
coarse_grid,5.799999999999999,19.1,4288.953527673401,0.45540846182374023,positive_alpha_scaling_without_clipping,1.0,0,
coarse_grid,5.799999999999999,19.6,4284.5978181229975,0.456083438718714,positive_alpha_scaling_without_clipping,1.0,0,
coarse_grid,5.799999999999999,20.000000000000004,4282.938293371158,0.4562273829273476,positive_alpha_scaling_without_clipping,1.0,0,
coarse_grid,5.999999999999999,0.1,18355.85985718318,-1.8143253117456914,evaluated,,20369,
coarse_grid,5.999999999999999,0.11455149701087121,18356.62035871528,-1.8144810504101034,evaluated,,20368,
coarse_grid,5.999999999999999,0.13122045467431637,18356.589118559692,-1.8144783716494866,evaluated,,20368,
coarse_grid,5.999999999999999,0.1503149952139011,18356.562457869863,-1.814476085565932,evaluated,,20368,
coarse_grid,5.999999999999999,0.17218807724934312,18356.53964953854,-1.8144741298119182,evaluated,,20368,
coarse_grid,5.999999999999999,0.1972440201633579,18357.27550775799,-1.8146277653315532,evaluated,,20367,
coarse_grid,5.999999999999999,0.22594597786155107,18357.228230266363,-1.8146237114118386,evaluated,,20367,
coarse_grid,5.999999999999999,0.2588245000762584,18355.954719025176,-1.8144537830142724,evaluated,,20366,
coarse_grid,5.999999999999999,0.29648733946825756,18355.47280360998,-1.8143590744189482,evaluated,,20365,
coarse_grid,5.999999999999999,0.3396306858085926,18355.32052218074,-1.8143291472578682,evaluated,,20365,
coarse_grid,5.999999999999999,0.3890520349020314,18355.964062493076,-1.8144569894018412,evaluated,,20363,
coarse_grid,5.999999999999999,0.445664930131534,18353.743628983226,-1.81395295300137,evaluated,,20359,
coarse_grid,5.999999999999999,0.5105158491181254,18179.741982328178,-1.7957589869806727,evaluated,,20311,
coarse_grid,5.999999999999999,0.5848035476425733,17936.874924832442,-1.715679836662611,evaluated,,19867,
coarse_grid,5.999999999999999,0.6,17713.63002866055,-1.6472688519272214,evaluated,,19813,
coarse_grid,5.999999999999999,0.669901218397251,16938.047995611294,-1.3925423368841676,evaluated,,19204,
coarse_grid,5.999999999999999,0.7673818741681168,14427.40791557441,-0.877710348904882,evaluated,,17571,
coarse_grid,5.999999999999999,0.8790474246496578,11809.428458808668,-0.5162362817926116,evaluated,,13386,
coarse_grid,5.999999999999999,1.0069619843716933,7218.209582940949,0.031646578761665656,evaluated,,6608,
coarse_grid,5.999999999999999,1.1,4888.833546832855,0.3626048236194152,evaluated,,4026,
coarse_grid,5.999999999999999,1.1534900274281497,4764.452280093421,0.38790669655823856,evaluated,,3300,
coarse_grid,5.999999999999999,1.3213400942900544,4513.142904164585,0.4171698739457566,evaluated,,1164,
coarse_grid,5.999999999999999,1.5136148586141145,4286.557970185196,0.45623701970752,evaluated,,301,
coarse_grid,5.999999999999999,1.6,4289.229709593714,0.45557698949851594,evaluated,,301,
coarse_grid,5.999999999999999,1.733868479521449,4275.707053407987,0.4581330339217442,evaluated,,223,
coarse_grid,5.999999999999999,1.9861722994914508,4279.590928470586,0.4575647535876281,positive_alpha_scaling_without_clipping,1.0,0,
coarse_grid,5.999999999999999,2.1,4279.938052705108,0.4575300761672274,positive_alpha_scaling_without_clipping,1.0,0,
coarse_grid,5.999999999999999,2.2751901022827012,4280.457723374861,0.45744965636322155,positive_alpha_scaling_without_clipping,1.0,0,
coarse_grid,5.999999999999999,2.6,4285.525906623555,0.4569176736104317,positive_alpha_scaling_without_clipping,1.0,0,
coarse_grid,5.999999999999999,2.6062643220080064,4278.958226631222,0.4576144794442664,positive_alpha_scaling_without_clipping,1.0,0,
coarse_grid,5.999999999999999,2.9855147969204046,4274.944389372485,0.458440442279749,positive_alpha_scaling_without_clipping,1.0,0,
coarse_grid,5.999999999999999,3.1,4278.774535507005,0.4579109253182358,positive_alpha_scaling_without_clipping,1.0,0,
coarse_grid,5.999999999999999,3.419951893353395,4282.758692683114,0.4572317625167204,positive_alpha_scaling_without_clipping,1.0,0,
coarse_grid,5.999999999999999,3.6,4277.474402823668,0.4577682016502607,positive_alpha_scaling_without_clipping,1.0,0,
coarse_grid,5.999999999999999,3.9176060908879475,4282.161417961543,0.4573231622657426,positive_alpha_scaling_without_clipping,1.0,0,
coarse_grid,5.999999999999999,4.1,4282.185771454333,0.4573167973607768,positive_alpha_scaling_without_clipping,1.0,0,
coarse_grid,5.999999999999999,4.487676424101213,4277.435490727287,0.4580878705239906,positive_alpha_scaling_without_clipping,1.0,0,
coarse_grid,5.999999999999999,4.6,4287.843653680927,0.456509171060621,positive_alpha_scaling_without_clipping,1.0,0,
coarse_grid,5.999999999999999,5.1,4297.745335920392,0.45449276672944605,positive_alpha_scaling_without_clipping,1.0,0,
coarse_grid,5.999999999999999,5.140700524811874,4287.39414264901,0.45620015218349846,positive_alpha_scaling_without_clipping,1.0,0,
coarse_grid,5.999999999999999,5.6,4288.724991363954,0.45597261686711876,positive_alpha_scaling_without_clipping,1.0,0,
coarse_grid,5.999999999999999,5.8887494080177145,4299.123853922742,0.4544513776523879,positive_alpha_scaling_without_clipping,1.0,0,
coarse_grid,5.999999999999999,6.1,4287.537600018765,0.4560465524026898,positive_alpha_scaling_without_clipping,1.0,0,
coarse_grid,5.999999999999999,6.6,4287.916938348158,0.45601677181947764,positive_alpha_scaling_without_clipping,1.0,0,
coarse_grid,5.999999999999999,6.745650602103109,4302.426509561897,0.4539520665435803,positive_alpha_scaling_without_clipping,1.0,0,
coarse_grid,5.999999999999999,7.1,4300.950714892008,0.4539189606883424,positive_alpha_scaling_without_clipping,1.0,0,
coarse_grid,5.999999999999999,7.6,4286.25857189354,0.45621491942158166,positive_alpha_scaling_without_clipping,1.0,0,
coarse_grid,5.999999999999999,7.727243747831959,4299.787285983605,0.4541504000343166,positive_alpha_scaling_without_clipping,1.0,0,
coarse_grid,5.999999999999999,8.1,4299.801074892428,0.45414769016419326,positive_alpha_scaling_without_clipping,1.0,0,
coarse_grid,5.999999999999999,8.6,4299.259766672279,0.45431657143170545,positive_alpha_scaling_without_clipping,1.0,0,
coarse_grid,5.999999999999999,8.851673390820459,4293.532102097522,0.45511149831132247,positive_alpha_scaling_without_clipping,1.0,0,
coarse_grid,5.999999999999999,9.1,4293.572040128031,0.4551080092290583,positive_alpha_scaling_without_clipping,1.0,0,
coarse_grid,5.999999999999999,9.6,4304.861052847962,0.4532916744321182,positive_alpha_scaling_without_clipping,1.0,0,
coarse_grid,5.999999999999999,10.1,4294.232119762975,0.45503041161004765,positive_alpha_scaling_without_clipping,1.0,0,
coarse_grid,5.999999999999999,10.13972437969778,4289.262024783105,0.4557959394835797,positive_alpha_scaling_without_clipping,1.0,0,
coarse_grid,5.999999999999999,10.6,4284.634654507313,0.4567439948988479,positive_alpha_scaling_without_clipping,1.0,0,
coarse_grid,5.999999999999999,11.1,4281.792907236628,0.45694020350159553,positive_alpha_scaling_without_clipping,1.0,0,
coarse_grid,5.999999999999999,11.6,4294.640515537248,0.4548578054074393,positive_alpha_scaling_without_clipping,1.0,0,
coarse_grid,5.999999999999999,11.615206069720077,4287.795748131754,0.45605211438309,positive_alpha_scaling_without_clipping,1.0,0,
coarse_grid,5.999999999999999,12.1,4293.236289560314,0.4550865517560321,positive_alpha_scaling_without_clipping,1.0,0,
coarse_grid,5.999999999999999,12.6,4277.343404050463,0.45737438750020293,positive_alpha_scaling_without_clipping,1.0,0,
coarse_grid,5.999999999999999,13.1,4294.712920047509,0.454712485092793,positive_alpha_scaling_without_clipping,1.0,0,
coarse_grid,5.999999999999999,13.305392433761932,4306.374727002012,0.4529449661196576,positive_alpha_scaling_without_clipping,1.0,0,
coarse_grid,5.999999999999999,13.6,4276.813916992732,0.4577043868814634,positive_alpha_scaling_without_clipping,1.0,0,
coarse_grid,5.999999999999999,14.1,4286.740516092647,0.45577441062624685,positive_alpha_scaling_without_clipping,1.0,0,
coarse_grid,5.999999999999999,14.6,4293.0745184611,0.45506022763195936,positive_alpha_scaling_without_clipping,1.0,0,
coarse_grid,5.999999999999999,15.1,4286.810987112211,0.45598275157187124,positive_alpha_scaling_without_clipping,1.0,0,
coarse_grid,5.999999999999999,15.241526216045477,4287.352449058663,0.45590787294234153,positive_alpha_scaling_without_clipping,1.0,0,
coarse_grid,5.999999999999999,15.6,4285.72180441715,0.456253935079778,positive_alpha_scaling_without_clipping,1.0,0,
coarse_grid,5.999999999999999,16.1,4286.411207160803,0.45605402032526926,positive_alpha_scaling_without_clipping,1.0,0,
coarse_grid,5.999999999999999,16.6,4284.710096390411,0.4561524587592249,positive_alpha_scaling_without_clipping,1.0,0,
coarse_grid,5.999999999999999,17.1,4283.567383467185,0.4561079046675835,positive_alpha_scaling_without_clipping,1.0,0,
coarse_grid,5.999999999999999,17.459396447784496,4290.960681925108,0.45511177853902024,positive_alpha_scaling_without_clipping,1.0,0,
coarse_grid,5.999999999999999,17.6,4286.302469235924,0.45605932396170196,positive_alpha_scaling_without_clipping,1.0,0,
coarse_grid,5.999999999999999,18.1,4282.428361431885,0.45651696318734075,positive_alpha_scaling_without_clipping,1.0,0,
coarse_grid,5.999999999999999,18.6,4282.42194654715,0.45627347538190205,positive_alpha_scaling_without_clipping,1.0,0,
coarse_grid,5.999999999999999,19.1,4288.953527673401,0.45540846182374023,positive_alpha_scaling_without_clipping,1.0,0,
coarse_grid,5.999999999999999,19.6,4284.5978181229975,0.456083438718714,positive_alpha_scaling_without_clipping,1.0,0,
coarse_grid,5.999999999999999,20.000000000000004,4282.938293371158,0.4562273829273476,positive_alpha_scaling_without_clipping,1.0,0,
local_refinement,2.724724071308417,0.9422079161475706,4282.2542653908195,0.45724975446787947,evaluated,,0,0.0
local_refinement,2.939196365086843,0.8206353506498881,4294.343251423538,0.45503811322469884,evaluated,,281,0.0
local_refinement,2.5936111842654617,0.6677738146534916,4273.267481212037,0.4580445511153777,evaluated,,301,0.0
local_refinement,2.5348501673009194,0.913015042681512,4281.808581828313,0.4572598174816814,evaluated,,0,0.0
local_refinement,2.8606690070459253,0.8584184271427739,4279.725948871773,0.4575417700302122,evaluated,,136,0.0
local_refinement,2.512350696577481,0.94883655739128,4280.327636853433,0.4575471230232293,evaluated,,0,0.0
local_refinement,2.999465584480253,0.6872308324546624,4361.499648972009,0.4441523195862689,evaluated,,752,0.0
local_refinement,2.6090949803242602,0.6772390827604893,4277.525864308623,0.4576558758833951,evaluated,,301,0.0
local_refinement,2.6825453457757225,0.7951153576289675,4280.896252152198,0.45743066612941446,evaluated,,163,0.0
local_refinement,2.7591670111852693,0.7144732828723876,4281.145726150181,0.45728539261967205,evaluated,,301,0.0
local_refinement,2.8671117368334276,0.6620757764344429,4323.013355849336,0.45169943720958544,evaluated,,632,0.0
local_refinement,2.675286789121131,0.740418246403173,4272.973880033055,0.45822814292659375,evaluated,,290,0.0
local_refinement,2.7736419905302214,0.8850439096969791,4280.107093365456,0.4578282173237134,evaluated,,43,0.0
local_refinement,2.619804269295016,0.7914818835347253,4278.527046366134,0.4577286174962305,evaluated,,118,0.0
local_refinement,2.8554487413172254,0.6299458414805229,4527.737229350064,0.41481615538336963,evaluated,,1164,0.0
local_refinement,2.864526911140863,0.6727912040662067,4308.874552010872,0.45357546278612926,evaluated,,537,0.0
local_refinement,2.5390309557911674,0.9415764022113109,4284.443651519793,0.4569986264643838,evaluated,,0,0.0
local_refinement,3.0793792198447356,0.8930627617660589,4282.1825018161535,0.45727598426402755,evaluated,,214,0.0
local_refinement,2.6827682615040223,0.6476338137895749,4275.662653224509,0.45800847045316323,evaluated,,375,0.0
local_refinement,2.9105398159072937,0.7658997698390428,4276.377488408454,0.45792814310651325,evaluated,,301,0.0
local_refinement,2.573222940906867,0.784900902731177,4276.452652736863,0.45784004663174155,evaluated,,115,0.0
local_refinement,2.520633112669131,0.927913696799428,4283.638698701844,0.45706690550332724,evaluated,,0,0.0
local_refinement,2.65526798896001,0.8426889158450587,4278.891920956295,0.4577985718037052,evaluated,,48,0.0
local_refinement,2.6870266456536465,0.7934963470883429,4280.211659161019,0.4575093457651853,evaluated,,172,0.0
local_refinement,2.8280261676059677,0.6777397806727711,4273.113166527707,0.45821651726625584,evaluated,,396,0.0
local_refinement,3.081750776658735,0.8815757947585275,4278.909045052303,0.45776681356559856,evaluated,,235,0.0
local_refinement,3.0636993649385134,0.9229089294871201,4278.293890950207,0.45760877862624233,evaluated,,125,0.0
local_refinement,2.858739987286651,0.9322488095331956,4275.96840938012,0.45796768318124464,evaluated,,0,0.0
local_refinement,2.5530955012311516,0.6815826626551096,4271.186105308227,0.4586563838685464,evaluated,,301,0.0
local_refinement,2.527136373346323,0.7262491688596747,4283.973824105668,0.4570007662267804,evaluated,,229,0.0
local_refinement,2.733206373813689,0.7076082471848537,4285.118234111896,0.4563755561393396,evaluated,,301,1.0
local_refinement,2.9972425054911573,0.7371002157387201,4271.881194545113,0.45847906771905517,evaluated,,317,1.0
local_refinement,2.6685607058124283,0.8013103111634462,4277.206138863549,0.4578165428830159,evaluated,,136,1.0
local_refinement,2.5845545349848575,0.8909216394788612,4278.726972545064,0.4575640921196091,evaluated,,0,1.0
local_refinement,2.5447303862078625,0.9546991154847349,4281.299392576401,0.45739615100179304,evaluated,,0,1.0
local_refinement,2.9633468615779943,0.682526364789523,4359.421116839487,0.4453339368111142,evaluated,,694,1.0
local_refinement,2.503313270274161,0.8955021430102594,4272.300743030558,0.4584934099426181,evaluated,,0,1.0
local_refinement,2.9241144063085702,0.8656475984364713,4275.194988824135,0.45806786311987385,evaluated,,163,1.0
local_refinement,2.962762208011567,0.6394747349634178,4620.656424393808,0.40111139668799795,evaluated,,1455,1.0
local_refinement,2.715079437126563,0.6539176165599144,4290.625641607289,0.4554718552183415,evaluated,,375,1.0
local_refinement,3.017862055525356,0.829143957463177,4273.768929730119,0.45799901219503486,evaluated,,294,1.0
local_refinement,2.6985388149115894,0.6358535860171786,4309.519136671454,0.4535602573404433,evaluated,,537,1.0
local_refinement,2.686589393029397,0.7261984035317881,4282.872851895933,0.45658837290749793,evaluated,,299,1.0
local_refinement,2.9377637070028384,0.8340680206007954,4277.403094997249,0.4577059250646823,evaluated,,258,1.0
local_refinement,3.032327645545796,0.7769716277609137,4274.13661013333,0.4581955637271203,evaluated,,301,1.0
local_refinement,2.571756547562981,0.8602045040364131,4279.472503940455,0.45759002727386183,evaluated,,0,1.0
local_refinement,2.9564710291701384,0.8077267758439123,4270.214441103456,0.4586451066570138,evaluated,,297,1.0
local_refinement,2.962580307972736,0.7844239049218246,4274.483615028227,0.45817635338619384,evaluated,,301,1.0
local_refinement,2.8136396976291964,0.7615447519127715,4273.5110501739555,0.45848839246160406,evaluated,,299,1.0
local_refinement,2.515251476046457,0.6511627657882509,4277.50894429093,0.4576299915701376,evaluated,,301,1.0
local_refinement,2.5188575114120404,0.8336719156955592,4283.574145437234,0.45700606294555796,evaluated,,0,1.0
local_refinement,2.688613588645796,0.7895260678943183,4279.849626369344,0.4575909637567009,evaluated,,182,1.0
local_refinement,3.0445398843556557,0.6999915514434085,4346.908929172709,0.44732478137619297,evaluated,,694,1.0
local_refinement,2.746229753821378,0.8748138112607521,4276.366091792736,0.4579160402545108,evaluated,,43,1.0
local_refinement,2.6372788992949734,0.6404883436994637,4270.670650203239,0.45852467903997357,evaluated,,357,1.0
local_refinement,2.6738508717482605,0.6695787314404418,4288.272180603749,0.45577976128299724,evaluated,,303,1.0
local_refinement,3.057818591405544,0.8929671184751099,4277.369002361638,0.4580979077601066,evaluated,,193,1.0
local_refinement,2.880042253906254,0.9148398767673502,4279.779220550864,0.4575498366374282,evaluated,,48,1.0
local_refinement,2.9822032461394685,0.6783322159877233,4393.303440370234,0.4383141482772606,evaluated,,818,1.0
local_refinement,3.0355353990939866,0.800152156523163,4275.761546767172,0.4578304652291454,evaluated,,301,1.0
local_refinement,3.384464093098437,0.9233453988569588,4286.546325837621,0.4561929179545978,evaluated,,297,2.0
local_refinement,3.0908020849831175,0.651908832779429,4662.679361887108,0.3978518064234598,evaluated,,1753,2.0
local_refinement,3.036761097525164,0.7613951482230108,4271.5730147576205,0.4588073764512626,evaluated,,301,2.0
local_refinement,3.3908088595534953,0.9111345709943746,4273.413158447854,0.45823507345642644,evaluated,,301,2.0
local_refinement,2.9041712783187137,0.7902776993597206,4275.158197755127,0.4578756984725348,evaluated,,297,2.0
local_refinement,3.1504466018892665,0.6906041778743761,4551.165330688673,0.4109980839725001,evaluated,,1256,2.0
local_refinement,2.971919220400209,0.7304913926751812,4274.45645196796,0.4582030983711311,evaluated,,317,2.0
local_refinement,3.4657458223475106,0.7255145316043163,4695.523151920515,0.39379451595976245,evaluated,,1957,2.0
local_refinement,3.211274373046019,0.8566733021482085,4285.097916539205,0.45622238217321226,evaluated,,301,2.0
local_refinement,3.118177761427576,0.9494830794991264,4278.387385805597,0.45772913870825377,evaluated,,115,2.0
local_refinement,3.477468376965266,0.700851425858262,4744.815835747145,0.39107112564022195,evaluated,,2629,2.0
local_refinement,3.1983491035354303,0.7178053519121711,4459.727951778171,0.42482406647238363,evaluated,,976,2.0
local_refinement,3.07090429662648,0.6266433679914614,4739.615577124908,0.3914295285596355,evaluated,,2446,2.0
local_refinement,3.2657386003879374,0.7874915462621562,4272.142018014485,0.4582231588749386,evaluated,,375,2.0
local_refinement,2.930887250749993,0.7101282100147879,4274.088003731078,0.4580305788942553,evaluated,,357,2.0
local_refinement,3.4449595315799915,0.6966314530221689,4743.195121212548,0.3909030875819964,evaluated,,2543,2.0
local_refinement,2.986936923254733,0.7829242287588428,4270.977906297091,0.45864784740512493,evaluated,,301,2.0
local_refinement,3.4913902724663597,0.6974924718916389,4745.915100143665,0.3912500252980446,evaluated,,2721,2.0
local_refinement,3.3032813284435263,0.8769093888508617,4274.189556376906,0.4584554030625694,evaluated,,301,2.0
local_refinement,3.042582526395439,0.8653745112134276,4284.032501547859,0.45692808868193596,evaluated,,258,2.0
local_refinement,3.120669879631551,0.8322545143322413,4272.69836811141,0.45844716900178195,evaluated,,301,2.0
local_refinement,3.2801178264565363,0.7989202008731968,4279.159731901261,0.45752822273583077,evaluated,,341,2.0
local_refinement,2.9541738620326443,0.902353696887652,4278.040044072214,0.4576999188995936,evaluated,,115,2.0
local_refinement,3.092468038983041,0.6783144151694519,4546.390653964908,0.4118747973993357,evaluated,,1256,2.0
local_refinement,2.9244650849328577,0.8179537397139217,4273.525459002639,0.45845016253024634,evaluated,,272,2.0
local_refinement,3.306538617105369,0.6196336389974607,4832.206254030219,0.3724282786257736,evaluated,,3799,2.0
local_refinement,3.207255834979568,0.6921194379426427,4630.302911903508,0.40015736025277465,evaluated,,1455,2.0
local_refinement,3.287103674245669,0.6741180360213269,4738.829639374952,0.39063321709081666,evaluated,,2337,2.0
local_refinement,3.3145626428614787,0.7474536620175164,4439.182729705021,0.42879393156399903,evaluated,,934,2.0
local_refinement,3.46203799324204,0.661394485269748,4778.134214804517,0.38416456790303793,evaluated,,3468,2.0
local_refinement,1.1046398106301552,0.2890471390748998,4278.535308022468,0.4575274498806266,evaluated,,301,3.0
local_refinement,1.4548161709671377,0.4057916634709165,4274.629298000783,0.4583213802565784,evaluated,,281,3.0
local_refinement,1.0547649766290934,0.3725724240266672,4276.086064682864,0.4581601478816412,evaluated,,0,3.0
local_refinement,1.3903333201207295,0.3565580032291298,4272.329388166021,0.4585770227792388,evaluated,,301,3.0
local_refinement,1.2177903470136038,0.30866775538717894,4273.636915368195,0.4580896475799811,evaluated,,301,3.0
local_refinement,1.0,0.4088294500832582,4276.483805340459,0.4581718679867602,evaluated,,0,3.0
local_refinement,1.4402508342979983,0.3684638556009368,4275.445955646657,0.4579803756366321,evaluated,,301,3.0
local_refinement,1.1034178746292205,0.3250755779393553,4275.147562124871,0.45790764808639633,evaluated,,172,3.0
local_refinement,1.3355734073221437,0.4088133264220024,4280.283736444634,0.45747787966744574,evaluated,,112,3.0
local_refinement,1.4322518545590703,0.39089589856511303,4271.083369122291,0.4585814049942673,evaluated,,297,3.0
local_refinement,1.2852189876925726,0.28456397995370486,4494.162847855464,0.42026125282041166,evaluated,,1067,3.0
local_refinement,1.0,0.40903400752541,4277.25439651886,0.45808253415997213,evaluated,,0,3.0
local_refinement,1.263857435795754,0.2731101690734619,4624.741368814037,0.4007466074070624,evaluated,,1455,3.0
local_refinement,1.0,0.37311005104169664,4281.574590285079,0.457267567449849,evaluated,,0,3.0
local_refinement,1.0,0.29628145560078495,4280.825024775274,0.4573760336979853,evaluated,,163,3.0
local_refinement,1.2292402736199517,0.37744952687189265,4278.8817005791725,0.45755893931965125,evaluated,,109,3.0
local_refinement,1.2911767557015603,0.30598048136693334,4292.0177602407575,0.4557381573567245,evaluated,,458,3.0
local_refinement,1.3273075328085215,0.3079642302791746,4317.500960587294,0.4525275124035826,evaluated,,596,3.0
local_refinement,1.0952398188955605,0.3857936731885786,4280.90494347725,0.4575477388230869,evaluated,,0,3.0
local_refinement,1.2897797394283288,0.4014945968367565,4271.208420165251,0.45861714906500767,evaluated,,89,3.0
local_refinement,1.2945677353802059,0.35856131696266147,4278.3023570488085,0.4579040628842829,evaluated,,287,3.0
local_refinement,1.0,0.32790395531595384,4278.797988504711,0.457655740232423,evaluated,,0,3.0
local_refinement,1.0591214206090351,0.30899441510683856,4279.941345530429,0.4574993854142118,evaluated,,204,3.0
local_refinement,1.4838063328514672,0.33178317106514027,4461.827990092947,0.4245456894444666,evaluated,,976,3.0
local_refinement,1.4352279331062678,0.3681638686213586,4275.79610936029,0.45782690752618826,evaluated,,301,3.0
local_refinement,1.376886782124989,0.3485244899367433,4274.6607978185275,0.4579627004035109,evaluated,,301,3.0
local_refinement,1.2461423307758155,0.34697790360292935,4278.938646156578,0.45767832742328857,evaluated,,281,3.0
local_refinement,1.0171457926788268,0.3821196569634342,4278.682972933629,0.4576086839553681,evaluated,,0,3.0
local_refinement,1.0684634174645133,0.27542085040672015,4278.879221161426,0.45755859504497814,evaluated,,301,3.0
local_refinement,1.2872833775443007,0.2987730483268429,4319.393073663555,0.4523792260566967,evaluated,,596,3.0
local_refinement,5.664275150611747,1.6242809095792028,4276.022751093306,0.4582978167226073,evaluated,,235,4.0
local_refinement,5.648918634132268,1.2771695647860595,4425.611843466858,0.43166025762663224,evaluated,,880,4.0
local_refinement,5.109273969917319,1.6090531170914362,4277.7070510328695,0.45804483816702896,evaluated,,57,4.0
local_refinement,5.356910488990387,1.6318479718155376,4277.299536473724,0.45783118215335294,evaluated,,115,4.0
local_refinement,5.678171986253551,1.564274092874941,4276.724879625403,0.4578762958047216,evaluated,,294,4.0
local_refinement,5.27666933524175,1.2860523564918327,4275.892885563201,0.4579847086637865,evaluated,,341,4.0
local_refinement,5.610682002910113,1.2455148639111486,4471.306583305353,0.42291034801606725,evaluated,,1019,4.0
local_refinement,5.201695648011654,1.3881478001189353,4276.1321830964,0.4578524961184824,evaluated,,301,4.0
local_refinement,5.661692864496467,1.470933510157282,4270.710867716444,0.4588691277942369,evaluated,,301,4.0
local_refinement,5.442036702053618,1.1148535142808735,4750.81197838489,0.38875998887855606,evaluated,,2337,4.0
local_refinement,5.4690043360195,1.645761106874093,4278.655155584239,0.4579262460267275,evaluated,,125,4.0
local_refinement,5.184050409141913,1.3652724637094773,4276.290103820677,0.45794381931898637,evaluated,,301,4.0
local_refinement,5.626423843156772,1.497535349285748,4281.306811054043,0.4572656722200364,evaluated,,301,4.0
local_refinement,5.51820944459716,1.4747712490297988,4272.661273921137,0.4585075604274163,evaluated,,301,4.0
local_refinement,5.315694690731852,1.2316426792645,4323.420261927412,0.4515336857932056,evaluated,,632,4.0
local_refinement,5.585616693287107,1.5387679646220047,4286.372417303578,0.45622672366082195,evaluated,,294,4.0
local_refinement,5.620243391148061,1.6000876864530544,4290.277766625112,0.4554889929952455,evaluated,,247,4.0
local_refinement,5.406805439316561,1.355275190081536,4275.687172750405,0.4581018475284632,evaluated,,303,4.0
local_refinement,5.578977107380064,1.4435426061426055,4271.900708058445,0.45854696223683383,evaluated,,301,4.0
local_refinement,5.52118012635462,1.530252817822658,4285.347266704693,0.45639420802725034,evaluated,,287,4.0
local_refinement,5.634003205090538,1.258045024022749,4464.247223767987,0.4243886764890507,evaluated,,976,4.0
local_refinement,5.325349771583965,1.1129540227949468,4693.415672537208,0.3941310862626013,evaluated,,1957,4.0
local_refinement,5.446968084597703,1.0784434607834572,4756.121982150994,0.3914570870789622,evaluated,,2894,4.0
local_refinement,5.3793588108794745,1.379730226187769,4280.220190297457,0.4572727581738989,evaluated,,301,4.0
local_refinement,5.271924751276969,1.4083833297355242,4281.982099408287,0.45684957867060333,evaluated,,301,4.0
local_refinement,5.118300149963428,1.0792794220915958,4666.33021997369,0.3975523756194814,evaluated,,1753,4.0
local_refinement,5.593560336395793,1.2712425266701826,4387.77466383153,0.4391956956035216,evaluated,,818,4.0
local_refinement,5.17623630759113,1.3675995067494657,4270.151695230706,0.4583864736533469,evaluated,,301,4.0
local_refinement,5.561996131859165,1.1853999150021484,4644.015142147272,0.40015939125779787,evaluated,,1663,4.0
local_refinement,5.473734285491399,1.1078199377810707,4743.517319093565,0.39076956840828564,evaluated,,2543,4.0
local_refinement,2.7310090327011642,0.797393860193797,4280.065266352362,0.45742490476684194,evaluated,,193,5.0
local_refinement,3.0243810729660634,0.8340239679426148,4269.258368615948,0.45879710908476906,evaluated,,290,5.0
local_refinement,3.1356548002335964,0.9508885382764596,4278.801556468476,0.4575576173981868,evaluated,,115,5.0
local_refinement,3.009780208980717,0.7254294239006636,4275.234251530087,0.45785620481410777,evaluated,,375,5.0
local_refinement,3.177111716861222,0.7074297915858908,4475.245355130582,0.4224977809936819,evaluated,,1019,5.0
local_refinement,2.9633828524233814,0.6409982015641879,4618.240453757101,0.4014119614982547,evaluated,,1455,5.0
local_refinement,2.715210446049274,0.9463290244137241,4281.977957828277,0.45740312422426405,evaluated,,0,5.0
local_refinement,3.201588072307323,0.8542405951246755,4274.987902677202,0.4580676292670292,evaluated,,301,5.0
local_refinement,2.9453717666485613,0.6737478133878883,4362.5911475359035,0.44389882461600877,evaluated,,752,5.0
local_refinement,2.793862225602651,0.7003198382203571,4277.897504517502,0.45773799224724326,evaluated,,303,5.0
local_refinement,3.029535998823672,0.8606710806300042,4277.041035391286,0.4577447136876189,evaluated,,258,5.0
local_refinement,3.0961184260306385,0.7105727886511963,4343.480276800426,0.4479409914725096,evaluated,,694,5.0
local_refinement,3.272919168397916,0.8687174228290865,4271.2216847227455,0.45859130690850775,evaluated,,301,5.0
local_refinement,3.03261243150684,0.8251460350552696,4272.336555415761,0.45818910717983247,evaluated,,297,5.0
local_refinement,2.9517600374566735,0.6994524212903075,4296.760665352777,0.4555061484096945,evaluated,,495,5.0
local_refinement,2.9135836071907564,0.8756063151951179,4279.767030189742,0.4574362410148262,evaluated,,136,5.0
local_refinement,2.7086360931778533,0.6539879175198212,4280.915061753931,0.45735326245430735,evaluated,,375,5.0
local_refinement,2.7276015852130513,0.6279700444297627,4346.87127349673,0.44739642864019097,evaluated,,694,5.0
local_refinement,3.2132763504066038,0.8568939284413689,4278.472795541903,0.45760963482219474,evaluated,,301,5.0
local_refinement,2.9845042974523945,0.647689772035607,4579.401501915412,0.40677116937210545,evaluated,,1357,5.0
local_refinement,2.9949695250700987,0.7774056440067728,4272.878982926174,0.45848509736056037,evaluated,,301,5.0
local_refinement,2.8039211219460087,0.7637239506009172,4291.20677598222,0.4555386240529729,evaluated,,297,5.0
local_refinement,2.9391028406384234,0.8265719904369612,4275.832601735096,0.45789337434876054,evaluated,,266,5.0
local_refinement,3.0810561905205858,0.6295499635012844,4738.604778782074,0.3916103269218641,evaluated,,2446,5.0
local_refinement,2.9247675687758825,0.8300285991238641,4278.520630790234,0.4575763727550395,evaluated,,258,5.0
local_refinement,3.001881755148052,0.9096701501261648,4283.53421504005,0.4571722802121034,evaluated,,118,5.0
local_refinement,3.0952161789713664,0.6701703160436085,4623.478190409564,0.40075831238259596,evaluated,,1455,5.0
local_refinement,2.7423412484402574,0.8357469087047544,4279.5706841433785,0.45778103059563585,evaluated,,115,5.0
local_refinement,2.7159067863249726,0.8161866028642901,4277.2281556899425,0.45782760949867063,evaluated,,136,5.0
local_refinement,3.264138144854974,0.8126293032536801,4270.855100454097,0.45843589007944824,evaluated,,308,5.0
local_refinement,2.5329019557239127,0.8360469727488462,4274.619415120608,0.4583619886697221,evaluated,,0,6.0
local_refinement,2.5749517342949098,0.8023188947977772,4280.454460526271,0.4574192467820546,evaluated,,89,6.0
local_refinement,2.864878885265915,0.7472351739520587,4271.799335406619,0.45872122330067483,evaluated,,301,6.0
local_refinement,2.8767143382943483,0.9265428519160916,4280.215366372507,0.4573844389765879,evaluated,,13,6.0
local_refinement,2.4174746808735774,0.6378574716116389,4276.492033932155,0.4576887956826279,evaluated,,301,6.0
local_refinement,2.3604668008264555,0.6201978937581564,4276.298987337828,0.4580129830283848,evaluated,,301,6.0
local_refinement,2.3566657764535566,0.8497626573686864,4281.334747548877,0.4572799004959538,evaluated,,0,6.0
local_refinement,2.3427131890761372,0.7240547519794457,4277.559221225784,0.45800847309651616,evaluated,,105,6.0
local_refinement,2.8069251865816724,0.6219418070817085,4494.101670123623,0.42030215832624734,evaluated,,1067,6.0
local_refinement,2.788681089553361,0.7112361097234733,4287.91910917859,0.45573302921647785,evaluated,,301,6.0
local_refinement,2.3708988965729936,0.8545040616263688,4276.642635551483,0.4581640207148831,evaluated,,0,6.0
local_refinement,2.67736570806793,0.9169157525562008,4284.057659750644,0.4569558468175627,evaluated,,0,6.0
local_refinement,2.741042626282331,0.8913650153321738,4280.41776239244,0.45758249319942007,evaluated,,2,6.0
local_refinement,2.4692207435427838,0.6751792496802421,4278.768897517827,0.4575502615710594,evaluated,,297,6.0
local_refinement,2.750368850984515,0.8925231587977789,4281.103044560542,0.45735077709080074,evaluated,,2,6.0
local_refinement,2.8943030852004035,0.7563913961349267,4285.750902634794,0.455964942045249,evaluated,,301,6.0
local_refinement,2.5232108514756697,0.882017854158668,4284.360379648035,0.45701019195699094,evaluated,,0,6.0
local_refinement,2.5044821241518105,0.9353163347473088,4282.717980424287,0.4572640789918096,evaluated,,0,6.0
local_refinement,2.815047651105807,0.76204650766478,4279.145850960175,0.4571813500365933,evaluated,,299,6.0
local_refinement,2.750522640674898,0.8744656355193788,4278.56667286764,0.457718255184544,evaluated,,48,6.0
local_refinement,2.3618743213015594,0.9255767328131346,4279.190017965512,0.45795956516974295,evaluated,,0,6.0
local_refinement,2.603151423468714,0.8992993150023896,4286.224311083992,0.456786453002933,evaluated,,0,6.0
local_refinement,2.4920297606183666,0.923149231384517,4276.601641125977,0.4578919180486161,evaluated,,0,6.0
local_refinement,2.5335210072404974,0.617647977121533,4273.413972112297,0.45808376389902034,evaluated,,341,6.0
local_refinement,2.8432291858515577,0.6454287828379185,4402.505706150437,0.43675558306666834,evaluated,,818,6.0
local_refinement,2.4915881825542487,0.9419826491175758,4281.146618692464,0.45730488215945214,evaluated,,0,6.0
local_refinement,2.8703642881625333,0.8119261279226678,4291.896607687177,0.4553698161306861,evaluated,,263,6.0
local_refinement,2.6791023273018792,0.7687635336376035,4273.815477248095,0.4585588476062721,evaluated,,235,6.0
local_refinement,2.4759264630188382,0.7274005459938536,4277.335246587156,0.4580666102424256,evaluated,,182,6.0
local_refinement,2.7035110736462227,0.8737168587488023,4278.694603393166,0.45764630943630413,evaluated,,13,6.0
local_refinement,2.7749474262355087,0.3089138098383934,16938.067519229302,-1.3925440109827125,evaluated,,19204,7.0
local_refinement,2.354723661829214,0.27339506179865986,16112.770817840059,-1.2146232418604324,evaluated,,18794,7.0
local_refinement,2.3345352560099863,0.2800258274438473,15439.26803162163,-1.06448941384042,evaluated,,18424,7.0
local_refinement,2.5649183008240257,0.3207157029762492,15011.275952275297,-0.9976029149807685,evaluated,,18027,7.0
local_refinement,2.510549007531247,0.22799121854955073,17893.930199525297,-1.7584100380017487,evaluated,,20228,7.0
local_refinement,2.385795009231701,0.3055318622928973,14427.445875806714,-0.8777136114841806,evaluated,,17571,7.0
local_refinement,2.670930837989756,0.22607276613266664,18182.210505049403,-1.796244114270821,evaluated,,20311,7.0
local_refinement,2.350464083668998,0.29824739738108486,14697.164087567953,-0.9343347405951423,evaluated,,17784,7.0
local_refinement,2.3436578038185156,0.31279321666513216,14021.508402383033,-0.8272220076313191,evaluated,,16821,7.0
local_refinement,2.7237453362938973,0.22369353457768842,18234.58890910586,-1.8028796872381667,evaluated,,20338,7.0
local_refinement,2.3509026284511148,0.3326197921671317,12851.018341159002,-0.6520079701266882,evaluated,,15234,7.0
local_refinement,2.5245624774536717,0.25850184570229146,17467.745875509194,-1.5992442248410184,evaluated,,19801,7.0
local_refinement,2.787679740354501,0.32788019430028376,15739.379824932039,-1.1294686710274284,evaluated,,18564,7.0
local_refinement,2.8916006382937223,0.3045533513438531,17506.760404604294,-1.5633311739000115,evaluated,,19678,7.0
local_refinement,2.525755751318549,0.2239524594908654,17978.6422552805,-1.7749027105697006,evaluated,,20234,7.0
local_refinement,2.7662881495564617,0.28109372801150373,17675.704586946762,-1.6390616883011153,evaluated,,19810,7.0
local_refinement,2.5545332055481853,0.32295972970069814,14697.163802153906,-0.9343347161216436,evaluated,,17784,7.0
local_refinement,2.3667184893836906,0.27317905997589265,16465.987442313446,-1.2966023835929212,evaluated,,19026,7.0
local_refinement,2.306812186860451,0.27029561169684346,15739.399348550045,-1.1294703451259733,evaluated,,18564,7.0
local_refinement,2.333781965409102,0.22820189004592178,17936.874924832442,-1.715679836662611,evaluated,,19867,7.0
local_refinement,2.3705157480662624,0.2920196796235625,15362.789716575799,-1.0560524803614413,evaluated,,18358,7.0
local_refinement,2.7476269275592538,0.28409750451876165,17378.790696276512,-1.5801608447632125,evaluated,,19781,7.0
local_refinement,2.877303529084725,0.25901061849008467,17970.888029102043,-1.7735838170760447,evaluated,,20231,7.0
local_refinement,2.471427251769116,0.31841694759273403,14301.854348500745,-0.8532925811398768,evaluated,,17462,7.0
local_refinement,2.4341575031116713,0.32980221086096495,13660.853259176269,-0.7687361688773375,evaluated,,16367,7.0
local_refinement,2.3072926848138895,0.3306031076149716,12523.490609311637,-0.6136826606887164,evaluated,,14464,7.0
local_refinement,2.3258959471703453,0.32112948148616405,13036.77570381508,-0.6645361611624848,evaluated,,15651,7.0
local_refinement,2.6166206654517796,0.3333808540106966,14427.469707547081,-0.8777156474029114,evaluated,,17571,7.0
local_refinement,2.344277938841239,0.28054626779516323,15439.248508003626,-1.0644877397418753,evaluated,,18424,7.0
local_refinement,2.881581521371459,0.27684559621087557,17807.680178900595,-1.7140813181821535,evaluated,,19953,7.0
local_refinement,2.677639182881157,1.410706174162394,4288.378418572186,0.45612755557245216,evaluated,,0,8.0
local_refinement,2.5727246388606635,1.3718155803933219,4296.213638645024,0.454874236039651,evaluated,,0,8.0
local_refinement,2.6505885871538597,1.5278555970504502,4280.137539877375,0.45779290810737333,evaluated,,0,8.0
local_refinement,2.3272678282048744,1.1741449435434372,4288.728012452632,0.4560680088780818,evaluated,,0,8.0
local_refinement,2.870246890445935,1.5216423816537445,4276.084271807237,0.45824844326526115,evaluated,,0,8.0
local_refinement,2.5733940516714275,1.367580665649998,4280.375114293117,0.45732558068596907,evaluated,,0,8.0
local_refinement,2.4664287097886795,1.1211951059261147,4281.838138346346,0.45729451018108563,evaluated,,0,8.0
local_refinement,2.578219042963989,1.2154299933832058,4278.534464422933,0.4577639403554656,evaluated,,0,8.0
local_refinement,2.650193667110523,1.0582392607825009,4278.535942994013,0.45774413645770257,evaluated,,0,8.0
local_refinement,2.8846368845996997,1.5763630290829753,4275.94664172004,0.45790525814090044,evaluated,,0,8.0
local_refinement,2.7188970284118468,1.3196529672148616,4284.139974477276,0.4570576597585185,evaluated,,0,8.0
local_refinement,2.4857165697717964,1.4780305751036862,4278.593913259483,0.4579250617439144,evaluated,,0,8.0
local_refinement,2.7108387035323274,1.1066494919457788,4292.765937163942,0.4553012094111753,evaluated,,0,8.0
local_refinement,2.846556310696305,1.4830164559635624,4286.8392242223135,0.4561229164465384,evaluated,,0,8.0
local_refinement,2.869879947975154,1.4277991871322153,4277.033861183206,0.458254556479581,evaluated,,0,8.0
local_refinement,2.6680491175614733,1.2524386387707893,4280.707383034053,0.45744012855105814,evaluated,,0,8.0
local_refinement,2.8596370900124075,1.507840653275454,4279.590564293318,0.4575656708622908,evaluated,,0,8.0
local_refinement,2.3271312020637134,1.0289431608340052,4281.879895384215,0.45730841007703216,evaluated,,0,8.0
local_refinement,2.5258780201268296,1.4761817691002634,4279.933553071537,0.45754846918299114,evaluated,,0,8.0
local_refinement,2.892365677588966,1.0996915379434926,4297.288622163454,0.45493953051513286,evaluated,,0,8.0
local_refinement,2.6564784292112806,1.2311358748132293,4278.565540993529,0.45776070021710047,evaluated,,0,8.0
local_refinement,2.8819486386887614,1.4941843159187702,4274.474545654559,0.4583686236767077,evaluated,,0,8.0
local_refinement,2.8029972228266824,1.2812114462063204,4278.782013482372,0.45767506239060546,evaluated,,0,8.0
local_refinement,2.548891701402599,1.1698355245899534,4278.309046368986,0.45787510858025887,evaluated,,0,8.0
local_refinement,2.333825297990556,1.5070755589684501,4277.969416700399,0.45799814396632693,evaluated,,0,8.0
local_refinement,2.7877406054780463,1.584066325618258,4278.457441785083,0.45789310656881516,evaluated,,0,8.0
local_refinement,2.897982102244343,1.3306803335430668,4281.430239152959,0.4573157787369427,evaluated,,0,8.0
local_refinement,2.761392449108306,1.5527260319591838,4282.379587404701,0.45757615866798185,evaluated,,0,8.0
local_refinement,2.8097884344064465,1.1549735246761426,4280.710499922155,0.45736255672750153,evaluated,,0,8.0
local_refinement,2.570326481186056,1.0875679350730154,4279.674600970008,0.45752892789983135,evaluated,,0,8.0
local_refinement,3.2724306163552335,0.2868415487591856,17988.72484614676,-1.7764382258927078,evaluated,,20245,9.0
local_refinement,2.8371856833020774,0.2947257638788935,17378.790696276512,-1.5801608447632125,evaluated,,19781,9.0
local_refinement,3.0708769442747377,0.25700029779663885,18211.278722764946,-1.7990830298447424,evaluated,,20332,9.0
local_refinement,2.7681345553197776,0.2947104241898967,17297.608162528177,-1.5025431688346391,evaluated,,19510,9.0
local_refinement,3.0121846205422758,0.3068322719010449,17675.704586946762,-1.6390616883011153,evaluated,,19810,9.0
local_refinement,3.012098100667196,0.3164415483434494,17506.760404604294,-1.5633311739000115,evaluated,,19678,9.0
local_refinement,3.0311441032646913,0.2813985900890304,17883.54888088382,-1.7569610500368553,evaluated,,20217,9.0
local_refinement,3.225992161595007,0.26245330156766083,18238.618848899387,-1.8032528357642708,evaluated,,20340,9.0
local_refinement,2.7804091370703845,0.2173686840057991,18240.735313928544,-1.8034488190397315,evaluated,,20342,9.0
local_refinement,3.153082353404171,0.28854228801686627,17893.930199525297,-1.7584100380017487,evaluated,,20228,9.0
local_refinement,3.122447860859534,0.23952973982019574,18332.14589481645,-1.8119296317710838,evaluated,,20347,9.0
local_refinement,2.781822885352062,0.21565554031893552,18240.735313928544,-1.8034488190397315,evaluated,,20342,9.0
local_refinement,2.910352535283958,0.2848854828567438,17936.874924832442,-1.715679836662611,evaluated,,19867,9.0
local_refinement,2.9353464270598395,0.26654328838300834,17893.930199525297,-1.7584100380017487,evaluated,,20228,9.0
local_refinement,3.242495216696249,0.2558082390923857,18238.71118685215,-1.803261391051958,evaluated,,20341,9.0
local_refinement,3.0083936934958864,0.30819607439439145,17467.745875509194,-1.5992442248410184,evaluated,,19801,9.0
local_refinement,2.937925669392762,0.2887561178453881,17914.32965434368,-1.687133737459553,evaluated,,19827,9.0
local_refinement,3.217418225248047,0.32815357109618015,17467.745875509194,-1.5992442248410184,evaluated,,19801,9.0
local_refinement,2.788244088557423,0.32539423044299254,16112.770817840057,-1.2146232418604324,evaluated,,18794,9.0
local_refinement,2.995269775847723,0.24497794017604188,18238.618848899387,-1.8032528357642708,evaluated,,20340,9.0
local_refinement,2.975481453742957,0.33182482536103003,16938.09221485552,-1.3925461285672656,evaluated,,19204,9.0
local_refinement,2.9955708563957217,0.25346149909700055,18182.435254848515,-1.7962882833036058,evaluated,,20311,9.0
local_refinement,3.0800405125900356,0.24280026286447234,18238.71118685215,-1.803261391051958,evaluated,,20341,9.0
local_refinement,2.7455179968651984,0.22941254504852424,18211.278722764946,-1.7990830298447424,evaluated,,20332,9.0
local_refinement,2.7768275033746637,0.23218271143161945,18211.278722764946,-1.7990830298447424,evaluated,,20332,9.0
local_refinement,2.783296303589646,0.2910167300021171,17506.760404604294,-1.5633311739000122,evaluated,,19678,9.0
local_refinement,2.8091280506394867,0.25549682405867463,17893.930199525297,-1.7584100380017487,evaluated,,20228,9.0
local_refinement,3.238073045943607,0.2709334375802701,18211.278722764946,-1.7990830298447424,evaluated,,20332,9.0
local_refinement,3.100534643112616,0.23463934388772856,18352.37298140694,-1.8138051921129155,evaluated,,20357,9.0
local_refinement,2.8153734112852025,0.21882288657988835,18240.735313928544,-1.8034488190397315,evaluated,,20342,9.0
local_refinement,2.8013610378432987,1.172791655037848,4277.312242691559,0.45785645754381865,evaluated,,0,10.0
local_refinement,2.806206290566048,1.0644944918989085,4278.482807584157,0.4577754139050463,evaluated,,0,10.0
local_refinement,2.7723815226603605,1.27669769570728,4279.14489004841,0.4576890144870586,evaluated,,0,10.0
local_refinement,2.8238002310434753,1.2216565579736247,4281.74484049949,0.45721427150838334,evaluated,,0,10.0
local_refinement,3.002050362512914,1.4076527506554108,4291.960884290437,0.455701729822181,evaluated,,0,10.0
local_refinement,2.7235872839046595,1.4698267116539645,4279.414345278558,0.45788242325508505,evaluated,,0,10.0
local_refinement,3.0767402336945446,1.060534461148183,4280.373107498931,0.4576563576389714,evaluated,,0,10.0
local_refinement,3.224147174464066,1.5390991443195594,4280.686980766389,0.4574820427623547,evaluated,,0,10.0
local_refinement,2.7366467759129183,1.1718148700153221,4281.955061601358,0.45729928414043525,evaluated,,0,10.0
local_refinement,3.183720767875837,1.4406543452777967,4275.948357759552,0.45823678719730226,evaluated,,0,10.0
local_refinement,2.8107126116138264,1.1333019913293316,4280.459086226064,0.45756273764686456,evaluated,,0,10.0
local_refinement,2.922283261674829,1.2902395414065109,4291.155765351458,0.4555048037751493,evaluated,,0,10.0
local_refinement,3.0709528629181775,1.224305006300347,4276.571046499113,0.457930350442868,evaluated,,0,10.0
local_refinement,2.9775208296798885,1.4402045026406658,4282.7118939826105,0.4569250260895743,evaluated,,0,10.0
local_refinement,2.722009921734359,1.1578758027688925,4282.074572844546,0.45738432096160847,evaluated,,0,10.0
local_refinement,3.1280097515307315,1.5244615132067456,4291.639216942965,0.4554592249483839,evaluated,,0,10.0
local_refinement,3.0070064652693995,1.3173814431360515,4278.065715191901,0.4577601905297118,evaluated,,0,10.0
local_refinement,2.7643032068038655,1.2690745451303098,4280.709585372874,0.4575064592495604,evaluated,,0,10.0
local_refinement,3.019570359873014,1.1521917239316755,4280.111047351751,0.45747920500523137,evaluated,,0,10.0
local_refinement,2.8615459385696287,1.2290788987127623,4281.496884891497,0.45740584394461353,evaluated,,0,10.0
local_refinement,2.712042718666636,1.197594282762784,4275.491507740697,0.4580773062262278,evaluated,,0,10.0
local_refinement,2.8268688041979266,1.200684392929247,4280.487380103298,0.4574858874334864,evaluated,,0,10.0
local_refinement,2.7718572790915506,1.5217926596623776,4282.167091282285,0.4572814605790456,evaluated,,0,10.0
local_refinement,3.056155472132429,1.4012123858296595,4285.239233678581,0.45663983298287175,evaluated,,0,10.0
local_refinement,3.173502743164403,1.2981779730439273,4281.74600625884,0.4574631866610271,evaluated,,0,10.0
local_refinement,2.7521521728524543,1.3202290923535696,4281.207704835978,0.4573482462040728,evaluated,,0,10.0
local_refinement,3.0521046708125272,1.4390459143762777,4278.537759360216,0.4579642528567021,evaluated,,0,10.0
local_refinement,2.9589957277378076,1.0866673328032834,4279.736207292761,0.4576341802845949,evaluated,,0,10.0
local_refinement,2.870265543479235,1.220979263913628,4278.384711660728,0.4578532402139029,evaluated,,0,10.0
local_refinement,3.0875503447989607,1.3394328342120974,4280.852263270809,0.4575367407937072,evaluated,,0,10.0
